Label,# Samples,Average,Median,90% Line,95% Line,99% Line,Min,Max,Error %,Throughput,Received KB/sec,Sent KB/sec
GET /items?categoryId=1,557,20,14,29,52,101,5,563,0.000%,.17056,2.06,0.03
GET /items/{id},396521,8,3,17,26,100,0,483,0.327%,117.65231,49.82,15.70
GET /items?categoryId=2,548,15,13,25,27,38,5,99,0.000%,.16795,2.16,0.03
GET /items?categoryId=3,539,15,13,22,24,72,5,191,0.000%,.16526,2.18,0.03
GET /items?categoryId=4,537,19,12,27,40,194,5,211,0.000%,.16469,1.95,0.03
GET /items?categoryId=5,445,14,13,23,28,38,5,44,0.000%,.13651,1.65,0.02
GET /items?categoryId=6,514,26,13,38,165,199,6,204,0.000%,.15770,1.87,0.02
GET /items?categoryId=7,453,16,12,27,39,81,6,162,0.000%,.13901,1.86,0.02
GET /items?categoryId=8,541,17,12,29,36,109,5,142,0.000%,.16604,2.15,0.03
GET /items?categoryId=9,479,13,11,23,27,37,5,154,0.000%,.14703,1.65,0.02
GET /items?categoryId=10,612,16,12,29,37,47,5,168,0.000%,.18788,2.44,0.03
GET /items?categoryId=11,613,15,12,24,28,36,5,209,0.000%,.18821,2.50,0.03
GET /items?categoryId=12,454,16,12,28,33,51,5,177,0.000%,.13942,1.82,0.02
GET /items?categoryId=13,461,14,12,25,32,52,5,73,0.000%,.14158,1.77,0.02
GET /items?categoryId=14,570,18,13,23,30,190,5,285,0.000%,.17507,2.20,0.03
GET /items?categoryId=15,559,21,13,29,42,281,5,295,0.000%,.17171,2.27,0.03
GET /items?categoryId=16,425,15,12,28,31,42,5,52,0.000%,.13056,1.75,0.02
GET /items?categoryId=17,413,14,11,24,28,40,5,51,0.000%,.12689,1.58,0.02
GET /items?categoryId=18,458,14,12,26,31,37,5,90,0.000%,.14072,1.70,0.02
GET /items?categoryId=19,574,17,13,28,34,75,5,266,0.000%,.17637,2.26,0.03
GET /items?categoryId=20,577,15,12,27,31,40,5,40,0.000%,.17731,2.47,0.03
GET /items?categoryId=21,525,14,12,25,31,39,5,145,0.000%,.16135,1.89,0.03
GET /items?categoryId=22,629,17,12,25,36,194,5,228,0.000%,.19333,2.29,0.03
GET /items?categoryId=23,496,21,13,35,51,147,5,204,0.000%,.15246,2.06,0.02
GET /items?categoryId=24,538,15,12,25,30,52,5,62,0.000%,.16538,2.16,0.03
GET /items?categoryId=25,486,15,12,30,32,41,5,43,0.000%,.14941,1.85,0.02
GET /items?categoryId=26,500,16,13,25,29,39,5,265,0.000%,.15372,1.74,0.02
GET /items?categoryId=27,616,20,15,31,35,150,5,197,0.000%,.18940,2.47,0.03
GET /items?categoryId=28,430,17,12,30,37,72,5,157,0.000%,.13222,1.78,0.02
GET /items?categoryId=29,440,16,12,25,31,56,5,295,0.000%,.13530,1.76,0.02
GET /items?categoryId=30,467,17,13,30,36,56,5,95,0.000%,.14361,1.70,0.02
GET /items?categoryId=31,506,22,16,33,42,186,5,191,0.000%,.15561,1.97,0.02
GET /items?categoryId=32,576,19,13,29,39,121,5,153,0.000%,.17714,2.34,0.03
GET /items?categoryId=33,523,16,13,25,30,57,5,146,0.000%,.16086,2.12,0.03
GET /items?categoryId=34,463,17,12,26,44,154,5,174,0.000%,.14242,1.67,0.02
GET /items?categoryId=35,524,14,13,25,29,45,5,96,0.000%,.16118,1.98,0.03
GET /items?categoryId=36,488,18,13,31,33,39,5,289,0.000%,.15012,1.95,0.02
GET /items?categoryId=37,424,19,12,30,35,244,5,247,0.000%,.13043,1.77,0.02
GET /items?categoryId=38,449,14,12,27,30,37,5,37,0.000%,.13814,1.80,0.02
GET /items?categoryId=39,524,15,13,22,27,35,5,214,0.000%,.16121,1.96,0.03
GET /items?categoryId=40,519,19,13,25,31,193,5,201,0.000%,.15969,1.89,0.03
GET /items?categoryId=41,393,16,12,24,30,125,5,148,0.000%,.12092,1.66,0.02
GET /items?categoryId=42,495,14,12,22,25,45,5,113,0.000%,.15232,2.04,0.02
GET /items?categoryId=43,600,16,13,27,33,61,5,128,0.000%,.18463,2.24,0.03
GET /items?categoryId=44,491,16,15,26,30,58,5,63,0.000%,.15110,1.77,0.02
GET /items?categoryId=45,378,15,12,24,30,58,5,100,0.000%,.11633,1.60,0.02
GET /items?categoryId=46,445,14,13,23,27,33,5,44,0.000%,.13696,1.85,0.02
GET /items?categoryId=47,482,22,13,31,51,200,5,209,0.000%,.14835,1.82,0.02
GET /items?categoryId=48,461,20,14,29,37,203,5,208,0.000%,.14189,1.81,0.02
GET /items?categoryId=49,538,25,14,31,155,211,5,212,0.000%,.16559,2.08,0.03
GET /items?categoryId=50,471,17,14,32,39,51,4,102,0.000%,.14498,1.89,0.02
GET /items?categoryId=51,514,25,13,30,51,291,5,293,0.000%,.15822,2.18,0.02
GET /items?categoryId=52,465,17,13,26,34,45,5,291,0.000%,.14315,1.76,0.02
GET /items?categoryId=53,639,14,12,24,29,43,5,45,0.000%,.19672,2.43,0.03
GET /items?categoryId=54,452,14,13,25,31,37,5,39,0.000%,.13916,1.91,0.02
GET /items?categoryId=55,533,18,12,22,32,173,5,182,0.000%,.16410,2.17,0.03
GET /items?categoryId=56,554,19,14,32,41,166,5,172,0.000%,.17057,2.09,0.03
GET /items?categoryId=57,489,21,14,25,41,205,5,209,0.000%,.15056,1.86,0.02
GET /items?categoryId=58,595,19,13,28,37,149,5,246,0.000%,.18320,2.45,0.03
GET /items?categoryId=59,431,17,13,23,29,144,5,181,0.000%,.13271,1.69,0.02
GET /items?categoryId=60,461,15,12,23,31,46,5,184,0.000%,.14196,1.72,0.02
GET /items?categoryId=61,585,15,13,24,32,50,5,145,0.000%,.18014,2.23,0.03
GET /items?categoryId=62,495,14,13,24,26,33,5,42,0.000%,.15243,1.97,0.02
GET /items?categoryId=63,630,17,14,28,34,47,5,166,0.000%,.19401,2.66,0.03
GET /items?categoryId=64,553,17,14,31,45,46,5,177,0.000%,.17030,1.95,0.03
GET /items?categoryId=65,489,22,15,33,50,179,6,205,0.000%,.15060,1.83,0.02
GET /items?categoryId=66,612,19,14,28,35,134,5,201,0.000%,.18849,2.52,0.03
GET /items?categoryId=67,417,17,13,22,28,171,5,202,0.000%,.12844,1.67,0.02
GET /items?categoryId=68,614,14,13,22,29,39,4,226,0.000%,.18912,2.35,0.03
GET /items?categoryId=69,543,16,13,30,36,48,6,48,0.000%,.16726,2.00,0.03
GET /items?categoryId=70,415,15,12,28,36,44,5,49,0.000%,.12783,1.71,0.02
GET /items?categoryId=71,463,20,13,24,46,278,5,298,0.000%,.14262,1.82,0.02
GET /items?categoryId=72,422,26,12,30,187,274,4,275,0.000%,.13000,1.62,0.02
GET /items?categoryId=73,434,22,13,28,32,201,5,205,0.000%,.13370,1.62,0.02
GET /items?categoryId=74,461,19,13,31,39,194,5,223,0.000%,.14202,1.73,0.02
GET /items?categoryId=75,606,15,12,28,32,41,5,163,0.000%,.18669,2.47,0.03
GET /items?categoryId=76,628,16,13,25,33,67,5,150,0.000%,.19347,2.53,0.03
GET /items?categoryId=77,421,15,12,28,33,46,5,230,0.000%,.12971,1.58,0.02
GET /items?categoryId=78,485,14,12,23,26,35,5,39,0.000%,.14943,1.84,0.02
GET /items?categoryId=79,448,13,11,23,25,27,5,139,0.000%,.13803,1.82,0.02
GET /items?categoryId=80,514,18,12,25,35,178,5,240,0.000%,.15837,2.04,0.03
GET /items?categoryId=81,476,16,13,24,30,45,5,198,0.000%,.14667,1.92,0.02
GET /items?categoryId=82,465,14,12,24,31,40,5,236,0.000%,.14328,1.72,0.02
GET /items?categoryId=83,429,14,12,23,30,35,5,130,0.000%,.13219,1.74,0.02
GET /items?categoryId=84,479,17,11,29,34,66,5,200,0.000%,.14760,1.80,0.02
GET /items?categoryId=85,555,18,14,27,34,184,5,191,0.000%,.17102,2.27,0.03
GET /items?categoryId=86,512,16,14,27,32,44,5,221,0.000%,.15778,1.97,0.02
GET /items?categoryId=87,457,15,12,23,31,40,5,301,0.000%,.14083,1.67,0.02
GET /items?categoryId=88,418,16,13,25,38,46,5,301,0.000%,.12882,1.70,0.02
GET /items?categoryId=89,624,18,13,30,36,178,5,181,0.000%,.19230,2.52,0.03
GET /items?categoryId=90,435,17,13,33,36,51,5,191,0.000%,.13406,1.60,0.02
GET /items?categoryId=91,531,19,12,33,40,168,5,210,0.000%,.16365,1.90,0.03
GET /items?categoryId=92,576,16,13,26,34,54,5,209,0.000%,.17751,2.40,0.03
GET /items?categoryId=93,611,17,13,33,38,54,4,229,0.000%,.18831,2.51,0.03
GET /items?categoryId=94,418,18,17,32,35,47,5,52,0.000%,.12883,1.53,0.02
GET /items?categoryId=95,502,19,14,30,36,193,4,245,0.000%,.15472,2.02,0.02
GET /items?categoryId=96,471,15,12,25,32,46,5,174,0.000%,.14517,1.85,0.02
GET /items?categoryId=97,581,16,13,25,33,49,5,190,0.000%,.17907,2.39,0.03
GET /items?categoryId=98,483,19,13,34,44,183,5,188,0.000%,.14888,1.72,0.02
GET /items?categoryId=99,637,20,14,37,41,122,5,238,0.000%,.19635,2.55,0.03
GET /items?categoryId=100,566,25,13,34,53,246,5,259,0.000%,.17446,2.28,0.03
GET /items?categoryId=101,581,22,14,35,46,222,5,241,0.000%,.17909,2.35,0.03
GET /items?categoryId=102,604,15,13,27,34,49,5,192,0.000%,.18618,2.27,0.03
GET /items?categoryId=103,538,14,12,26,31,42,4,57,0.000%,.16584,2.16,0.03
GET /items?categoryId=104,421,13,12,20,23,34,5,55,0.000%,.12978,1.63,0.02
GET /items?categoryId=105,613,15,12,24,29,52,4,113,0.000%,.18897,2.44,0.03
GET /items?categoryId=106,537,18,13,25,49,160,5,247,0.000%,.16555,2.01,0.03
GET /items?categoryId=107,515,19,13,30,36,175,4,213,0.000%,.15877,1.98,0.03
GET /items?categoryId=108,405,16,11,24,32,184,5,227,0.000%,.12486,1.67,0.02
GET /items?categoryId=109,607,16,13,30,36,50,5,170,0.000%,.18713,2.40,0.03
GET /items?categoryId=110,641,14,12,26,31,43,5,50,0.000%,.19762,2.43,0.03
GET /items?categoryId=111,465,14,12,22,28,42,4,46,0.000%,.14336,1.82,0.02
GET /items?categoryId=112,560,14,13,22,26,63,5,96,0.000%,.17265,2.17,0.03
GET /items?categoryId=113,520,18,14,25,53,154,5,214,0.000%,.16033,2.08,0.03
GET /items?categoryId=114,647,20,14,25,53,199,4,213,0.000%,.19949,2.39,0.03
GET /items?categoryId=115,551,22,14,36,67,195,5,200,0.000%,.16989,2.24,0.03
GET /items?categoryId=116,570,15,13,23,27,35,5,202,0.000%,.17575,2.42,0.03
GET /items?categoryId=117,576,15,13,25,29,41,5,154,0.000%,.17760,2.12,0.03
GET /items?categoryId=118,504,15,13,25,29,38,5,41,0.000%,.15540,1.89,0.02
GET /items?categoryId=119,404,16,12,28,43,49,5,50,0.000%,.12457,1.67,0.02
GET /items?categoryId=120,518,14,13,24,28,44,5,46,0.000%,.15972,2.17,0.03
GET /items?categoryId=121,460,21,14,31,52,142,5,191,0.000%,.14184,1.77,0.02
GET /items?categoryId=122,544,19,14,29,37,199,5,242,0.000%,.16774,2.15,0.03
GET /items?categoryId=123,444,16,13,30,38,52,5,154,0.000%,.13691,1.68,0.02
GET /items?categoryId=124,580,16,13,26,31,112,4,169,0.000%,.17885,2.38,0.03
GET /items?categoryId=125,518,15,14,23,30,52,5,53,0.000%,.15974,2.03,0.03
GET /items?categoryId=126,435,15,14,25,33,41,5,148,0.000%,.13414,1.61,0.02
GET /items?categoryId=127,596,13,13,22,26,33,4,36,0.000%,.18378,2.34,0.03
GET /items?categoryId=128,503,14,13,24,29,39,5,46,0.000%,.15511,2.19,0.02
GET /items?categoryId=129,628,16,13,28,35,45,5,147,0.000%,.19365,2.50,0.03
GET /items?categoryId=130,598,16,14,26,32,44,5,144,0.000%,.18441,2.24,0.03
GET /items?categoryId=131,582,15,14,27,32,38,5,121,0.000%,.17948,2.27,0.03
GET /items?categoryId=132,574,18,13,28,35,183,5,194,0.000%,.17701,2.45,0.03
GET /items?categoryId=133,658,15,14,23,29,47,5,151,0.000%,.20292,2.36,0.03
GET /items?categoryId=134,526,15,13,26,36,51,5,110,0.000%,.16221,1.91,0.03
GET /items?categoryId=135,480,16,13,29,36,44,5,58,0.000%,.14803,1.96,0.02
GET /items?categoryId=136,438,15,14,23,26,31,5,34,0.000%,.13508,1.81,0.02
GET /items?categoryId=137,455,15,12,23,34,94,5,126,0.000%,.14032,1.73,0.02
GET /items?categoryId=138,592,18,15,34,41,95,6,113,0.000%,.18258,2.30,0.03
GET /items?categoryId=139,545,13,12,21,25,35,5,66,0.000%,.16808,2.07,0.03
GET /items?categoryId=140,466,18,14,28,36,140,4,226,0.000%,.14372,1.99,0.02
GET /items?categoryId=141,508,15,14,23,31,54,5,55,0.000%,.15668,1.93,0.02
GET /items?categoryId=142,602,15,14,24,26,35,4,56,0.000%,.18567,2.26,0.03
GET /items?categoryId=143,443,14,12,22,25,31,5,162,0.000%,.13663,1.82,0.02
GET /items?categoryId=144,624,13,12,23,28,34,4,38,0.000%,.19245,2.54,0.03
GET /items?categoryId=145,439,35,13,136,226,230,5,233,0.000%,.13540,1.67,0.02
GET /items?categoryId=146,627,16,12,21,29,222,5,227,0.000%,.19338,2.36,0.03
GET /items?categoryId=147,520,14,12,24,28,52,5,56,0.000%,.16038,2.13,0.03
GET /items?categoryId=148,558,19,12,28,52,158,5,203,0.000%,.17211,2.26,0.03
GET /items?categoryId=149,633,14,12,21,29,90,4,114,0.000%,.19524,2.38,0.03
GET /items?categoryId=150,627,13,11,23,26,37,5,39,0.000%,.19340,2.43,0.03
GET /items?categoryId=151,601,15,12,23,29,98,4,181,0.000%,.18537,2.49,0.03
GET /items?categoryId=152,558,16,11,24,32,130,4,165,0.000%,.17211,2.16,0.03
GET /items?categoryId=153,557,15,11,22,37,112,4,137,0.000%,.17180,1.92,0.03
GET /items?categoryId=154,548,15,10,19,23,197,4,209,0.000%,.16903,2.14,0.03
GET /items?categoryId=155,489,17,11,27,30,186,4,234,0.000%,.15083,2.00,0.02
GET /items?categoryId=156,615,15,13,25,32,52,5,180,0.000%,.18970,2.43,0.03
GET /items?categoryId=157,441,15,12,29,33,52,5,74,0.000%,.13603,1.63,0.02
GET /items?categoryId=158,614,13,11,22,25,38,5,51,0.000%,.18940,2.46,0.03
GET /items?categoryId=159,459,15,12,26,33,51,5,171,0.000%,.14158,1.96,0.02
GET /items?categoryId=160,517,22,13,32,46,223,5,235,0.000%,.15948,2.06,0.03
GET /items?categoryId=161,623,14,12,23,29,42,5,48,0.000%,.19218,2.36,0.03
GET /items?categoryId=162,472,13,11,23,26,35,5,40,0.000%,.14560,1.96,0.02
GET /items?categoryId=163,563,16,12,25,36,148,5,185,0.000%,.17367,2.22,0.03
GET /items?categoryId=164,532,17,13,28,37,121,5,196,0.000%,.16411,2.18,0.03
GET /items?categoryId=165,542,14,13,27,31,39,4,40,0.000%,.16719,1.83,0.03
GET /items?categoryId=166,587,14,11,26,32,41,4,60,0.000%,.18108,2.26,0.03
GET /items?categoryId=167,478,23,11,28,42,227,4,227,0.000%,.14745,1.92,0.02
GET /items?categoryId=168,567,15,13,26,31,47,5,175,0.000%,.17491,2.20,0.03
GET /items?categoryId=169,589,15,12,27,33,57,4,64,0.000%,.18170,2.21,0.03
GET /items?categoryId=170,515,16,11,23,29,198,5,214,0.000%,.15887,2.14,0.03
GET /items?categoryId=171,412,21,12,38,54,162,4,214,0.000%,.12710,1.58,0.02
GET /items?categoryId=172,450,17,14,27,33,148,4,153,0.000%,.13882,1.82,0.02
GET /items?categoryId=173,575,14,11,26,31,40,4,180,0.000%,.17738,2.08,0.03
GET /items?categoryId=174,589,14,12,23,28,45,5,194,0.000%,.18170,2.43,0.03
GET /items?categoryId=175,553,14,13,24,29,40,4,63,0.000%,.17060,2.22,0.03
GET /items?categoryId=176,522,14,13,23,28,44,5,64,0.000%,.16103,2.05,0.03
GET /items?categoryId=177,388,13,11,24,26,42,4,51,0.000%,.11970,1.45,0.02
GET /items?categoryId=178,620,19,11,29,40,182,4,217,0.000%,.19126,2.27,0.03
GET /items?categoryId=179,470,15,12,23,28,42,4,194,0.000%,.14499,1.96,0.02
GET /items?categoryId=180,561,17,13,26,41,149,4,201,0.000%,.17307,2.15,0.03
GET /items?categoryId=181,452,18,14,24,48,149,5,209,0.000%,.13944,1.72,0.02
GET /items?categoryId=182,414,15,12,24,30,49,5,90,0.000%,.12772,1.64,0.02
GET /items?categoryId=183,453,13,11,21,26,34,4,96,0.000%,.13975,1.74,0.02
GET /items?categoryId=184,402,13,12,20,22,24,5,29,0.000%,.12402,1.59,0.02
GET /items?categoryId=185,456,13,13,20,21,28,5,28,0.000%,.14068,1.83,0.02
GET /items?categoryId=186,544,13,12,20,24,36,5,39,0.000%,.16783,2.18,0.03
GET /items?categoryId=187,512,13,12,21,22,29,6,35,0.000%,.15795,2.07,0.03
GET /items?categoryId=188,489,15,12,24,30,44,4,221,0.000%,.15086,1.84,0.02
GET /items?categoryId=189,498,14,12,21,26,44,5,97,0.000%,.15364,1.94,0.02
GET /items?categoryId=190,467,15,12,22,27,81,4,106,0.000%,.14408,1.77,0.02
GET /items?categoryId=191,630,13,12,22,26,32,5,52,0.000%,.19436,2.36,0.03
GET /items?categoryId=192,531,13,13,20,24,30,5,36,0.000%,.16382,2.18,0.03
GET /items?categoryId=193,555,13,12,21,23,29,5,36,0.000%,.17123,2.21,0.03
GET /items?categoryId=194,512,15,12,21,25,143,4,145,0.000%,.15796,2.01,0.03
GET /items?categoryId=195,521,15,13,21,23,32,5,226,0.000%,.16074,2.07,0.03
GET /items?categoryId=196,434,24,12,27,121,224,5,226,0.000%,.13390,1.65,0.02
GET /items?categoryId=197,453,15,13,24,31,42,5,47,0.000%,.13976,1.79,0.02
GET /items?categoryId=198,595,16,12,22,29,150,4,211,0.000%,.18357,2.28,0.03
GET /items?categoryId=199,600,21,12,29,35,233,5,235,0.000%,.18511,2.42,0.03
GET /items?categoryId=200,553,14,13,22,25,43,4,76,0.000%,.17061,2.15,0.03
GET /items?categoryId=201,540,14,13,23,27,35,5,38,0.000%,.16660,2.02,0.03
GET /items?categoryId=202,461,14,12,22,27,34,5,40,0.000%,.14223,1.88,0.02
GET /items?categoryId=203,588,14,12,23,29,50,5,204,0.000%,.18141,2.34,0.03
GET /items?categoryId=204,417,16,13,26,36,51,5,232,0.000%,.12865,1.72,0.02
GET /items?categoryId=205,539,21,13,26,41,176,5,183,0.000%,.16629,2.11,0.03
GET /items?categoryId=206,621,18,11,33,44,166,4,214,0.000%,.19159,2.40,0.03
GET /items?categoryId=207,646,16,12,29,44,54,5,215,0.000%,.19931,2.70,0.03
GET /items?categoryId=208,566,14,12,22,27,34,5,35,0.000%,.17463,2.11,0.03
GET /items?categoryId=209,521,14,13,24,26,43,5,71,0.000%,.16074,2.11,0.03
GET /items?categoryId=210,557,13,13,20,21,30,5,58,0.000%,.17185,2.22,0.03
GET /items?categoryId=211,654,19,14,28,36,150,5,206,0.000%,.20177,2.65,0.03
GET /items?categoryId=212,624,17,14,30,35,75,5,218,0.000%,.19252,2.43,0.03
GET /items?categoryId=213,493,16,13,28,36,40,5,195,0.000%,.15211,1.84,0.02
GET /items?categoryId=214,588,16,12,26,31,51,5,195,0.000%,.18141,2.40,0.03
GET /items?categoryId=215,549,14,12,24,32,36,5,40,0.000%,.16938,2.16,0.03
GET /items?categoryId=216,458,13,13,21,22,25,4,33,0.000%,.14131,1.70,0.02
GET /items?categoryId=217,472,13,12,21,24,29,5,29,0.000%,.14563,1.89,0.02
GET /items?categoryId=218,462,13,12,21,24,29,4,34,0.000%,.14254,1.93,0.02
GET /items?categoryId=219,657,17,13,24,32,160,5,192,0.000%,.20270,2.50,0.03
GET /items?categoryId=220,492,28,13,47,136,233,4,246,0.000%,.15180,1.85,0.02
GET /items?categoryId=221,432,18,12,29,43,166,5,168,0.000%,.13329,1.70,0.02
GET /items?categoryId=222,543,20,12,28,36,181,4,191,0.000%,.16753,2.11,0.03
GET /items?categoryId=223,546,15,13,25,30,70,5,115,0.000%,.16846,2.25,0.03
GET /items?categoryId=224,585,14,13,24,28,37,5,39,0.000%,.18049,2.25,0.03
GET /items?categoryId=225,595,13,12,20,21,27,5,37,0.000%,.18358,2.33,0.03
GET /items?categoryId=226,444,13,12,20,24,32,5,39,0.000%,.13699,1.85,0.02
GET /items?categoryId=227,477,16,12,22,25,165,5,209,0.000%,.14717,1.93,0.02
GET /items?categoryId=228,585,18,14,26,42,197,5,207,0.000%,.18049,2.24,0.03
GET /items?categoryId=229,494,17,13,27,31,52,5,182,0.000%,.15241,2.00,0.02
GET /items?categoryId=230,561,17,13,27,32,115,5,208,0.000%,.17308,2.29,0.03
GET /items?categoryId=231,644,16,12,27,30,113,5,177,0.000%,.19869,2.56,0.03
GET /items?categoryId=232,448,15,13,25,29,36,5,83,0.000%,.13822,1.72,0.02
GET /items?categoryId=233,417,13,12,20,24,30,5,35,0.000%,.12866,1.66,0.02
GET /items?categoryId=234,650,14,12,22,24,31,6,35,0.000%,.20054,2.61,0.03
GET /items?categoryId=235,510,19,12,22,25,251,5,259,0.000%,.15735,2.04,0.03
GET /items?categoryId=236,544,16,12,23,27,46,5,256,0.000%,.16783,2.05,0.03
GET /items?categoryId=237,436,21,13,32,65,174,5,209,0.000%,.13452,1.81,0.02
GET /items?categoryId=238,630,21,13,33,52,206,6,223,0.000%,.19437,2.49,0.03
GET /items?categoryId=239,645,16,13,28,38,52,6,151,0.000%,.19900,2.59,0.03
GET /items?categoryId=240,469,14,12,24,30,37,6,114,0.000%,.14470,1.93,0.02
GET /items?categoryId=241,514,13,12,25,27,34,5,39,0.000%,.15858,1.97,0.03
GET /items?categoryId=242,442,13,12,20,24,40,5,48,0.000%,.13637,1.81,0.02
GET /items?categoryId=243,647,14,12,23,28,39,4,89,0.000%,.19961,2.58,0.03
GET /items?categoryId=244,477,18,12,25,37,184,5,189,0.000%,.14716,1.77,0.02
GET /items?categoryId=245,449,18,13,27,35,171,6,179,0.000%,.13853,1.80,0.02
GET /items?categoryId=246,535,15,12,23,27,46,5,158,0.000%,.16506,2.16,0.03
GET /items?categoryId=247,626,16,13,24,34,69,5,184,0.000%,.19313,2.53,0.03
GET /items?categoryId=248,579,14,13,23,27,39,5,120,0.000%,.17863,2.28,0.03
GET /items?categoryId=249,590,14,13,21,24,31,5,37,0.000%,.18203,2.36,0.03
GET /items?categoryId=250,598,13,11,21,25,36,4,45,0.000%,.18450,2.31,0.03
GET /items?categoryId=251,601,15,13,22,32,59,5,65,0.000%,.18542,2.39,0.03
GET /items?categoryId=252,432,13,13,20,23,52,4,54,0.000%,.13327,1.64,0.02
GET /items?categoryId=253,595,16,14,25,38,49,5,222,0.000%,.18356,2.46,0.03
GET /items?categoryId=254,518,16,13,25,38,97,5,131,0.000%,.15981,2.05,0.03
GET /items?categoryId=255,573,17,13,30,40,52,5,170,0.000%,.17678,2.22,0.03
GET /items?categoryId=256,443,15,12,26,30,51,4,120,0.000%,.13667,1.74,0.02
GET /items?categoryId=257,555,14,12,23,26,33,5,48,0.000%,.17122,2.31,0.03
GET /items?categoryId=258,437,14,12,23,24,35,6,38,0.000%,.13482,1.72,0.02
GET /items?categoryId=259,527,14,12,24,27,31,5,37,0.000%,.16259,2.06,0.03
GET /items?categoryId=260,566,19,12,21,56,213,5,226,0.000%,.17461,2.18,0.03
GET /items?categoryId=261,565,15,13,23,26,57,5,216,0.000%,.17430,2.37,0.03
GET /items?categoryId=262,429,15,12,22,31,38,5,164,0.000%,.13235,1.63,0.02
GET /items?categoryId=263,546,18,13,25,32,172,5,174,0.000%,.16844,2.17,0.03
GET /items?categoryId=264,544,15,12,29,36,43,4,169,0.000%,.16782,2.11,0.03
GET /items?categoryId=265,642,17,13,32,39,76,5,96,0.000%,.19805,2.60,0.03
GET /items?categoryId=266,452,13,13,23,26,33,4,43,0.000%,.13944,1.80,0.02
GET /items?categoryId=267,476,22,13,24,37,251,5,256,0.000%,.14684,1.81,0.02
GET /items?categoryId=268,617,18,13,22,28,227,5,231,0.000%,.19033,2.46,0.03
GET /items?categoryId=269,515,14,12,25,29,48,5,49,0.000%,.15887,2.19,0.03
GET /items?categoryId=270,536,13,12,23,28,36,4,38,0.000%,.16534,2.02,0.03
GET /items?categoryId=271,561,17,13,26,36,180,4,201,0.000%,.17306,2.17,0.03
GET /items?categoryId=272,429,18,13,31,35,149,5,180,0.000%,.13234,1.70,0.02
GET /items?categoryId=273,642,15,13,30,34,46,5,49,0.000%,.19804,2.55,0.03
GET /items?categoryId=274,599,18,13,29,35,206,4,245,0.000%,.18478,2.46,0.03
GET /items?categoryId=275,543,20,12,29,41,287,4,301,0.000%,.16749,1.96,0.03
GET /items?categoryId=276,525,14,12,25,29,44,5,52,0.000%,.16194,2.16,0.03
GET /items?categoryId=277,574,14,12,24,28,35,4,52,0.000%,.17705,2.18,0.03
GET /items?categoryId=278,536,15,13,23,28,165,5,183,0.000%,.16533,2.21,0.03
GET /items?categoryId=279,607,16,11,32,36,132,4,177,0.000%,.18723,2.21,0.03
GET /items?categoryId=280,621,16,12,26,30,132,4,281,0.000%,.19155,2.51,0.03
GET /items?categoryId=281,573,17,12,24,31,270,4,296,0.000%,.17675,2.26,0.03
GET /items?categoryId=282,572,17,13,32,41,52,5,96,0.000%,.17642,2.29,0.03
GET /items?categoryId=283,430,22,14,41,93,101,5,105,0.000%,.13263,1.72,0.02
GET /items?categoryId=284,552,16,13,26,31,59,5,107,0.000%,.17025,2.09,0.03
GET /items?categoryId=285,586,15,13,30,35,50,5,53,0.000%,.18074,2.43,0.03
GET /items?categoryId=286,458,15,14,24,29,51,5,225,0.000%,.14126,1.90,0.02
GET /items?categoryId=287,510,19,13,29,53,143,5,184,0.000%,.15730,1.97,0.02
GET /items?categoryId=288,444,18,14,34,42,121,5,179,0.000%,.13694,1.68,0.02
GET /items?categoryId=289,549,16,14,29,35,47,5,289,0.000%,.16931,2.16,0.03
GET /items?categoryId=290,451,16,14,25,31,62,5,63,0.000%,.13909,1.89,0.02
GET /items?categoryId=291,628,13,12,22,27,44,4,47,0.000%,.19368,2.35,0.03
GET /items?categoryId=292,610,17,13,30,39,53,5,127,0.000%,.18813,2.41,0.03
GET /items?categoryId=293,445,14,13,21,31,45,4,74,0.000%,.13724,1.73,0.02
GET /items?categoryId=294,528,14,13,22,24,43,5,63,0.000%,.16284,2.22,0.03
GET /items?categoryId=295,438,14,12,23,33,48,4,171,0.000%,.13508,1.68,0.02
GET /items?categoryId=296,573,15,12,28,36,49,4,182,0.000%,.17672,2.08,0.03
GET /items?categoryId=297,503,17,14,32,38,90,5,100,0.000%,.15513,1.97,0.02
GET /items?categoryId=298,600,17,13,31,35,47,5,82,0.000%,.18504,2.58,0.03
GET /items?categoryId=299,572,14,13,24,29,42,5,49,0.000%,.17640,2.19,0.03
GET /items?categoryId=300,435,14,13,23,28,38,5,105,0.000%,.13416,1.63,0.02
GET /items?categoryId=301,613,17,14,33,42,71,5,102,0.000%,.18905,2.48,0.03
GET /items?categoryId=302,499,15,13,25,30,35,5,47,0.000%,.15389,2.04,0.02
GET /items?categoryId=303,489,17,15,29,33,48,5,173,0.000%,.15081,1.97,0.02
GET /items?categoryId=304,545,18,13,29,36,50,5,219,0.000%,.16808,2.11,0.03
GET /items?categoryId=305,644,14,13,23,27,38,4,41,0.000%,.19861,2.48,0.03
GET /items?categoryId=306,561,15,13,28,34,43,4,114,0.000%,.17301,2.29,0.03
GET /items?categoryId=307,601,14,13,25,30,42,4,53,0.000%,.18535,2.37,0.03
GET /items?categoryId=308,502,16,13,24,26,139,5,151,0.000%,.15482,1.82,0.02
GET /items?categoryId=309,548,15,14,25,29,36,5,39,0.000%,.16900,2.34,0.03
GET /items?categoryId=310,603,15,12,24,33,90,4,130,0.000%,.18596,2.33,0.03
GET /items?categoryId=311,572,18,13,32,41,59,5,221,0.000%,.17640,2.20,0.03
GET /items?categoryId=312,423,16,14,28,36,51,4,67,0.000%,.13045,1.67,0.02
GET /items?categoryId=313,641,16,14,25,33,43,4,44,0.000%,.19768,2.61,0.03
GET /items?categoryId=314,614,16,14,25,31,44,5,116,0.000%,.18935,2.35,0.03
GET /items?categoryId=315,525,16,16,27,31,45,4,70,0.000%,.16191,2.02,0.03
GET /items?categoryId=316,542,14,13,21,26,43,5,131,0.000%,.16715,2.10,0.03
GET /items?categoryId=317,558,14,11,24,37,57,4,58,0.000%,.17208,2.28,0.03
GET /items?categoryId=318,431,15,12,23,31,49,4,210,0.000%,.13292,1.60,0.02
GET /items?categoryId=319,489,17,11,25,42,156,5,178,0.000%,.15081,1.75,0.02
GET /items?categoryId=320,457,16,12,27,35,107,5,143,0.000%,.14094,1.75,0.02
GET /items?categoryId=321,516,14,13,26,31,40,5,53,0.000%,.15913,2.07,0.03
GET /items?categoryId=322,439,13,13,22,23,31,5,73,0.000%,.13538,1.84,0.02
GET /items?categoryId=323,531,14,11,20,26,99,4,118,0.000%,.16376,1.90,0.03
GET /items?categoryId=324,465,13,12,22,26,31,4,33,0.000%,.14340,1.75,0.02
GET /items?categoryId=325,466,12,11,20,25,30,4,32,0.000%,.14371,1.91,0.02
GET /items?categoryId=326,584,13,11,22,24,49,4,68,0.000%,.18010,2.28,0.03
GET /items?categoryId=327,409,16,11,20,29,217,4,217,0.000%,.12613,1.49,0.02
GET /items?categoryId=328,498,14,12,23,31,57,4,154,0.000%,.15358,1.95,0.02
GET /items?categoryId=329,444,14,12,24,28,45,4,177,0.000%,.13693,1.72,0.02
GET /items?categoryId=330,520,14,13,21,25,37,6,46,0.000%,.16036,2.20,0.03
GET /items?categoryId=331,551,12,11,19,23,36,5,76,0.000%,.16992,2.04,0.03
GET /items?categoryId=332,446,15,14,24,29,54,5,72,0.000%,.13754,1.70,0.02
GET /items?categoryId=333,481,15,13,25,28,36,5,106,0.000%,.14834,1.92,0.02
GET /items?categoryId=334,580,14,13,22,25,37,5,42,0.000%,.17887,2.43,0.03
GET /items?categoryId=335,397,15,13,26,28,38,5,98,0.000%,.12243,1.63,0.02
GET /items?categoryId=336,524,19,12,31,42,209,5,223,0.000%,.16160,1.76,0.03
GET /items?categoryId=337,487,17,13,31,39,94,5,168,0.000%,.15019,1.99,0.02
GET /items?categoryId=338,621,17,13,30,35,54,5,186,0.000%,.19151,2.56,0.03
GET /items?categoryId=339,418,14,12,25,30,43,5,44,0.000%,.12891,1.73,0.02
GET /items?categoryId=340,493,14,13,22,25,34,5,109,0.000%,.15204,1.79,0.02
GET /items?categoryId=341,538,17,13,24,30,110,5,117,0.000%,.16592,2.19,0.03
GET /items?categoryId=342,551,15,12,27,31,37,4,73,0.000%,.16993,2.21,0.03
GET /items?categoryId=343,611,15,13,30,36,50,6,53,0.000%,.18843,2.44,0.03
GET /items?categoryId=344,468,18,11,33,41,169,5,214,0.000%,.14433,1.77,0.02
GET /items?categoryId=345,559,22,13,53,72,191,5,204,0.000%,.17239,2.12,0.03
GET /items?categoryId=346,598,23,15,32,75,188,5,194,0.000%,.18442,2.50,0.03
GET /items?categoryId=347,511,14,12,22,28,42,5,48,0.000%,.15759,2.09,0.03
GET /items?categoryId=348,581,13,12,20,26,36,4,41,0.000%,.17918,2.03,0.03
GET /items?categoryId=349,619,16,13,27,35,94,5,99,0.000%,.19090,2.42,0.03
GET /items?categoryId=350,605,15,12,27,32,49,5,93,0.000%,.18658,2.45,0.03
GET /items?categoryId=351,482,17,13,26,28,196,5,206,0.000%,.14865,1.89,0.02
GET /items?categoryId=352,596,17,14,30,41,56,6,201,0.000%,.18381,2.28,0.03
GET /items?categoryId=353,530,23,12,34,54,215,5,223,0.000%,.16345,2.15,0.03
GET /items?categoryId=354,562,17,15,28,36,43,6,45,0.000%,.17332,2.31,0.03
GET /items?categoryId=355,442,16,13,28,40,47,5,63,0.000%,.13632,1.82,0.02
GET /items?categoryId=356,579,13,12,20,24,34,5,54,0.000%,.17857,1.94,0.03
GET /items?categoryId=357,534,14,13,25,28,31,4,35,0.000%,.16469,2.16,0.03
GET /items?categoryId=358,533,18,13,28,38,130,4,132,0.000%,.16438,2.15,0.03
GET /items?categoryId=359,598,18,12,33,49,114,5,222,0.000%,.18442,2.22,0.03
GET /items?categoryId=360,407,17,13,32,42,52,6,218,0.000%,.12552,1.51,0.02
GET /items?categoryId=361,495,16,13,27,34,64,5,218,0.000%,.15266,1.97,0.02
GET /items?categoryId=362,638,14,12,23,28,117,5,125,0.000%,.19676,2.61,0.03
GET /items?categoryId=363,625,17,13,27,32,117,5,140,0.000%,.19275,2.35,0.03
GET /items?categoryId=364,619,14,13,22,26,57,4,86,0.000%,.19090,2.18,0.03
GET /items?categoryId=365,539,15,14,25,28,49,5,60,0.000%,.16623,2.30,0.03
GET /items?categoryId=366,606,16,13,23,34,61,5,234,0.000%,.18689,2.41,0.03
GET /items?categoryId=367,434,14,11,24,25,36,4,175,0.000%,.13385,1.68,0.02
GET /items?categoryId=368,373,18,12,28,43,163,5,173,0.000%,.11504,1.20,0.02
GET /items?categoryId=369,541,16,14,30,35,44,6,48,0.000%,.16685,2.31,0.03
GET /items?categoryId=370,515,19,13,39,70,88,5,90,0.000%,.15883,2.13,0.03
GET /items?categoryId=371,472,18,12,30,45,122,5,145,0.000%,.14557,1.64,0.02
GET /items?categoryId=372,399,14,12,27,32,42,4,49,0.000%,.12306,1.53,0.02
GET /items?categoryId=373,569,14,13,23,27,34,5,44,0.000%,.17548,2.27,0.03
GET /items?categoryId=374,483,15,14,24,29,46,6,78,0.000%,.14896,1.99,0.02
GET /items?categoryId=375,619,16,14,27,35,59,5,107,0.000%,.19090,2.43,0.03
GET /items?categoryId=376,590,20,15,34,49,139,5,152,0.000%,.18196,2.34,0.03
GET /items?categoryId=377,509,18,14,33,38,103,6,121,0.000%,.15698,1.95,0.02
GET /items?categoryId=378,527,19,14,30,46,113,5,121,0.000%,.16253,2.29,0.03
GET /items?categoryId=379,451,15,14,25,27,32,5,42,0.000%,.13909,1.78,0.02
GET /items?categoryId=380,579,18,14,31,38,104,5,123,0.000%,.17857,2.18,0.03
GET /items?categoryId=381,493,14,13,23,28,37,5,88,0.000%,.15205,1.95,0.02
GET /items?categoryId=382,587,20,14,26,32,234,6,243,0.000%,.18104,2.50,0.03
GET /items?categoryId=383,581,18,13,29,39,175,5,299,0.000%,.17919,2.18,0.03
GET /items?categoryId=384,452,17,15,29,37,42,6,194,0.000%,.13940,1.73,0.02
GET /items?categoryId=385,614,17,14,31,37,62,5,180,0.000%,.18937,2.48,0.03
GET /items?categoryId=386,638,16,13,29,35,42,6,130,0.000%,.19677,2.50,0.03
GET /items?categoryId=387,453,15,14,22,30,36,5,130,0.000%,.13971,1.79,0.02
GET /items?categoryId=388,457,16,14,24,33,121,5,130,0.000%,.14095,1.70,0.02
GET /items?categoryId=389,500,18,14,29,42,114,6,135,0.000%,.15421,2.03,0.02
GET /items?categoryId=390,552,17,14,25,32,57,5,224,0.000%,.17024,2.27,0.03
GET /items?categoryId=391,489,16,13,25,30,52,5,253,0.000%,.15082,1.92,0.02
GET /items?categoryId=392,481,17,13,28,31,44,6,165,0.000%,.14835,1.87,0.02
GET /items?categoryId=393,564,16,14,26,30,73,6,88,0.000%,.17395,2.19,0.03
GET /items?categoryId=394,450,16,14,25,35,70,6,77,0.000%,.13879,1.88,0.02
GET /items?categoryId=395,499,16,13,24,34,55,6,131,0.000%,.15390,1.99,0.02
GET /items?categoryId=396,541,16,14,25,29,37,6,38,0.000%,.16685,2.11,0.03
GET /items?categoryId=397,503,18,15,25,31,169,6,200,0.000%,.15513,2.01,0.02
GET /items?categoryId=398,604,17,13,25,35,128,4,158,0.000%,.18628,2.41,0.03
GET /items?categoryId=399,493,18,14,30,35,63,6,119,0.000%,.15205,1.97,0.02
GET /items?categoryId=400,568,16,14,25,28,101,5,147,0.000%,.17518,2.07,0.03
GET /items?categoryId=401,485,17,14,25,38,57,4,178,0.000%,.14958,1.90,0.02
GET /items?categoryId=402,528,17,14,26,31,179,5,197,0.000%,.16285,2.20,0.03
GET /items?categoryId=403,534,14,12,23,30,45,5,65,0.000%,.16470,2.00,0.03
GET /items?categoryId=404,610,19,16,31,40,63,6,140,0.000%,.18814,2.43,0.03
GET /items?categoryId=405,574,18,14,30,43,191,5,200,0.000%,.17704,2.22,0.03
GET /items?categoryId=406,589,16,14,24,29,123,6,137,0.000%,.18166,2.36,0.03
GET /items?categoryId=407,615,15,12,24,28,54,5,192,0.000%,.18968,2.41,0.03
GET /items?categoryId=408,443,20,12,36,72,173,5,178,0.000%,.13663,1.65,0.02
GET /items?categoryId=409,417,17,14,35,46,55,5,72,0.000%,.12861,1.73,0.02
GET /items?categoryId=410,565,15,14,23,31,46,5,59,0.000%,.17426,2.25,0.03
GET /items?categoryId=411,452,14,13,20,29,44,5,55,0.000%,.13941,1.71,0.02
GET /items?categoryId=412,485,17,14,25,34,57,6,184,0.000%,.14959,1.88,0.02
GET /items?categoryId=413,541,23,17,45,58,174,6,227,0.000%,.16686,2.19,0.03
GET /items?categoryId=414,557,16,14,27,35,45,5,137,0.000%,.17179,2.24,0.03
GET /items?categoryId=415,439,23,14,27,143,160,6,172,0.000%,.13540,1.73,0.02
GET /items?categoryId=416,539,19,16,29,40,109,5,150,0.000%,.16624,2.09,0.03
GET /items?categoryId=417,492,16,14,29,39,42,5,73,0.000%,.15175,1.91,0.02
GET /items?categoryId=418,598,17,14,30,37,72,5,99,0.000%,.18444,2.50,0.03
GET /items?categoryId=419,586,16,13,32,36,46,5,47,0.000%,.18074,2.28,0.03
GET /items?categoryId=420,603,15,12,23,25,52,5,237,0.000%,.18598,2.18,0.03
GET /items?categoryId=421,571,17,13,29,37,59,6,138,0.000%,.17611,2.37,0.03
GET /items?categoryId=422,457,17,14,26,36,74,6,92,0.000%,.14095,1.79,0.02
GET /items?categoryId=423,500,16,14,24,30,67,5,159,0.000%,.15421,2.01,0.02
GET /items?categoryId=424,659,18,15,30,42,62,5,179,0.000%,.20326,2.55,0.03
GET /items?categoryId=425,496,20,14,25,51,169,6,180,0.000%,.15298,2.05,0.02
GET /items?categoryId=426,432,14,13,23,28,38,5,41,0.000%,.13324,1.72,0.02
GET /items?categoryId=427,470,15,14,25,29,43,5,57,0.000%,.14496,1.95,0.02
GET /items?categoryId=428,638,18,14,26,35,150,6,214,0.000%,.19678,2.43,0.03
GET /items?categoryId=429,460,14,12,21,30,51,5,152,0.000%,.14188,1.74,0.02
GET /items?categoryId=430,457,23,13,34,143,151,6,153,0.000%,.14095,1.82,0.02
GET /items?categoryId=431,471,19,13,33,36,134,5,142,0.000%,.14527,1.81,0.02
GET /items?categoryId=432,547,17,14,30,35,104,6,154,0.000%,.16871,2.13,0.03
GET /items?categoryId=433,431,19,14,30,49,122,6,152,0.000%,.13294,1.77,0.02
GET /items?categoryId=434,531,15,13,24,32,70,4,105,0.000%,.16378,2.10,0.03
GET /items?categoryId=435,539,14,13,23,28,48,5,51,0.000%,.16625,2.09,0.03
GET /items?categoryId=436,462,16,13,31,39,51,4,172,0.000%,.14250,1.80,0.02
GET /items?categoryId=437,623,15,13,24,28,39,5,46,0.000%,.19215,2.42,0.03
GET /items?categoryId=438,545,17,14,26,32,47,5,175,0.000%,.16810,2.11,0.03
GET /items?categoryId=439,585,18,13,27,37,157,5,179,0.000%,.18043,2.46,0.03
GET /items?categoryId=440,655,15,13,24,31,38,5,210,0.000%,.20202,2.41,0.03
GET /items?categoryId=441,390,18,13,29,42,96,5,209,0.000%,.12029,1.46,0.02
GET /items?categoryId=442,534,18,16,31,40,45,6,83,0.000%,.16471,2.28,0.03
GET /items?categoryId=443,450,16,14,23,27,45,6,156,0.000%,.13880,1.75,0.02
GET /items?categoryId=444,454,16,13,24,33,50,5,177,0.000%,.14003,1.81,0.02
GET /items?categoryId=445,590,15,14,22,25,42,6,51,0.000%,.18198,2.28,0.03
GET /items?categoryId=446,432,17,15,25,34,56,7,62,0.000%,.13324,1.71,0.02
GET /items?categoryId=447,622,15,13,24,32,57,4,151,0.000%,.19185,2.51,0.03
GET /items?categoryId=448,580,15,13,25,31,39,4,57,0.000%,.17889,2.15,0.03
GET /items?categoryId=449,565,17,14,27,38,66,6,214,0.000%,.17427,2.25,0.03
GET /items?categoryId=450,629,16,14,27,33,46,6,67,0.000%,.19401,2.55,0.03
GET /items?categoryId=451,564,19,14,29,39,171,5,211,0.000%,.17396,2.26,0.03
GET /items?categoryId=452,528,17,14,28,34,45,5,191,0.000%,.16285,1.87,0.03
GET /items?categoryId=453,510,15,13,24,28,37,5,41,0.000%,.15730,1.96,0.02
GET /items?categoryId=454,539,15,14,22,28,34,5,224,0.000%,.16625,2.18,0.03
GET /items?categoryId=455,524,17,14,23,28,96,5,159,0.000%,.16162,2.04,0.03
GET /items?categoryId=456,627,22,16,34,46,171,5,174,0.000%,.19339,2.44,0.03
GET /items?categoryId=457,555,23,15,32,52,237,6,252,0.000%,.17118,2.28,0.03
GET /items?categoryId=458,462,21,14,33,45,228,5,251,0.000%,.14250,1.77,0.02
GET /items?categoryId=459,561,18,15,30,42,63,6,139,0.000%,.17303,2.22,0.03
GET /items?categoryId=460,514,16,14,26,30,44,5,101,0.000%,.15854,2.05,0.03
GET /items?categoryId=461,592,18,14,27,39,56,4,248,0.000%,.18260,2.22,0.03
GET /items?categoryId=462,504,17,15,25,37,57,6,183,0.000%,.15545,2.07,0.02
GET /items?categoryId=463,448,15,13,25,33,53,5,55,0.000%,.13818,1.64,0.02
GET /items?categoryId=464,482,17,16,26,36,47,6,62,0.000%,.14867,1.90,0.02
GET /items?categoryId=465,447,21,13,38,50,163,5,179,0.000%,.13787,1.73,0.02
GET /items?categoryId=466,575,18,15,26,37,82,6,174,0.000%,.17735,2.35,0.03
GET /items?categoryId=467,467,16,13,28,40,65,5,67,0.000%,.14404,1.84,0.02
GET /items?categoryId=468,471,15,14,21,26,47,6,58,0.000%,.14528,1.86,0.02
GET /items?categoryId=469,399,23,13,25,56,212,5,215,0.000%,.12307,1.61,0.02
GET /items?categoryId=470,582,17,14,25,41,65,6,244,0.000%,.17951,2.43,0.03
GET /items?categoryId=471,515,16,14,27,31,41,6,126,0.000%,.15885,2.14,0.03
GET /items?categoryId=472,428,16,14,28,31,56,5,58,0.000%,.13201,1.74,0.02
GET /items?categoryId=473,528,16,14,26,36,57,5,124,0.000%,.16286,2.24,0.03
GET /items?categoryId=474,592,16,13,25,40,55,5,127,0.000%,.18260,2.38,0.03
GET /items?categoryId=475,519,17,14,29,32,53,5,122,0.000%,.16008,2.21,0.03
GET /items?categoryId=476,488,17,14,29,35,43,6,45,0.000%,.15052,1.95,0.02
GET /items?categoryId=477,471,16,15,25,32,51,6,91,0.000%,.14528,1.94,0.02
GET /items?categoryId=478,531,19,15,25,33,189,6,189,0.000%,.16378,2.26,0.03
GET /items?categoryId=479,501,16,14,27,31,37,6,39,0.000%,.15453,2.06,0.02
GET /items?categoryId=480,569,22,15,33,55,182,6,194,0.000%,.17551,2.24,0.03
GET /items?categoryId=481,527,16,14,24,28,42,5,194,0.000%,.16255,2.26,0.03
GET /items?categoryId=482,572,14,13,20,26,33,5,43,0.000%,.17643,2.35,0.03
GET /items?categoryId=483,432,16,14,24,36,45,6,102,0.000%,.13325,1.72,0.02
GET /items?categoryId=484,547,15,13,23,28,34,5,123,0.000%,.16872,2.23,0.03
GET /items?categoryId=485,538,18,13,21,45,143,5,167,0.000%,.16595,2.15,0.03
GET /items?categoryId=486,419,17,14,29,36,47,6,50,0.000%,.12924,1.80,0.02
GET /items?categoryId=487,593,16,14,26,35,45,5,61,0.000%,.18291,2.32,0.03
GET /items?categoryId=488,480,15,12,25,35,58,6,214,0.000%,.14806,2.00,0.02
GET /items?categoryId=489,541,19,15,35,43,58,6,72,0.000%,.16687,2.32,0.03
GET /items?categoryId=490,395,17,15,26,37,47,6,50,0.000%,.12184,1.53,0.02
GET /items?categoryId=491,592,16,14,29,34,49,6,54,0.000%,.18260,2.29,0.03
GET /items?categoryId=492,482,14,13,20,26,40,5,51,0.000%,.14867,2.00,0.02
GET /items?categoryId=493,406,21,16,36,53,136,6,178,0.000%,.12523,1.76,0.02
GET /items?categoryId=494,550,18,14,31,44,61,5,136,0.000%,.16965,2.22,0.03
GET /items?categoryId=495,582,18,15,29,46,58,5,69,0.000%,.17952,2.21,0.03
GET /items?categoryId=496,467,21,16,31,43,187,6,195,0.000%,.14404,2.07,0.02
GET /items?categoryId=497,452,19,16,41,43,95,5,103,0.000%,.13942,1.86,0.02
GET /items?categoryId=498,434,18,15,30,44,98,6,100,0.000%,.13387,1.80,0.02
GET /items?categoryId=499,467,16,14,24,37,50,5,84,0.000%,.14405,1.87,0.02
GET /items?categoryId=500,559,15,14,22,29,42,5,109,0.000%,.17242,2.16,0.03
GET /items?categoryId=501,564,17,14,29,46,66,6,128,0.000%,.17397,2.45,0.03
GET /items?categoryId=502,554,16,14,34,35,46,5,62,0.000%,.17088,2.17,0.03
GET /items?categoryId=503,474,21,16,43,54,75,6,76,0.000%,.14621,1.80,0.02
GET /items?categoryId=504,534,16,13,26,32,45,5,231,0.000%,.16472,2.35,0.03
GET /items?categoryId=505,463,14,14,22,31,34,5,56,0.000%,.14282,1.89,0.02
GET /items?categoryId=506,451,16,14,22,37,45,6,167,0.000%,.13911,1.87,0.02
GET /items?categoryId=507,550,17,14,23,35,54,6,130,0.000%,.16965,2.15,0.03
GET /items?categoryId=508,558,20,16,29,53,80,6,171,0.000%,.17211,2.46,0.03
GET /items?categoryId=509,398,19,17,26,38,58,5,135,0.000%,.12276,1.64,0.02
GET /items?categoryId=510,573,18,16,27,39,73,5,93,0.000%,.17674,2.29,0.03
GET /items?categoryId=511,586,20,16,31,47,96,6,218,0.000%,.18075,2.45,0.03
GET /items?categoryId=512,395,18,14,32,46,69,5,80,0.000%,.12184,1.58,0.02
GET /items?categoryId=513,395,17,15,28,40,48,7,49,0.000%,.12184,1.69,0.02
GET /items?categoryId=514,557,16,13,30,38,45,6,177,0.000%,.17181,2.31,0.03
GET /items?categoryId=515,543,24,15,30,128,171,7,177,0.000%,.16748,2.02,0.03
GET /items?categoryId=516,569,17,16,26,35,44,6,95,0.000%,.17550,2.54,0.03
GET /items?categoryId=517,582,20,15,38,46,95,5,152,0.000%,.17951,2.29,0.03
GET /items?categoryId=518,469,20,18,34,42,55,6,221,0.000%,.14466,1.81,0.02
GET /items?categoryId=519,476,18,15,31,39,71,5,73,0.000%,.14682,1.89,0.02
GET /items?categoryId=520,385,18,14,35,44,71,7,71,0.000%,.11875,1.75,0.02
GET /items?categoryId=521,586,21,15,39,57,105,6,111,0.000%,.18075,2.45,0.03
GET /items?categoryId=522,524,19,16,37,47,63,6,101,0.000%,.16162,2.02,0.03
GET /items?categoryId=523,430,16,14,26,32,41,6,84,0.000%,.13263,1.81,0.02
GET /items?categoryId=524,518,18,14,28,47,73,5,172,0.000%,.15977,2.15,0.03
GET /items?categoryId=525,408,17,15,32,37,42,5,47,0.000%,.12584,1.73,0.02
GET /items?categoryId=526,411,22,16,38,44,160,5,236,0.000%,.12677,1.58,0.02
GET /items?categoryId=527,388,19,16,34,39,48,7,60,0.000%,.11968,1.51,0.02
GET /items?categoryId=528,589,18,14,34,45,50,5,61,0.000%,.18167,2.37,0.03
GET /items?categoryId=529,535,18,15,32,36,54,5,64,0.000%,.16502,2.33,0.03
GET /items?categoryId=530,517,21,16,29,44,121,7,124,0.000%,.15947,2.06,0.03
GET /items?categoryId=531,524,18,15,29,36,69,5,98,0.000%,.16163,2.07,0.03
GET /items?categoryId=532,474,18,15,28,39,50,5,166,0.000%,.14620,2.07,0.02
GET /items?categoryId=533,501,23,15,35,72,183,6,190,0.000%,.15452,2.19,0.02
GET /items?categoryId=534,495,27,15,54,146,180,5,212,0.000%,.15268,1.81,0.02
GET /items?categoryId=535,552,19,14,31,52,91,5,119,0.000%,.17026,2.22,0.03
GET /items?categoryId=536,483,21,17,38,45,74,6,86,0.000%,.14897,2.10,0.02
GET /items?categoryId=537,567,17,16,24,28,38,6,55,0.000%,.17488,2.34,0.03
GET /items?categoryId=538,429,19,16,28,35,76,6,133,0.000%,.13232,1.81,0.02
GET /items?categoryId=539,443,16,14,24,34,51,7,119,0.000%,.13663,1.62,0.02
GET /items?categoryId=540,590,24,16,34,100,161,5,185,0.000%,.18197,2.54,0.03
GET /items?categoryId=541,377,19,15,26,30,150,7,171,0.000%,.11628,1.58,0.02
GET /items?categoryId=542,469,21,13,29,54,169,6,191,0.000%,.14465,1.86,0.02
GET /items?categoryId=543,523,22,16,39,69,149,7,168,0.000%,.16131,2.13,0.03
GET /items?categoryId=544,410,19,16,34,41,65,6,75,0.000%,.12645,1.69,0.02
GET /items?categoryId=545,479,17,16,24,27,55,7,87,0.000%,.14773,2.07,0.02
GET /items?categoryId=546,544,22,18,34,45,111,8,118,0.000%,.16778,2.20,0.03
GET /items?categoryId=547,404,16,15,25,30,39,7,57,0.000%,.12460,1.65,0.02
GET /items?categoryId=548,576,18,15,27,45,71,6,74,0.000%,.17765,2.38,0.03
GET /items?categoryId=549,479,25,15,35,53,219,6,250,0.000%,.14773,2.05,0.02
GET /items?categoryId=550,569,28,17,47,78,189,6,196,0.000%,.17549,2.35,0.03
GET /items?categoryId=551,619,18,16,29,36,49,6,166,0.000%,.19091,2.50,0.03
GET /items?categoryId=552,536,16,15,25,28,37,5,39,0.000%,.16531,2.06,0.03
GET /items?categoryId=553,417,17,15,23,30,60,6,89,0.000%,.12861,1.83,0.02
GET /items?categoryId=554,476,24,16,50,77,117,6,122,0.000%,.14681,1.93,0.02
GET /items?categoryId=555,523,18,16,26,32,75,5,95,0.000%,.16130,2.15,0.03
GET /items?categoryId=556,578,19,15,30,41,75,7,257,0.000%,.17826,2.33,0.03
GET /items?categoryId=557,342,18,14,27,46,53,5,209,0.000%,.10547,1.50,0.02
GET /items?categoryId=558,516,21,16,38,48,78,8,155,0.000%,.15913,2.13,0.03
GET /items?categoryId=559,564,18,15,28,48,83,5,85,0.000%,.17394,2.18,0.03
GET /items?categoryId=560,516,18,15,31,40,84,5,192,0.000%,.15913,2.02,0.03
GET /items?categoryId=561,375,25,17,32,48,197,7,216,0.000%,.11565,1.65,0.02
GET /items?categoryId=562,380,19,17,32,40,79,6,82,0.000%,.11719,1.66,0.02
GET /items?categoryId=563,487,24,17,42,53,192,6,208,0.000%,.15019,1.86,0.02
GET /items?categoryId=564,397,25,18,35,55,189,6,202,0.000%,.12244,1.62,0.02
GET /items?categoryId=565,545,20,16,33,39,59,5,169,0.000%,.16807,2.24,0.03
GET /items?categoryId=566,523,22,17,33,39,168,6,171,0.000%,.16129,2.25,0.03
GET /items?categoryId=567,432,23,17,38,48,163,5,170,0.000%,.13322,1.76,0.02
GET /items?categoryId=568,507,23,18,33,42,175,7,189,0.000%,.15635,2.08,0.02
GET /items?categoryId=569,558,19,15,37,51,100,5,169,0.000%,.17208,2.25,0.03
GET /items?categoryId=570,454,19,15,35,38,51,7,65,0.000%,.14001,1.90,0.02
GET /items?categoryId=571,628,16,14,26,30,39,5,71,0.000%,.19367,2.43,0.03
GET /items?categoryId=572,538,17,15,27,35,54,6,55,0.000%,.16592,2.20,0.03
GET /items?categoryId=573,413,17,16,27,29,89,5,129,0.000%,.12737,1.75,0.02
GET /items?categoryId=574,554,19,16,30,40,73,6,184,0.000%,.17084,2.23,0.03
GET /items?categoryId=575,621,25,17,32,49,186,5,204,0.000%,.19151,2.45,0.03
GET /items?categoryId=576,411,21,18,41,49,54,7,154,0.000%,.12675,1.67,0.02
GET /items?categoryId=577,486,22,18,34,42,146,7,147,0.000%,.14987,2.06,0.02
GET /items?categoryId=578,432,18,15,30,42,66,6,68,0.000%,.13322,1.78,0.02
GET /items?categoryId=579,550,18,16,35,39,54,6,67,0.000%,.16961,2.15,0.03
GET /items?categoryId=580,584,19,15,39,48,83,5,85,0.000%,.18010,2.34,0.03
GET /items?categoryId=581,456,23,16,35,48,186,6,215,0.000%,.14063,2.01,0.02
GET /items?categoryId=582,485,24,15,31,79,171,5,215,0.000%,.14956,1.87,0.02
GET /items?categoryId=583,418,22,17,36,74,162,5,164,0.000%,.12890,1.63,0.02
GET /items?categoryId=584,458,19,16,32,39,59,6,116,0.000%,.14124,1.78,0.02
GET /items?categoryId=585,521,17,16,29,33,48,5,127,0.000%,.16067,2.30,0.03
GET /items?categoryId=586,391,19,15,27,34,124,6,135,0.000%,.12058,1.62,0.02
GET /items?categoryId=587,474,15,14,24,30,38,5,47,0.000%,.14617,1.82,0.02
GET /items?categoryId=588,466,18,16,32,50,62,7,78,0.000%,.14371,1.88,0.02
GET /items?categoryId=589,576,20,14,28,35,237,4,238,0.000%,.17763,2.37,0.03
GET /items?categoryId=590,494,23,14,49,70,215,5,216,0.000%,.15233,1.99,0.02
GET /items?categoryId=591,548,26,16,49,109,154,5,170,0.000%,.16899,2.16,0.03
GET /items?categoryId=592,485,25,18,41,79,117,6,139,0.000%,.14956,1.95,0.02
GET /items?categoryId=593,481,23,18,38,53,105,7,113,0.000%,.14832,2.11,0.02
GET /items?categoryId=594,363,19,16,37,39,52,5,164,0.000%,.11194,1.37,0.02
GET /items?categoryId=595,539,26,17,37,149,186,4,191,0.000%,.16621,2.10,0.03
GET /items?categoryId=596,480,18,15,31,38,51,6,56,0.000%,.14802,2.00,0.02
GET /items?categoryId=597,579,16,15,23,27,56,5,89,0.000%,.17854,2.33,0.03
GET /items?categoryId=598,429,18,15,29,51,82,5,93,0.000%,.13229,1.89,0.02
GET /items?categoryId=599,441,20,14,34,47,111,5,180,0.000%,.13599,1.60,0.02
GET /items?categoryId=600,516,19,15,36,45,115,5,183,0.000%,.15911,2.10,0.03
GET /items?categoryId=601,435,20,17,30,52,68,6,139,0.000%,.13414,1.78,0.02
GET /items?categoryId=602,442,15,15,23,26,34,6,63,0.000%,.13630,1.79,0.02
GET /items?categoryId=603,517,21,16,35,46,125,5,165,0.000%,.15942,2.04,0.03
GET /items?categoryId=604,519,18,16,31,38,70,5,71,0.000%,.16004,2.07,0.03
GET /items?categoryId=605,464,17,15,24,48,72,5,88,0.000%,.14308,1.93,0.02
GET /items?categoryId=606,418,15,13,21,32,50,5,66,0.000%,.12889,1.62,0.02
GET /items?categoryId=607,584,16,14,27,35,57,4,64,0.000%,.18007,2.38,0.03
GET /items?categoryId=608,509,21,17,29,56,154,6,212,0.000%,.15695,2.03,0.02
GET /items?categoryId=609,498,18,15,27,41,81,4,190,0.000%,.15356,2.10,0.02
GET /items?categoryId=610,470,17,15,26,36,53,7,84,0.000%,.14492,1.99,0.02
GET /items?categoryId=611,462,16,14,23,36,59,5,72,0.000%,.14246,1.80,0.02
GET /items?categoryId=612,418,23,17,36,72,150,5,151,0.000%,.12889,1.66,0.02
GET /items?categoryId=613,478,17,14,29,35,68,5,105,0.000%,.14739,1.99,0.02
GET /items?categoryId=614,401,16,14,26,34,41,5,68,0.000%,.12365,1.71,0.02
GET /items?categoryId=615,411,16,15,22,35,58,5,67,0.000%,.12673,1.56,0.02
GET /items?categoryId=616,345,22,15,26,31,269,6,271,0.000%,.10638,1.44,0.02
GET /items?categoryId=617,572,20,15,38,55,98,7,211,0.000%,.17637,2.37,0.03
GET /items?categoryId=618,486,20,15,40,70,99,5,171,0.000%,.14985,2.05,0.02
GET /items?categoryId=619,427,18,15,29,41,66,5,185,0.000%,.13166,1.71,0.02
GET /items?categoryId=620,410,19,16,29,35,71,6,185,0.000%,.12642,1.68,0.02
GET /items?categoryId=621,568,19,16,30,39,112,6,180,0.000%,.17514,2.31,0.03
GET /items?categoryId=622,567,24,19,47,69,114,6,122,0.000%,.17483,2.33,0.03
GET /items?categoryId=623,414,19,17,31,36,49,6,219,0.000%,.12765,1.84,0.02
GET /items?categoryId=624,398,18,15,25,32,84,5,86,0.000%,.12272,1.52,0.02
GET /items?categoryId=625,516,21,17,31,42,142,6,179,0.000%,.15910,2.08,0.03
GET /items?categoryId=626,509,20,16,34,50,80,6,133,0.000%,.15694,2.09,0.02
GET /items?categoryId=627,528,19,16,34,40,63,6,152,0.000%,.16280,2.26,0.03
GET /items?categoryId=628,384,20,17,33,41,82,5,153,0.000%,.11840,1.62,0.02
GET /items?categoryId=629,487,18,16,31,39,67,5,111,0.000%,.15015,1.84,0.02
GET /items?categoryId=630,579,23,16,41,64,134,7,232,0.000%,.17852,2.49,0.03
GET /items?categoryId=631,452,21,18,37,44,81,6,103,0.000%,.13936,1.90,0.02
GET /items?categoryId=632,558,18,16,30,36,73,4,126,0.000%,.17205,2.13,0.03
GET /items?categoryId=633,450,17,13,27,34,172,4,212,0.000%,.13874,1.73,0.02
GET /items?categoryId=634,560,20,15,34,45,124,6,198,0.000%,.17265,2.35,0.03
GET /items?categoryId=635,453,18,16,32,40,47,6,51,0.000%,.13966,1.99,0.02
GET /items?categoryId=636,409,14,13,23,31,40,4,47,0.000%,.12610,1.57,0.02
GET /items?categoryId=637,586,23,17,38,54,210,6,212,0.000%,.18067,2.32,0.03
GET /items?categoryId=638,460,21,18,38,67,80,6,112,0.000%,.14182,1.93,0.02
GET /items?categoryId=639,501,21,18,42,46,80,6,159,0.000%,.15446,2.13,0.02
GET /items?categoryId=640,385,19,15,29,42,122,5,131,0.000%,.11870,1.60,0.02
GET /items?categoryId=641,585,20,15,34,48,120,5,152,0.000%,.18035,2.21,0.03
GET /items?categoryId=642,563,24,17,39,58,176,6,182,0.000%,.17357,2.41,0.03
GET /items?categoryId=643,409,22,17,36,55,178,6,182,0.000%,.12609,1.73,0.02
GET /items?categoryId=644,379,16,14,24,31,52,5,54,0.000%,.11685,1.57,0.02
GET /items?categoryId=645,493,27,15,41,100,204,6,219,0.000%,.15199,1.96,0.02
GET /items?categoryId=646,520,18,15,27,32,97,6,99,0.000%,.16031,2.09,0.03
GET /items?categoryId=647,551,23,17,41,71,89,6,156,0.000%,.16987,2.44,0.03
GET /items?categoryId=648,413,19,16,27,45,77,6,87,0.000%,.12732,1.71,0.02
GET /items?categoryId=649,554,26,16,32,72,220,6,228,0.000%,.17079,2.17,0.03
GET /items?categoryId=650,443,23,16,33,52,221,5,223,0.000%,.13657,1.81,0.02
GET /items?categoryId=651,463,19,16,36,48,124,5,209,0.000%,.14273,1.80,0.02
GET /items?categoryId=652,513,19,14,32,55,124,4,126,0.000%,.15814,2.15,0.03
GET /items?categoryId=653,452,20,16,39,44,65,6,86,0.000%,.13934,1.83,0.02
GET /items?categoryId=654,578,18,15,30,45,57,5,196,0.000%,.17818,2.20,0.03
GET /items?categoryId=655,503,23,16,34,42,249,6,267,0.000%,.15506,2.14,0.02
GET /items?categoryId=656,497,34,17,85,118,273,6,302,0.000%,.15321,2.04,0.02
GET /items?categoryId=657,557,23,15,40,71,179,5,208,0.000%,.17170,2.28,0.03
GET /items?categoryId=658,532,24,16,42,65,175,6,208,0.000%,.16400,2.22,0.03
GET /items?categoryId=659,535,23,17,43,56,131,6,132,0.000%,.16492,2.17,0.03
GET /items?categoryId=660,434,18,15,33,40,50,6,81,0.000%,.13379,1.89,0.02
GET /items?categoryId=661,566,20,17,37,50,66,6,76,0.000%,.17448,2.25,0.03
GET /items?categoryId=662,590,17,14,23,34,56,5,221,0.000%,.18188,2.41,0.03
GET /items?categoryId=663,442,16,14,24,31,41,5,180,0.000%,.13625,1.79,0.02
GET /items?categoryId=664,430,19,16,33,42,59,6,169,0.000%,.13255,1.81,0.02
GET /items?categoryId=665,464,23,19,35,58,72,6,160,0.000%,.14303,1.89,0.02
GET /items?categoryId=666,556,17,15,27,34,51,5,177,0.000%,.17139,2.26,0.03
GET /items?categoryId=667,464,18,15,31,36,61,5,97,0.000%,.14303,1.86,0.02
GET /items?categoryId=668,431,23,17,33,53,128,7,162,0.000%,.13286,1.77,0.02
GET /items?categoryId=669,607,20,15,28,38,235,5,245,0.000%,.18711,2.37,0.03
GET /items?categoryId=670,522,20,16,38,40,69,5,93,0.000%,.16091,2.09,0.03
GET /items?categoryId=671,458,17,15,33,37,47,5,53,0.000%,.14118,1.90,0.02
GET /items?categoryId=672,616,20,16,32,40,174,5,206,0.000%,.18987,2.48,0.03
GET /items?categoryId=673,428,25,18,46,67,171,7,205,0.000%,.13193,1.72,0.02
GET /items?categoryId=674,510,23,16,40,63,132,5,223,0.000%,.15721,2.03,0.02
GET /items?categoryId=675,541,22,18,36,51,140,7,188,0.000%,.16676,2.34,0.03
GET /items?categoryId=676,403,20,16,38,44,65,6,114,0.000%,.12422,1.62,0.02
GET /items?categoryId=677,542,21,15,32,46,149,6,151,0.000%,.16706,2.15,0.03
GET /items?categoryId=678,559,21,16,32,49,132,5,141,0.000%,.17230,2.31,0.03
GET /items?categoryId=679,584,21,18,36,49,86,6,90,0.000%,.18001,2.29,0.03
GET /items?categoryId=680,436,21,15,35,56,167,4,186,0.000%,.13439,1.80,0.02
GET /items?categoryId=681,534,22,16,42,56,79,5,190,0.000%,.16460,2.12,0.03
GET /items?categoryId=682,398,24,17,42,56,179,5,244,0.000%,.12268,1.57,0.02
GET /items?categoryId=683,542,23,18,39,54,113,6,115,0.000%,.16706,2.20,0.03
GET /items?categoryId=684,498,20,18,36,50,94,6,95,0.000%,.15350,2.07,0.02
GET /items?categoryId=685,415,19,14,31,48,132,4,133,0.000%,.12792,1.68,0.02
GET /items?categoryId=686,440,22,19,35,54,106,6,152,0.000%,.13563,1.88,0.02
GET /items?categoryId=687,534,21,18,35,52,64,6,73,0.000%,.16460,2.15,0.03
GET /items?categoryId=688,501,19,14,32,42,140,5,228,0.000%,.15442,2.02,0.02
GET /items?categoryId=689,479,20,18,33,42,71,4,227,0.000%,.14764,1.90,0.02
GET /items?categoryId=690,400,23,16,46,63,107,6,208,0.000%,.12330,1.79,0.02
GET /items?categoryId=691,619,22,18,42,53,80,5,107,0.000%,.19080,2.45,0.03
GET /items?categoryId=692,429,22,15,35,66,124,6,136,0.000%,.13223,1.83,0.02
GET /items?categoryId=693,421,21,15,40,54,88,6,136,0.000%,.12977,1.70,0.02
GET /items?categoryId=694,493,19,16,30,46,70,6,119,0.000%,.15196,2.08,0.02
GET /items?categoryId=695,514,25,17,37,80,126,6,226,0.000%,.15844,2.12,0.03
GET /items?categoryId=696,397,22,16,35,51,146,6,188,0.000%,.12236,1.61,0.02
GET /items?categoryId=697,425,20,15,39,52,81,6,233,0.000%,.13100,1.69,0.02
GET /items?categoryId=698,508,23,15,47,58,99,7,218,0.000%,.15658,2.11,0.02
GET /items?categoryId=699,518,19,16,41,50,70,5,102,0.000%,.15966,2.03,0.03
GET /items?categoryId=700,505,19,16,30,42,65,5,277,0.000%,.15565,1.96,0.02
GET /items?categoryId=701,569,27,16,36,63,247,5,276,0.000%,.17538,2.32,0.03
GET /items?categoryId=702,470,19,15,34,38,78,5,79,0.000%,.14487,1.97,0.02
GET /items?categoryId=703,478,20,16,34,48,96,5,160,0.000%,.14733,1.86,0.02
GET /items?categoryId=704,496,25,18,40,69,143,7,212,0.000%,.15287,2.07,0.02
GET /items?categoryId=705,501,21,15,39,56,103,6,113,0.000%,.15441,1.99,0.02
GET /items?categoryId=706,443,23,15,47,84,127,5,178,0.000%,.13654,1.88,0.02
GET /items?categoryId=707,504,21,16,42,45,105,4,182,0.000%,.15534,1.98,0.02
GET /items?categoryId=708,569,21,16,41,53,113,5,188,0.000%,.17537,2.18,0.03
GET /items?categoryId=709,517,19,14,33,54,98,5,104,0.000%,.15935,2.06,0.03
GET /items?categoryId=710,364,21,17,37,49,96,6,110,0.000%,.11219,1.53,0.02
GET /items?categoryId=711,616,21,17,35,54,104,6,109,0.000%,.18986,2.56,0.03
GET /items?categoryId=712,397,31,17,45,144,254,6,280,0.000%,.12236,1.62,0.02
GET /items?categoryId=713,509,33,17,57,144,234,6,239,0.000%,.15687,2.08,0.02
GET /items?categoryId=714,549,19,15,36,47,72,5,186,0.000%,.16920,2.23,0.03
GET /items?categoryId=715,537,20,17,31,45,86,7,89,0.000%,.16550,2.27,0.03
GET /items?categoryId=716,450,19,15,30,48,117,5,117,0.000%,.13869,1.82,0.02
GET /items?categoryId=717,532,21,15,28,46,244,4,275,0.000%,.16397,2.11,0.03
GET /items?categoryId=718,511,28,14,26,222,244,5,257,0.000%,.15749,1.95,0.03
GET /items?categoryId=719,429,21,16,29,55,118,6,193,0.000%,.13222,1.77,0.02
GET /items?categoryId=720,437,24,17,36,47,161,7,217,0.000%,.13468,1.85,0.02
GET /items?categoryId=721,562,23,18,36,52,101,6,258,0.000%,.17320,2.29,0.03
GET /items?categoryId=722,470,24,16,39,56,151,5,191,0.000%,.14485,1.78,0.02
GET /items?categoryId=723,488,20,19,31,39,49,7,54,0.000%,.15040,2.09,0.02
GET /items?categoryId=724,429,22,16,39,43,195,7,198,0.000%,.13222,1.74,0.02
GET /items?categoryId=725,481,23,15,42,71,124,5,225,0.000%,.14824,1.92,0.02
GET /items?categoryId=726,525,21,16,35,61,104,6,124,0.000%,.16180,2.21,0.03
GET /items?categoryId=727,547,22,16,38,49,98,6,110,0.000%,.16859,2.22,0.03
GET /items?categoryId=728,498,23,15,30,68,209,5,213,0.000%,.15348,2.13,0.02
GET /items?categoryId=729,402,23,18,40,62,120,5,219,0.000%,.12389,1.59,0.02
GET /items?categoryId=730,425,22,18,40,46,119,5,215,0.000%,.13098,1.56,0.02
GET /items?categoryId=731,467,23,21,34,44,122,6,189,0.000%,.14392,1.95,0.02
GET /items?categoryId=732,403,20,16,37,44,66,6,91,0.000%,.12420,1.74,0.02
GET /items?categoryId=733,615,19,17,30,37,129,6,149,0.000%,.18953,2.54,0.03
GET /items?categoryId=734,550,19,16,30,47,64,6,74,0.000%,.16950,2.17,0.03
GET /items?categoryId=735,571,20,17,38,47,61,6,80,0.000%,.17598,2.41,0.03
GET /items?categoryId=736,455,37,17,84,209,222,6,266,0.000%,.14022,1.89,0.02
GET /items?categoryId=737,441,27,16,50,90,205,5,222,0.000%,.13591,1.87,0.02
GET /items?categoryId=738,481,24,20,41,56,126,5,226,0.000%,.14823,1.81,0.02
GET /items?categoryId=739,561,23,19,36,48,126,6,163,0.000%,.17289,2.25,0.03
GET /items?categoryId=740,452,18,17,29,36,76,6,80,0.000%,.13930,1.97,0.02
GET /items?categoryId=741,423,18,15,28,42,93,5,119,0.000%,.13036,1.66,0.02
GET /items?categoryId=742,482,21,15,34,56,117,4,169,0.000%,.14854,1.93,0.02
GET /items?categoryId=743,575,21,17,28,37,231,6,240,0.000%,.17720,2.34,0.03
GET /items?categoryId=744,493,25,18,37,53,233,6,261,0.000%,.15192,2.03,0.02
GET /items?categoryId=745,517,18,16,26,32,43,7,123,0.000%,.15932,2.19,0.03
GET /items?categoryId=746,412,25,19,40,104,127,7,142,0.000%,.12696,1.62,0.02
GET /items?categoryId=747,406,21,18,29,40,100,7,112,0.000%,.12512,1.79,0.02
GET /items?categoryId=748,524,18,16,27,36,40,5,160,0.000%,.16148,2.01,0.03
GET /items?categoryId=749,419,18,17,27,30,43,6,51,0.000%,.12912,1.76,0.02
GET /items?categoryId=750,456,16,14,23,26,48,5,179,0.000%,.14052,1.84,0.02
GET /items?categoryId=751,567,20,15,28,66,123,5,222,0.000%,.17473,2.23,0.03
GET /items?categoryId=752,453,18,16,27,36,50,5,222,0.000%,.13959,1.80,0.02
GET /items?categoryId=753,421,17,15,28,35,50,5,52,0.000%,.12973,1.68,0.02
GET /items?categoryId=754,530,21,17,33,37,183,6,198,0.000%,.16331,2.30,0.03
GET /items?categoryId=755,553,18,15,26,36,122,5,125,0.000%,.17040,2.15,0.03
GET /items?categoryId=756,466,22,19,37,52,114,6,166,0.000%,.14359,1.93,0.02
GET /items?categoryId=757,552,23,19,31,41,115,6,146,0.000%,.17009,2.26,0.03
GET /items?categoryId=758,392,17,17,25,28,35,7,135,0.000%,.12079,1.58,0.02
GET /items?categoryId=759,434,19,15,26,41,132,4,271,0.000%,.13373,1.86,0.02
GET /items?categoryId=760,586,20,15,29,48,169,5,189,0.000%,.18056,2.27,0.03
GET /items?categoryId=761,496,15,14,22,31,38,4,42,0.000%,.15283,2.04,0.02
GET /items?categoryId=762,393,18,17,26,34,74,6,147,0.000%,.12109,1.70,0.02
GET /items?categoryId=763,408,16,15,26,29,72,5,95,0.000%,.12572,1.59,0.02
GET /items?categoryId=764,527,22,19,33,42,139,6,148,0.000%,.16238,2.08,0.03
GET /items?categoryId=765,478,19,16,27,36,104,7,129,0.000%,.14728,2.01,0.02
GET /items?categoryId=766,557,25,17,32,105,244,6,255,0.000%,.17162,2.37,0.03
GET /items?categoryId=767,574,24,17,39,64,194,6,210,0.000%,.17686,2.33,0.03
GET /items?categoryId=768,620,20,17,37,46,52,6,66,0.000%,.19104,2.51,0.03
GET /items?categoryId=769,499,15,14,23,26,54,5,60,0.000%,.15375,2.09,0.02
GET /items?categoryId=770,432,16,13,24,33,83,5,155,0.000%,.13311,1.76,0.02
GET /items?categoryId=771,494,16,15,24,32,60,6,115,0.000%,.15221,1.94,0.02
GET /items?categoryId=772,544,19,16,28,36,93,5,124,0.000%,.16762,2.18,0.03
GET /items?categoryId=773,449,18,15,25,27,39,7,244,0.000%,.13835,1.89,0.02
GET /items?categoryId=774,459,30,18,75,131,166,6,219,0.000%,.14143,1.93,0.02
GET /items?categoryId=775,599,26,16,53,101,172,5,187,3.840%,.18456,2.12,0.03
GET /items?categoryId=776,473,21,16,32,50,167,6,172,1.268%,.14574,1.88,0.02
GET /items?categoryId=777,504,16,15,28,33,51,5,53,0.000%,.15529,2.14,0.02
GET /items?categoryId=778,557,20,17,30,36,53,6,199,0.000%,.17162,2.28,0.03
GET /items?categoryId=779,451,18,18,31,36,40,6,53,0.000%,.13896,1.76,0.02
GET /items?categoryId=780,507,20,14,27,36,292,5,308,0.000%,.15622,2.01,0.02
GET /items?categoryId=781,521,21,17,34,50,154,7,300,0.000%,.16053,2.22,0.03
GET /items?categoryId=782,385,21,18,39,47,66,7,68,0.260%,.11863,1.51,0.02
GET /items?categoryId=783,398,26,20,42,72,132,7,247,5.528%,.12263,1.51,0.02
GET /items?categoryId=784,643,31,19,42,153,218,7,247,4.355%,.19812,2.35,0.03
GET /items?categoryId=785,521,17,14,32,43,53,5,54,0.000%,.16053,2.24,0.03
GET /items?categoryId=786,402,19,15,27,45,108,6,191,0.000%,.12387,1.63,0.02
GET /items?categoryId=787,434,20,17,30,43,106,7,113,0.000%,.13372,1.72,0.02
GET /items?categoryId=788,590,19,17,32,38,57,6,126,0.000%,.18179,2.39,0.03
GET /items?categoryId=789,493,20,15,35,53,126,6,214,0.000%,.15190,2.15,0.02
GET /items?categoryId=790,431,16,14,23,30,64,5,70,0.000%,.13280,1.76,0.02
GET /items?categoryId=791,547,16,14,26,34,60,5,98,1.463%,.16854,1.99,0.03
GET /items?categoryId=792,445,24,19,38,54,164,7,249,0.674%,.13711,1.87,0.02
GET /items?categoryId=793,470,22,17,39,53,112,6,126,0.000%,.14482,1.90,0.02
GET /items?categoryId=794,498,19,15,33,39,80,6,152,0.000%,.15344,2.10,0.02
GET /items?categoryId=795,480,19,16,27,44,63,7,160,0.000%,.14790,1.92,0.02
GET /items?categoryId=796,628,18,14,29,41,139,5,185,0.000%,.19350,2.47,0.03
GET /items?categoryId=797,447,20,16,33,41,144,6,182,0.000%,.13773,2.03,0.02
GET /items?categoryId=798,477,18,15,30,37,59,5,288,0.419%,.14697,1.87,0.02
GET /items?categoryId=799,468,28,14,30,102,339,5,346,1.923%,.14420,1.70,0.02
GET /items?categoryId=800,448,21,16,37,63,122,5,135,0.000%,.13804,1.83,0.02
GET /items?categoryId=801,460,19,14,38,50,72,5,132,0.000%,.14174,1.91,0.02
GET /items?categoryId=802,416,31,16,112,121,173,4,206,0.000%,.12818,1.69,0.02
GET /items?categoryId=803,469,32,18,81,121,163,6,187,0.000%,.14451,1.94,0.02
GET /items?categoryId=804,442,22,16,37,56,137,7,173,0.000%,.13620,1.74,0.02
GET /items?categoryId=805,515,19,14,34,59,69,5,84,0.000%,.15869,1.97,0.03
GET /items?categoryId=806,447,23,15,51,78,113,6,291,0.000%,.13774,1.89,0.02
GET /items?categoryId=807,408,21,14,36,47,172,5,266,0.000%,.12572,1.62,0.02
GET /items?categoryId=808,565,21,16,31,47,186,5,195,0.000%,.17410,2.24,0.03
GET /items?categoryId=809,558,21,17,31,40,145,6,164,0.000%,.17194,2.30,0.03
GET /items?categoryId=810,417,19,14,29,49,133,5,137,0.000%,.12850,1.74,0.02
GET /items?categoryId=811,507,22,18,34,41,107,7,162,0.000%,.15623,2.09,0.02
GET /items?categoryId=812,601,19,16,31,39,108,4,139,0.000%,.18519,2.35,0.03
GET /items?categoryId=813,460,15,14,22,28,35,5,101,0.000%,.14175,1.90,0.02
GET /items?categoryId=814,490,16,14,25,29,54,5,282,0.000%,.15099,1.93,0.02
GET /items?categoryId=815,417,22,14,33,53,177,5,187,0.000%,.12850,1.66,0.02
GET /items?categoryId=816,505,21,16,32,42,164,5,185,0.000%,.15562,2.11,0.02
GET /items?categoryId=817,469,21,13,43,77,124,5,172,0.000%,.14452,1.71,0.02
GET /items?categoryId=818,481,28,14,74,136,172,5,184,0.000%,.14822,2.00,0.02
GET /items?categoryId=819,546,27,17,38,82,206,7,225,0.000%,.16826,2.31,0.03
GET /items?categoryId=820,573,24,18,40,73,121,6,237,0.000%,.17659,2.32,0.03
GET /items?categoryId=821,400,26,16,46,106,230,5,242,0.000%,.12328,1.56,0.02
GET /items?categoryId=822,387,27,16,70,103,213,7,227,0.000%,.11927,1.64,0.02
GET /items?categoryId=823,421,22,15,29,64,213,6,226,0.000%,.12975,1.75,0.02
GET /items?categoryId=824,512,21,17,33,41,117,6,130,0.000%,.15780,2.07,0.03
GET /items?categoryId=825,409,31,17,36,162,220,5,244,0.000%,.12606,1.62,0.02
GET /items?categoryId=826,501,22,13,26,105,163,5,177,0.000%,.15441,1.96,0.02
GET /items?categoryId=827,439,23,16,30,101,160,4,163,0.000%,.13531,1.80,0.02
GET /items?categoryId=828,509,21,15,27,42,165,5,247,0.000%,.15689,2.03,0.02
GET /items?categoryId=829,431,24,18,37,84,125,6,196,0.000%,.13285,1.78,0.02
GET /items?categoryId=830,376,35,18,62,95,299,6,325,0.000%,.11590,1.46,0.02
GET /items?categoryId=831,400,40,16,112,263,273,7,298,0.000%,.12330,1.69,0.02
GET /items?categoryId=832,434,23,17,43,61,98,7,118,0.000%,.13378,1.80,0.02
GET /items?categoryId=833,543,30,17,85,114,142,6,170,0.000%,.16739,2.41,0.03
GET /items?categoryId=834,406,20,16,37,50,79,5,106,0.000%,.12516,1.47,0.02
GET /items?categoryId=835,496,19,14,35,39,131,4,177,0.000%,.15290,1.99,0.02
GET /items?categoryId=836,413,24,15,36,109,155,6,189,0.000%,.12732,1.70,0.02
GET /items?categoryId=837,597,30,16,47,124,297,5,307,0.000%,.18405,2.41,0.03
GET /items?categoryId=838,437,29,19,50,68,282,6,306,0.000%,.13472,1.84,0.02
GET /items?categoryId=839,459,23,18,49,62,100,7,131,0.000%,.14151,1.92,0.02
GET /items?categoryId=840,527,18,16,29,39,67,5,112,0.000%,.16247,2.13,0.03
GET /items?categoryId=841,611,24,21,36,51,138,6,164,0.000%,.18837,2.54,0.03
GET /items?categoryId=842,466,18,16,28,38,84,5,85,0.000%,.14367,1.79,0.02
GET /items?categoryId=843,364,23,16,37,57,184,5,194,0.000%,.11223,1.47,0.02
GET /items?categoryId=844,461,25,15,50,74,178,5,231,0.000%,.14213,1.86,0.02
GET /items?categoryId=845,537,25,17,54,72,150,5,183,0.000%,.16556,2.29,0.03
GET /items?categoryId=846,482,23,15,41,64,174,5,229,0.000%,.14861,1.89,0.02
GET /items?categoryId=847,568,27,16,44,134,199,5,228,0.000%,.17513,2.24,0.03
GET /items?categoryId=848,445,25,17,35,104,161,6,166,0.000%,.13722,1.95,0.02
GET /items?categoryId=849,500,28,18,45,123,170,6,197,0.000%,.15417,2.08,0.02
GET /items?categoryId=850,540,26,20,40,81,140,7,145,0.000%,.16651,2.15,0.03
GET /items?categoryId=851,533,20,16,30,53,83,6,129,0.000%,.16436,2.29,0.03
GET /items?categoryId=852,463,20,17,31,47,105,5,153,0.000%,.14277,1.72,0.02
GET /items?categoryId=853,540,23,19,43,54,86,6,157,0.000%,.16652,2.35,0.03
GET /items?categoryId=854,562,22,18,39,43,73,7,217,0.000%,.17331,2.29,0.03
GET /items?categoryId=855,425,23,17,40,55,132,5,143,0.000%,.13106,1.59,0.02
GET /items?categoryId=856,408,20,17,31,36,121,7,122,0.000%,.12582,1.83,0.02
GET /items?categoryId=857,471,22,18,35,62,103,6,130,0.000%,.14525,1.96,0.02
GET /items?categoryId=858,552,24,18,37,67,144,5,152,0.000%,.17023,2.25,0.03
GET /items?categoryId=859,574,18,17,32,39,53,5,203,0.000%,.17702,2.12,0.03
GET /items?categoryId=860,419,17,15,27,37,84,5,224,0.000%,.12922,1.80,0.02
GET /items?categoryId=861,557,22,18,31,63,115,5,187,0.000%,.17178,2.33,0.03
GET /items?categoryId=862,551,22,18,41,50,86,5,166,0.000%,.16994,2.08,0.03
GET /items?categoryId=863,492,18,15,30,41,93,5,142,0.000%,.15174,2.10,0.02
GET /items?categoryId=865,577,22,16,33,77,124,5,138,0.000%,.17796,2.45,0.03
GET /items?categoryId=864,390,22,18,40,49,85,8,126,0.000%,.12029,1.52,0.02
GET /items?categoryId=866,557,27,16,49,111,197,5,224,0.000%,.17179,2.12,0.03
GET /items?categoryId=867,433,34,19,94,137,208,6,218,0.000%,.13356,1.74,0.02
GET /items?categoryId=868,467,21,16,33,60,115,5,160,0.000%,.14405,2.03,0.02
GET /items?categoryId=869,460,24,17,33,71,158,6,159,0.000%,.14189,1.93,0.02
GET /items?categoryId=870,456,21,16,36,50,96,5,184,0.000%,.14066,1.87,0.02
GET /items?categoryId=871,626,24,18,40,79,142,6,152,0.000%,.19311,2.47,0.03
GET /items?categoryId=872,472,21,14,28,77,146,5,167,0.000%,.14560,2.05,0.02
GET /items?categoryId=873,504,20,16,27,59,112,6,115,0.000%,.15547,2.15,0.02
GET /items?categoryId=874,580,20,14,29,73,165,4,231,0.000%,.17893,2.18,0.03
GET /items?categoryId=875,421,25,15,58,81,169,5,173,0.000%,.12988,1.74,0.02
GET /items?categoryId=876,478,20,15,41,53,70,4,92,0.000%,.14747,1.96,0.02
GET /items?categoryId=877,510,18,15,30,41,94,4,98,0.000%,.15734,2.05,0.02
GET /items?categoryId=878,482,21,15,37,53,135,6,164,0.000%,.14870,1.96,0.02
GET /items?categoryId=879,443,21,18,33,70,118,5,143,0.000%,.13668,1.73,0.02
GET /items?categoryId=880,582,18,16,33,37,58,5,70,0.000%,.17956,2.49,0.03
GET /items?categoryId=881,427,19,17,31,36,104,7,140,0.000%,.13174,1.81,0.02
GET /items?categoryId=882,414,17,14,27,38,54,5,205,0.000%,.12773,1.65,0.02
GET /items?categoryId=883,484,21,15,34,52,136,5,191,0.000%,.14933,1.83,0.02
GET /items?categoryId=884,428,22,17,39,52,86,5,121,0.000%,.13205,1.76,0.02
GET /items?categoryId=885,486,18,16,31,37,57,5,65,0.000%,.14995,2.08,0.02
GET /items?categoryId=886,463,17,15,31,41,51,6,105,0.000%,.14285,1.78,0.02
GET /items?categoryId=887,580,21,16,39,61,98,5,135,0.000%,.17895,2.29,0.03
GET /items?categoryId=888,426,30,18,49,134,183,6,194,0.000%,.13144,1.74,0.02
GET /items?categoryId=889,510,23,19,36,53,117,6,180,0.000%,.15735,2.19,0.03
GET /items?categoryId=890,511,21,14,34,54,190,5,192,0.000%,.15767,2.06,0.03
GET /items?categoryId=891,486,20,16,36,46,79,6,223,0.000%,.14996,1.97,0.02
GET /items?categoryId=892,417,22,18,32,52,127,6,166,0.000%,.12867,1.69,0.02
GET /items?categoryId=893,437,21,16,33,47,101,6,116,0.000%,.13484,1.87,0.02
GET /items?categoryId=894,616,20,16,33,46,118,5,128,0.000%,.19008,2.50,0.03
GET /items?categoryId=895,439,22,17,35,53,111,5,159,0.000%,.13546,1.70,0.02
GET /items?categoryId=896,530,24,17,42,84,142,5,153,0.000%,.16355,2.22,0.03
GET /items?categoryId=897,401,24,17,51,75,93,6,193,0.000%,.12374,1.76,0.02
GET /items?categoryId=898,590,24,16,39,57,177,5,200,0.000%,.18206,2.36,0.03
GET /items?categoryId=899,386,28,18,55,133,180,6,187,0.000%,.11912,1.50,0.02
GET /items?categoryId=900,520,20,17,32,45,77,6,181,0.000%,.16047,2.16,0.03
GET /items?categoryId=901,467,19,17,29,42,56,6,66,0.000%,.14412,2.06,0.02
GET /items?categoryId=902,557,23,17,39,59,116,6,146,0.000%,.17190,2.20,0.03
GET /items?categoryId=903,553,19,14,33,50,74,5,232,0.000%,.17066,2.19,0.03
GET /items?categoryId=904,504,20,15,33,45,195,5,243,0.000%,.15554,2.15,0.02
GET /items?categoryId=905,465,21,17,36,41,75,5,118,0.000%,.14351,1.94,0.02
GET /items?categoryId=906,562,26,17,43,97,147,6,225,0.000%,.17344,2.36,0.03
GET /items?categoryId=907,527,18,16,30,52,73,5,113,0.000%,.16264,2.00,0.03
GET /items?categoryId=908,550,21,17,36,40,111,5,140,0.000%,.16974,2.29,0.03
GET /items?categoryId=909,464,18,15,29,33,43,5,63,0.000%,.14320,2.07,0.02
GET /items?categoryId=910,494,21,17,36,42,116,6,161,0.000%,.15247,1.93,0.02
GET /items?categoryId=911,553,22,18,40,56,87,5,143,0.000%,.17068,2.31,0.03
GET /items?categoryId=912,388,21,15,30,35,191,6,226,0.000%,.11975,1.55,0.02
GET /items?categoryId=913,558,22,15,32,50,200,5,239,0.000%,.17222,2.35,0.03
GET /items?categoryId=914,400,22,15,40,87,121,6,143,0.000%,.12347,1.59,0.02
GET /items?categoryId=915,519,28,18,62,99,157,6,161,0.000%,.16019,2.11,0.03
GET /items?categoryId=916,482,20,15,33,56,105,5,219,0.000%,.14878,1.96,0.02
GET /items?categoryId=918,463,19,16,32,42,68,7,70,0.000%,.14292,1.99,0.02
GET /items?categoryId=917,434,19,15,31,41,91,5,94,0.000%,.13397,1.83,0.02
GET /items?categoryId=919,581,24,18,39,53,114,6,165,0.000%,.17934,2.28,0.03
GET /items?categoryId=920,393,21,19,33,41,62,6,79,0.000%,.12132,1.65,0.02
GET /items?categoryId=921,460,22,18,40,62,103,6,142,0.000%,.14200,1.99,0.02
GET /items?categoryId=922,438,19,15,36,44,54,5,134,0.000%,.13521,1.88,0.02
GET /items?categoryId=923,550,20,15,33,37,133,4,143,0.000%,.16978,2.05,0.03
GET /items?categoryId=924,448,33,20,76,141,157,7,204,0.000%,.13830,1.88,0.02
GET /items?categoryId=925,475,24,18,38,92,125,5,194,0.000%,.14664,1.95,0.02
GET /items?categoryId=926,520,25,18,31,107,172,6,174,0.000%,.16053,2.12,0.03
GET /items?categoryId=927,484,20,14,28,59,162,6,169,0.000%,.14942,1.98,0.02
GET /items?categoryId=928,527,24,17,36,74,128,6,168,0.000%,.16270,2.16,0.03
GET /items?categoryId=929,491,25,17,33,98,146,6,192,0.000%,.15159,2.06,0.02
GET /items?categoryId=930,552,30,17,33,138,276,8,290,0.000%,.17042,2.36,0.03
GET /items?categoryId=931,435,24,15,35,66,198,5,199,0.000%,.13431,1.53,0.02
GET /items?categoryId=932,587,28,18,56,120,170,6,200,0.000%,.18125,2.52,0.03
GET /items?categoryId=933,523,23,18,33,37,166,6,193,0.000%,.16149,2.26,0.03
GET /items?categoryId=934,479,24,17,37,79,114,6,171,0.000%,.14790,1.85,0.02
GET /items?categoryId=935,455,20,17,29,36,122,5,136,0.000%,.14050,1.87,0.02
GET /items?categoryId=936,527,29,18,67,91,154,5,278,0.000%,.17490,2.16,0.03
GET /items?categoryId=937,467,19,15,33,59,97,5,114,0.000%,.15499,1.81,0.02
GET /items?categoryId=938,549,22,17,36,51,106,7,140,0.000%,.18221,2.22,0.03
GET /items?categoryId=939,370,18,15,32,48,79,5,105,0.000%,.12281,1.53,0.02
GET /items?categoryId=940,514,27,17,36,120,191,6,201,0.000%,.17060,2.11,0.03
GET /items?categoryId=941,577,22,19,34,41,102,6,129,0.000%,.19152,2.33,0.03
GET /items?categoryId=942,393,21,18,30,35,47,6,260,0.000%,.13045,1.52,0.02
GET /items?categoryId=943,491,22,18,27,34,241,7,246,0.000%,.16298,2.23,0.03
GET /items?categoryId=944,447,20,18,32,36,60,6,72,0.000%,.14838,1.77,0.02
GET /items?categoryId=945,534,15,15,25,31,42,5,68,0.000%,.17725,2.10,0.03
GET /items?categoryId=946,463,20,18,29,37,55,6,208,0.000%,.15368,1.81,0.02
GET /items?categoryId=947,493,19,18,30,34,48,6,54,0.000%,.16364,2.17,0.03
GET /items?categoryId=948,451,15,14,24,28,33,5,35,0.000%,.14970,1.76,0.02
GET /items?categoryId=949,497,23,19,33,68,130,6,161,0.000%,.16496,1.92,0.03
GET /items?categoryId=950,440,22,20,33,40,76,7,123,0.000%,.14605,1.75,0.02
GET /items?categoryId=951,495,16,15,27,32,39,5,44,0.000%,.16430,2.13,0.03
GET /items?categoryId=952,518,18,18,28,31,41,7,117,0.000%,.17194,2.05,0.03
GET /items?categoryId=953,370,18,14,30,35,82,5,132,0.000%,.12281,1.50,0.02
GET /items?categoryId=954,519,25,17,36,55,193,8,210,0.000%,.17226,1.98,0.03
GET /items?categoryId=955,364,16,15,25,28,34,6,42,0.000%,.12082,1.61,0.02
GET /items?categoryId=956,351,19,18,29,35,44,7,46,0.000%,.11651,1.61,0.02
GET /items?categoryId=957,370,21,19,37,41,54,6,136,0.000%,.12281,1.52,0.02
GET /items?categoryId=958,365,16,15,28,35,37,5,44,0.000%,.12115,1.44,0.02
GET /items?categoryId=959,458,16,15,28,33,37,5,71,0.000%,.15202,1.99,0.02
GET /items?categoryId=960,412,17,17,28,30,35,6,38,0.000%,.13675,1.90,0.02
GET /items?categoryId=961,502,20,17,27,31,50,8,204,0.000%,.16662,2.13,0.03
GET /items?categoryId=962,348,30,15,37,184,197,5,214,0.000%,.11550,1.25,0.02
GET /items?categoryId=963,486,20,15,31,42,87,6,216,0.000%,.16131,2.05,0.03
GET /items?categoryId=964,414,15,14,22,25,33,6,35,0.000%,.13741,1.89,0.02
GET /items?categoryId=965,440,15,14,22,28,38,6,40,0.000%,.14604,1.69,0.02
GET /items?categoryId=966,396,16,14,25,34,38,6,41,0.000%,.13144,1.48,0.02
GET /items?categoryId=967,423,17,15,28,33,38,6,43,0.000%,.14040,1.84,0.02
GET /items?categoryId=968,355,14,14,20,22,33,5,43,0.000%,.11783,1.61,0.02
GET /items?categoryId=969,344,15,14,22,28,45,5,213,0.000%,.11418,1.43,0.02
GET /items?categoryId=970,436,18,14,29,36,46,5,173,0.000%,.14472,1.73,0.02
GET /items?categoryId=971,437,22,17,33,38,107,6,147,0.000%,.14504,1.79,0.02
GET /items?categoryId=972,476,20,19,33,40,59,7,113,0.000%,.15798,2.18,0.03
GET /items?categoryId=973,411,19,17,31,41,53,7,58,0.000%,.13641,1.86,0.02
GET /items?categoryId=974,349,17,14,24,28,90,6,194,0.000%,.11583,1.33,0.02
GET /items?categoryId=975,428,22,19,33,41,133,7,185,0.000%,.14205,1.77,0.02
GET /items?categoryId=976,427,16,15,23,28,39,5,45,0.000%,.14172,1.78,0.02
GET /items?categoryId=977,407,19,18,29,33,39,7,146,0.000%,.13508,1.85,0.02
GET /items?categoryId=978,447,18,16,31,38,88,5,148,0.000%,.14836,1.75,0.02
GET /items?categoryId=979,376,21,18,36,46,56,7,57,0.000%,.12480,1.52,0.02
GET /items?categoryId=980,521,24,21,38,43,129,6,171,0.000%,.17292,2.39,0.03
GET /items?categoryId=981,427,20,15,30,38,184,6,208,0.000%,.14172,1.79,0.02
GET /items?categoryId=982,456,15,13,25,30,49,5,102,0.000%,.15135,1.77,0.02
GET /items?categoryId=983,365,18,15,32,35,41,6,43,0.000%,.12115,1.48,0.02
GET /items?categoryId=984,479,15,14,25,28,32,5,42,0.000%,.15898,2.13,0.03
GET /items?categoryId=985,432,18,14,27,35,117,5,171,0.000%,.14338,1.96,0.02
GET /items?categoryId=986,494,18,14,27,33,125,5,170,0.000%,.16396,1.82,0.03
GET /items?categoryId=987,397,19,18,30,33,38,6,123,0.000%,.13177,1.66,0.02
GET /items?categoryId=988,455,20,16,29,37,121,7,170,0.000%,.15102,2.09,0.02
GET /items?categoryId=989,395,23,18,34,71,115,6,247,0.000%,.13110,1.70,0.02
GET /items?categoryId=990,377,15,14,24,28,70,5,73,0.000%,.12513,1.51,0.02
GET /items?categoryId=991,540,19,18,31,34,49,6,50,0.000%,.17923,2.30,0.03
GET /items?categoryId=992,331,14,14,21,25,33,5,35,0.000%,.10986,1.45,0.02
GET /items?categoryId=993,358,17,17,26,32,43,8,45,0.000%,.11882,1.68,0.02
GET /items?categoryId=994,389,20,17,31,39,120,6,137,0.000%,.12911,1.61,0.02
GET /items?categoryId=995,385,21,17,37,51,65,7,188,0.000%,.12779,1.55,0.02
GET /items?categoryId=996,408,15,14,22,27,42,5,50,0.000%,.13542,1.67,0.02
GET /items?categoryId=997,480,22,19,33,45,64,6,232,0.000%,.15932,2.26,0.03
GET /items?categoryId=998,443,16,14,28,34,50,5,53,0.000%,.14703,1.75,0.02
GET /items?categoryId=999,395,18,17,29,33,46,6,48,0.000%,.13110,1.55,0.02
GET /items?categoryId=1000,450,17,16,25,28,32,6,49,0.000%,.14936,2.03,0.02
GET /items?categoryId=1001,500,19,17,32,37,47,6,170,0.000%,.16595,2.24,0.03
GET /items?categoryId=1002,377,19,17,33,39,42,7,44,0.000%,.12513,1.51,0.02
GET /items?categoryId=1003,467,23,18,40,48,103,6,232,0.000%,.15500,2.00,0.02
GET /items?categoryId=1004,412,20,17,31,44,122,5,177,0.000%,.13675,1.79,0.02
GET /items?categoryId=1005,459,21,18,34,43,79,6,153,0.000%,.15235,2.06,0.02
GET /items?categoryId=1006,492,17,16,30,35,46,5,55,0.000%,.16331,1.97,0.03
GET /items?categoryId=1007,501,18,17,29,36,41,5,42,0.000%,.16629,2.11,0.03
GET /items?categoryId=1008,341,15,15,24,27,38,5,39,0.000%,.11318,1.50,0.02
GET /items?categoryId=1009,491,20,20,30,35,46,6,208,0.000%,.16297,2.20,0.03
GET /items?categoryId=1010,430,20,15,30,37,185,5,190,0.000%,.14273,1.56,0.02
GET /items?categoryId=1011,401,17,15,26,32,60,5,116,0.000%,.13310,1.70,0.02
GET /items?categoryId=1012,374,22,18,30,43,116,7,207,0.000%,.12414,1.70,0.02
GET /items?categoryId=1013,540,17,14,26,35,111,5,144,0.000%,.17923,2.31,0.03
GET /items?categoryId=1014,450,16,15,26,33,61,6,97,0.000%,.14936,1.74,0.02
GET /items?categoryId=1015,310,18,18,27,29,32,7,35,0.000%,.10289,1.45,0.02
GET /items?categoryId=1016,486,14,15,20,23,26,5,28,0.000%,.16131,1.98,0.03
GET /items?categoryId=1017,375,18,14,21,29,152,5,174,0.000%,.12447,1.67,0.02
GET /items?categoryId=1018,339,21,17,29,38,60,6,266,0.000%,.11252,1.37,0.02
GET /items?categoryId=1019,378,20,17,39,52,54,6,103,0.000%,.12546,1.59,0.02
GET /items?categoryId=1020,435,21,18,31,40,95,8,176,0.000%,.14439,1.91,0.02
GET /items?categoryId=1021,375,20,18,30,40,52,6,118,0.000%,.12447,1.72,0.02
GET /items?categoryId=1022,388,18,15,27,38,115,5,131,0.000%,.12878,1.55,0.02
GET /items?categoryId=1023,365,17,16,25,27,33,6,37,0.000%,.12115,1.42,0.02
GET /items?categoryId=1024,411,18,17,28,35,39,6,58,0.000%,.13642,1.94,0.02
GET /items?categoryId=1025,426,20,19,32,37,48,7,67,0.000%,.14140,1.84,0.02
GET /items?categoryId=1026,503,21,15,31,53,167,6,209,0.000%,.16696,2.00,0.03
GET /items?categoryId=1027,399,25,18,43,96,101,7,110,0.000%,.13244,1.63,0.02
GET /items?categoryId=1028,501,19,17,28,36,43,6,179,0.000%,.16630,2.28,0.03
GET /items?categoryId=1029,461,21,15,30,39,151,5,178,0.000%,.15302,1.94,0.02
GET /items?categoryId=1030,433,18,16,27,30,34,7,39,0.000%,.14373,1.85,0.02
GET /items?categoryId=1031,451,16,14,25,29,35,6,153,0.000%,.14969,1.92,0.02
GET /items?categoryId=1032,433,17,17,26,30,35,7,39,0.000%,.14372,1.97,0.02
GET /items?categoryId=1033,485,26,15,33,75,220,5,228,0.000%,.16098,1.94,0.03
GET /items?categoryId=1034,445,20,19,29,35,43,6,59,0.000%,.14770,1.73,0.02
GET /items?categoryId=1035,304,15,14,23,29,37,5,41,0.000%,.10090,1.40,0.02
GET /items?categoryId=1036,425,19,19,28,32,36,7,47,0.000%,.14107,1.83,0.02
GET /items?categoryId=1037,437,24,20,35,43,168,7,214,0.000%,.14505,1.87,0.02
GET /items?categoryId=1038,445,19,17,27,35,78,5,106,0.000%,.14771,1.78,0.02
GET /items?categoryId=1039,353,19,15,32,38,139,5,149,0.000%,.11716,1.62,0.02
GET /items?categoryId=1040,489,21,19,34,37,43,6,163,0.000%,.16230,2.14,0.03
GET /items?categoryId=1041,503,23,18,32,36,165,6,205,0.000%,.16695,2.13,0.03
GET /items?categoryId=1042,422,18,17,27,31,48,6,59,0.000%,.14007,1.83,0.02
GET /items?categoryId=1043,356,18,17,28,47,50,6,53,0.000%,.11816,1.44,0.02
GET /items?categoryId=1044,515,21,19,31,34,57,7,223,0.000%,.17093,2.41,0.03
GET /items?categoryId=1045,357,28,20,34,58,210,7,219,0.000%,.11849,1.43,0.02
GET /items?categoryId=1046,389,17,16,25,29,42,5,128,0.000%,.12911,1.58,0.02
GET /items?categoryId=1047,365,18,17,28,34,45,6,48,0.000%,.12114,1.55,0.02
GET /items?categoryId=1048,499,23,20,38,45,54,6,220,0.000%,.16562,2.20,0.03
GET /items?categoryId=1049,535,17,14,28,34,49,5,53,0.000%,.17757,2.25,0.03
GET /items?categoryId=1050,409,16,14,27,31,41,6,57,0.000%,.13575,1.68,0.02
GET /items?categoryId=1051,366,17,15,27,31,38,6,41,0.000%,.12147,1.63,0.02
GET /items?categoryId=1052,423,23,15,32,43,177,5,187,0.000%,.14039,1.87,0.02
GET /items?categoryId=1053,364,36,17,164,175,188,5,225,0.000%,.12081,1.53,0.02
GET /items?categoryId=1055,359,18,17,28,33,49,7,83,0.000%,.11915,1.46,0.02
GET /items?categoryId=1054,447,19,18,34,40,44,5,48,0.000%,.14836,1.90,0.02
GET /items?categoryId=1056,479,21,15,35,54,135,7,155,0.000%,.15898,2.29,0.03
GET /items?categoryId=1057,439,18,16,28,36,46,6,50,0.000%,.14570,1.72,0.02
GET /items?categoryId=1058,430,15,14,23,26,34,5,39,0.000%,.14272,1.83,0.02
GET /items?categoryId=1059,418,17,14,26,34,41,5,41,0.000%,.13873,1.85,0.02
GET /items?categoryId=1060,477,14,13,23,25,33,4,35,0.000%,.15832,1.94,0.03
GET /items?categoryId=1061,422,22,16,34,36,192,5,193,0.000%,.14006,1.81,0.02
GET /items?categoryId=1062,458,18,14,36,48,59,5,71,0.000%,.15201,1.82,0.02
GET /items?categoryId=1063,472,23,17,35,46,211,6,228,0.000%,.15666,2.02,0.03
GET /items?categoryId=1064,343,22,18,33,42,145,5,177,0.000%,.11384,1.60,0.02
GET /items?categoryId=1065,391,17,16,31,33,40,5,48,0.000%,.12977,1.57,0.02
GET /items?categoryId=1066,485,17,13,29,43,62,5,74,0.000%,.16097,2.07,0.03
GET /items?categoryId=1067,451,15,13,25,28,35,5,64,0.000%,.14968,1.70,0.02
GET /items?categoryId=1068,490,18,16,27,31,53,6,120,0.000%,.16263,2.22,0.03
GET /items?categoryId=1069,461,19,17,29,37,54,6,159,0.000%,.15300,2.08,0.02
GET /items?categoryId=1070,373,15,14,24,33,49,5,201,0.000%,.12380,1.41,0.02
GET /items?categoryId=1071,443,19,14,35,63,64,5,76,0.000%,.14703,1.93,0.02
GET /items?categoryId=1072,498,21,15,34,50,143,6,196,0.000%,.16528,2.09,0.03
GET /items?categoryId=1073,505,20,18,32,37,57,6,111,0.000%,.16760,2.14,0.03
GET /items?categoryId=1074,351,13,13,20,22,29,5,33,0.000%,.11649,1.45,0.02
GET /items?categoryId=1075,405,16,15,31,33,36,6,41,0.000%,.13442,1.73,0.02
GET /items?categoryId=1076,472,17,14,27,35,47,5,188,0.000%,.15665,2.05,0.03
GET /items?categoryId=1077,522,18,14,29,36,146,5,179,0.000%,.17324,2.13,0.03
GET /items?categoryId=1078,386,22,17,34,46,153,7,215,0.000%,.12811,1.53,0.02
GET /items?categoryId=1079,454,18,17,28,35,46,6,68,0.000%,.15067,2.04,0.02
GET /items?categoryId=1080,440,23,18,36,51,124,6,196,0.000%,.14602,1.96,0.02
GET /items?categoryId=1081,453,21,21,32,41,53,6,89,0.000%,.15033,1.94,0.02
GET /items?categoryId=1082,392,18,17,28,31,40,7,40,0.000%,.13009,1.57,0.02
GET /items?categoryId=1083,413,21,18,32,38,197,7,219,0.000%,.13707,1.82,0.02
GET /items?categoryId=1084,393,17,16,22,30,52,5,176,0.000%,.13043,1.73,0.02
GET /items?categoryId=1085,403,27,17,33,131,217,6,231,0.000%,.13374,1.65,0.02
GET /items?categoryId=1086,433,20,16,33,38,83,5,132,0.000%,.14370,1.84,0.02
GET /items?categoryId=1087,412,15,14,25,27,31,5,33,0.000%,.13673,1.70,0.02
GET /items?categoryId=1088,355,18,14,24,31,162,5,187,0.000%,.11781,1.56,0.02
GET /items?categoryId=1089,485,22,17,34,40,93,5,191,0.000%,.16095,2.16,0.03
GET /items?categoryId=1090,340,24,19,36,98,107,6,107,0.000%,.11283,1.32,0.02
GET /items?categoryId=1091,440,26,18,35,45,224,5,230,0.000%,.14602,1.94,0.02
GET /items?categoryId=1092,423,21,17,30,38,194,7,220,0.000%,.14038,1.80,0.02
GET /items?categoryId=1093,519,21,13,27,36,204,5,213,0.000%,.17223,2.26,0.03
GET /items?categoryId=1094,373,22,16,29,36,165,7,179,0.000%,.12378,1.55,0.02
GET /items?categoryId=1095,310,14,13,21,24,35,5,38,0.000%,.10288,1.21,0.02
GET /items?categoryId=1096,360,18,17,28,31,36,6,39,0.000%,.11947,1.57,0.02
GET /items?categoryId=1097,364,19,17,29,31,55,6,197,0.000%,.12079,1.69,0.02
GET /items?categoryId=1098,475,16,14,28,34,64,5,65,0.000%,.15763,1.96,0.03
GET /items?categoryId=1099,365,22,17,41,69,86,6,133,0.000%,.12113,1.43,0.02
GET /items?categoryId=1100,453,26,17,48,63,191,6,223,0.000%,.15033,2.08,0.02
GET /items?categoryId=1101,421,21,20,35,40,48,6,55,0.000%,.13971,1.82,0.02
GET /items?categoryId=1102,492,21,19,33,41,53,6,211,0.000%,.16328,2.07,0.03
GET /items?categoryId=1103,480,20,17,31,41,54,6,58,0.000%,.15930,2.08,0.03
GET /items?categoryId=1104,453,19,15,28,32,159,6,165,0.000%,.15033,1.96,0.02
GET /items?categoryId=1105,384,23,13,22,152,172,5,176,0.000%,.12743,1.71,0.02
GET /items?categoryId=1106,517,21,18,31,44,94,6,106,0.000%,.17157,2.18,0.03
GET /items?categoryId=1107,358,18,14,31,35,174,5,216,0.000%,.11880,1.42,0.02
GET /items?categoryId=1108,494,16,14,28,30,51,6,87,0.000%,.16394,2.22,0.03
GET /items?categoryId=1109,313,19,17,30,34,52,8,72,0.000%,.10387,1.27,0.02
GET /items?categoryId=1110,355,17,16,29,35,57,5,101,0.000%,.11781,1.49,0.02
GET /items?categoryId=1111,465,17,15,28,36,92,5,135,0.000%,.15431,1.85,0.02
GET /items?categoryId=1112,388,16,15,28,34,46,5,90,0.000%,.12876,1.66,0.02
GET /items?categoryId=1113,458,15,14,23,27,41,5,170,0.000%,.15198,1.99,0.02
GET /items?categoryId=1114,494,18,14,28,40,81,5,156,0.000%,.16393,2.02,0.03
GET /items?categoryId=1115,383,20,15,32,37,173,6,214,0.000%,.12710,1.51,0.02
GET /items?categoryId=1116,493,20,17,32,36,45,5,218,0.000%,.16360,2.11,0.03
GET /items?categoryId=1117,450,18,15,28,43,115,6,150,0.000%,.14933,1.88,0.02
GET /items?categoryId=1118,410,19,15,30,38,99,5,178,0.000%,.13606,1.71,0.02
GET /items?categoryId=1119,429,20,17,32,35,54,6,183,0.000%,.14236,1.82,0.02
GET /items?categoryId=1120,358,17,16,27,29,33,6,42,0.000%,.11880,1.53,0.02
GET /items?categoryId=1121,397,18,17,27,35,44,7,49,0.000%,.13174,1.71,0.02
GET /items?categoryId=1122,394,29,14,53,177,186,6,191,0.000%,.13074,1.76,0.02
GET /items?categoryId=1123,469,26,20,49,57,191,6,255,0.000%,.15563,2.01,0.02
GET /items?categoryId=1124,326,22,14,33,49,190,6,194,1.840%,.10818,1.32,0.02
GET /items?categoryId=1125,509,22,17,38,68,93,7,174,3.340%,.16890,2.21,0.03
GET /items?categoryId=1126,385,19,14,30,34,190,4,193,0.000%,.12776,1.63,0.02
GET /items?categoryId=1127,375,24,16,32,70,197,6,197,0.000%,.12444,1.62,0.02
GET /items?categoryId=1128,412,19,16,32,40,43,6,53,1.214%,.13672,1.71,0.02
GET /items?categoryId=1129,330,22,18,36,53,72,6,101,5.455%,.10951,1.36,0.02
GET /items?categoryId=1130,348,19,15,29,52,73,5,100,9.483%,.11548,1.47,0.02
GET /items?categoryId=1131,453,26,16,43,102,185,5,243,9.934%,.15032,1.81,0.02
GET /items?categoryId=1132,348,22,15,31,56,192,5,193,8.908%,.11548,1.40,0.02
GET /items?categoryId=1133,322,24,20,41,52,173,5,179,3.106%,.10685,1.32,0.02
GET /items?categoryId=1134,459,17,16,26,33,91,5,105,2.614%,.15231,1.96,0.02
GET /items?categoryId=1135,395,17,15,26,29,35,5,170,0.000%,.13107,1.63,0.02
GET /items?categoryId=1136,388,22,15,39,50,168,6,170,0.000%,.12875,1.72,0.02
GET /items?categoryId=1137,423,19,17,27,34,44,6,45,0.000%,.14037,1.75,0.02
GET /items?categoryId=1138,365,20,16,30,44,86,6,90,4.658%,.12112,1.55,0.02
GET /items?categoryId=1139,510,29,21,59,100,139,6,259,10.784%,.16922,2.14,0.02
GET /items?categoryId=1140,387,27,22,44,62,105,6,241,8.269%,.12841,1.63,0.02
GET /items?categoryId=1141,455,23,20,41,43,53,5,104,15.165%,.15098,1.55,0.02
GET /items?categoryId=1142,366,23,20,42,44,52,7,80,13.388%,.12145,1.37,0.02
GET /items?categoryId=1143,350,25,20,44,58,88,7,104,9.429%,.11614,1.24,0.02
GET /items?categoryId=1144,456,16,14,27,28,44,6,117,2.412%,.15131,1.80,0.02
GET /items?categoryId=1145,433,19,17,30,39,45,7,116,0.000%,.14368,1.86,0.02
GET /items?categoryId=1146,424,18,14,24,30,188,5,246,4.717%,.14069,1.65,0.02
GET /items?categoryId=1147,458,36,20,105,151,191,6,237,10.262%,.15197,1.96,0.02
GET /items?categoryId=1148,502,26,17,47,75,188,5,288,11.753%,.16656,1.96,0.02
GET /items?categoryId=1149,396,26,20,48,70,88,6,122,13.889%,.13140,1.41,0.02
GET /items?categoryId=1150,394,23,18,48,71,72,5,88,12.944%,.13073,1.43,0.02
GET /items?categoryId=1151,436,17,16,28,34,57,6,80,3.440%,.14467,1.72,0.02
GET /items?categoryId=1152,414,20,14,27,38,162,6,164,0.000%,.13737,1.80,0.02
GET /items?categoryId=1153,462,16,14,23,26,43,5,161,0.000%,.15330,1.84,0.02
GET /items?categoryId=1154,428,19,14,31,46,113,5,132,3.505%,.14202,1.75,0.02
GET /items?categoryId=1155,377,22,16,43,72,82,6,113,17.772%,.12509,1.31,0.02
GET /items?categoryId=1156,519,30,19,71,106,162,5,211,16.185%,.17220,1.68,0.02
GET /items?categoryId=1157,358,22,18,41,43,86,5,125,13.408%,.11878,1.33,0.02
GET /items?categoryId=1158,451,23,24,37,43,47,6,87,11.973%,.14964,1.57,0.02
GET /items?categoryId=1159,420,17,15,29,35,37,6,49,4.048%,.13936,1.64,0.02
GET /items?categoryId=1160,433,19,15,28,36,93,6,122,0.000%,.14367,1.79,0.02
GET /items?categoryId=1161,484,22,19,34,37,94,7,139,0.000%,.16059,2.10,0.03
GET /items?categoryId=1162,427,20,16,37,50,113,6,231,3.747%,.14167,1.70,0.02
GET /items?categoryId=1163,386,22,15,50,69,91,5,226,10.363%,.12807,1.49,0.02
GET /items?categoryId=1164,473,32,18,60,138,233,6,270,16.068%,.15694,1.70,0.02
GET /items?categoryId=1165,518,21,15,38,61,99,5,199,14.479%,.17187,1.89,0.02
GET /items?categoryId=1166,429,23,19,42,61,96,6,107,11.422%,.14234,1.56,0.02
GET /items?categoryId=1167,372,16,15,26,35,40,6,41,0.000%,.12342,1.56,0.02
GET /items?categoryId=1168,361,20,16,26,33,171,6,176,0.000%,.11977,1.49,0.02
GET /items?categoryId=1169,502,17,13,29,36,89,5,168,0.000%,.16655,2.13,0.03
GET /items?categoryId=1170,459,21,12,31,62,187,5,280,3.268%,.15229,1.85,0.02
GET /items?categoryId=1171,410,35,17,97,158,184,6,212,14.146%,.13602,1.52,0.02
GET /items?categoryId=1172,408,28,14,55,117,222,5,234,23.775%,.13536,1.26,0.02
GET /items?categoryId=1173,362,23,20,43,43,58,8,161,12.707%,.12010,1.24,0.02
GET /items?categoryId=1174,445,16,13,28,31,57,5,59,2.921%,.14764,1.74,0.02
GET /items?categoryId=1175,443,17,16,24,27,33,6,34,0.000%,.14697,1.87,0.02
GET /items?categoryId=1176,495,15,14,24,26,37,4,96,0.000%,.16423,2.13,0.03
GET /items?categoryId=1177,383,37,17,78,196,243,6,247,0.000%,.12706,1.55,0.02
GET /items?categoryId=1178,439,34,14,99,187,217,4,258,7.973%,.14564,1.74,0.02
GET /items?categoryId=1179,403,23,18,46,60,106,8,193,18.859%,.13370,1.40,0.02
GET /items?categoryId=1180,371,21,17,38,47,55,5,176,15.903%,.12308,1.35,0.02
GET /items?categoryId=1181,346,19,13,30,34,174,5,210,8.960%,.11479,1.13,0.02
GET /items?categoryId=1182,364,16,14,27,34,62,5,62,3.571%,.12076,1.47,0.02
GET /items?categoryId=1183,417,14,14,21,25,33,5,39,0.000%,.13834,1.68,0.02
GET /items?categoryId=1184,384,15,13,27,33,36,5,42,0.000%,.12740,1.68,0.02
GET /items?categoryId=1185,458,30,14,45,183,239,5,242,0.000%,.15194,1.97,0.02
GET /items?categoryId=1186,376,32,21,79,124,180,6,191,7.447%,.12473,1.49,0.02
GET /items?categoryId=1187,393,38,21,83,123,226,6,226,13.232%,.13038,1.53,0.02
GET /items?categoryId=1188,367,19,16,40,47,79,5,97,17.166%,.12175,1.25,0.02
GET /items?categoryId=1189,452,23,15,32,39,245,5,247,15.929%,.14995,1.61,0.02
GET /items?categoryId=1190,373,22,18,35,47,61,5,82,4.290%,.12374,1.35,0.02
GET /items?categoryId=1191,427,17,15,26,38,63,5,63,0.000%,.14165,1.75,0.02
GET /items?categoryId=1192,360,19,17,30,33,42,6,44,0.000%,.11943,1.59,0.02
GET /items?categoryId=1193,447,22,13,38,73,143,5,265,0.447%,.14829,1.90,0.02
GET /items?categoryId=1194,381,30,16,54,154,191,6,196,8.136%,.12639,1.51,0.02
GET /items?categoryId=1195,462,25,14,58,109,138,5,154,8.874%,.15326,1.81,0.02
GET /items?categoryId=1196,453,30,16,100,109,148,4,167,10.596%,.15028,1.83,0.02
GET /items?categoryId=1197,484,20,14,34,56,94,5,234,9.091%,.16056,1.62,0.02
GET /items?categoryId=1198,404,26,19,41,51,230,8,234,6.931%,.13403,1.46,0.02
GET /items?categoryId=1199,491,18,17,29,35,37,6,38,1.222%,.16289,2.08,0.03
GET /items?categoryId=1200,330,14,13,22,25,36,5,38,0.000%,.10947,1.42,0.02
GET /items?categoryId=1201,426,25,14,31,161,189,4,190,3.052%,.14132,1.80,0.02
GET /items?categoryId=1202,475,23,13,32,62,216,5,217,9.263%,.15758,1.82,0.02
GET /items?categoryId=1203,431,17,14,31,37,90,5,104,8.121%,.14298,1.78,0.02
GET /items?categoryId=1204,341,22,15,40,72,112,5,134,9.971%,.11313,1.22,0.02
GET /items?categoryId=1205,353,17,15,27,30,56,6,100,9.348%,.11711,1.08,0.02
GET /items?categoryId=1206,401,17,14,26,31,64,5,232,5.985%,.13303,1.47,0.02
GET /items?categoryId=1207,478,19,18,32,36,47,6,58,6.276%,.15858,1.79,0.02
GET /items?categoryId=1208,454,17,15,28,31,37,5,179,0.881%,.15062,2.17,0.02
GET /items?categoryId=1209,424,27,18,45,109,152,7,206,6.840%,.14067,1.63,0.02
GET /items?categoryId=1210,395,17,14,35,41,60,4,224,9.620%,.13105,1.64,0.02
GET /items?categoryId=1211,412,29,18,42,154,172,6,176,5.583%,.13669,1.64,0.02
GET /items?categoryId=1212,462,19,14,32,38,149,5,161,0.000%,.15327,2.08,0.02
GET /items?categoryId=1213,355,23,18,34,41,138,7,197,5.070%,.11778,1.35,0.02
GET /items?categoryId=1214,508,27,15,43,157,207,5,223,6.299%,.16854,1.77,0.03
GET /items?categoryId=1215,391,18,15,28,49,65,5,78,1.023%,.12972,1.67,0.02
GET /items?categoryId=1216,345,26,19,34,48,211,6,211,1.449%,.11446,1.59,0.02
GET /items?categoryId=1217,391,26,19,39,93,114,7,207,10.230%,.12972,1.59,0.02
GET /items?categoryId=1218,355,23,18,37,55,102,8,227,9.296%,.11778,1.42,0.02
GET /items?categoryId=1219,469,20,17,32,39,53,7,107,6.183%,.15560,1.98,0.02
GET /items?categoryId=1220,396,18,15,32,38,67,5,103,0.000%,.13138,1.82,0.02
GET /items?categoryId=1221,444,25,17,37,42,205,7,237,3.604%,.14731,1.66,0.02
GET /items?categoryId=1222,486,28,18,40,91,243,5,260,8.436%,.16124,1.81,0.02
GET /items?categoryId=1223,350,20,19,32,40,56,8,63,0.000%,.11612,1.42,0.02
GET /items?categoryId=1224,507,19,16,34,38,59,6,99,0.000%,.16821,2.19,0.03
GET /items?categoryId=1225,326,22,19,37,39,55,7,181,3.988%,.10816,1.42,0.02
GET /items?categoryId=1226,501,28,18,46,121,186,5,189,8.982%,.16622,2.08,0.02
GET /items?categoryId=1227,378,24,19,41,50,76,6,124,1.587%,.12541,1.62,0.02
GET /items?categoryId=1228,410,24,14,34,39,177,5,383,1.220%,.13603,1.60,0.02
GET /items?categoryId=1229,385,44,17,74,263,368,7,368,10.909%,.12774,1.40,0.02
GET /items?categoryId=1230,435,26,19,42,49,195,7,251,0.690%,.14433,1.77,0.02
GET /items?categoryId=1231,486,17,16,30,35,41,4,43,0.000%,.16126,2.03,0.03
GET /items?categoryId=1232,415,20,17,26,35,87,6,90,1.446%,.13770,1.82,0.02
GET /items?categoryId=1233,385,24,16,44,97,118,6,124,10.909%,.12775,1.56,0.02
GET /items?categoryId=1234,541,22,13,40,88,156,5,160,7.209%,.17951,2.25,0.03
GET /items?categoryId=1235,399,21,15,34,61,84,6,144,0.000%,.13239,1.66,0.02
GET /items?categoryId=1236,416,30,17,69,123,204,6,205,7.212%,.13804,1.51,0.02
GET /items?categoryId=1237,340,24,17,38,65,130,7,242,3.529%,.11282,1.43,0.02
GET /items?categoryId=1238,522,15,12,25,32,52,5,114,0.000%,.17321,2.20,0.03
GET /items?categoryId=1239,404,14,12,24,28,43,5,44,0.000%,.13406,1.73,0.02
GET /items?categoryId=1240,386,17,15,32,36,40,7,98,1.036%,.12809,1.56,0.02
GET /items?categoryId=1241,477,16,12,29,36,64,5,78,9.015%,.15829,1.90,0.02
GET /items?categoryId=1242,479,22,15,46,68,96,6,186,7.933%,.15895,2.00,0.02
GET /items?categoryId=1243,388,29,15,65,111,227,6,240,3.866%,.12875,1.62,0.02
GET /items?categoryId=1244,505,23,15,43,79,116,5,240,8.911%,.16758,1.81,0.02
GET /items?categoryId=1245,445,19,14,32,70,78,5,184,4.494%,.14767,1.74,0.02
GET /items?categoryId=1246,488,15,13,27,32,52,5,59,0.000%,.16195,2.06,0.03
GET /items?categoryId=1247,319,16,13,28,44,62,5,75,0.000%,.10587,1.32,0.02
GET /items?categoryId=1248,406,14,12,23,28,34,5,55,0.000%,.13474,1.70,0.02
GET /items?categoryId=1249,377,23,15,48,63,166,6,178,2.653%,.12511,1.58,0.02
GET /items?categoryId=1250,458,28,15,53,111,226,6,243,8.734%,.15199,1.91,0.02
GET /items?categoryId=1251,524,22,16,43,56,97,7,111,0.954%,.17391,2.20,0.03
GET /items?categoryId=1252,399,23,18,41,53,73,7,209,10.777%,.13242,1.41,0.02
GET /items?categoryId=1253,357,20,17,33,38,54,6,138,7.843%,.11849,1.28,0.02
GET /items?categoryId=1254,420,17,14,30,36,46,5,196,2.857%,.13940,1.66,0.02
GET /items?categoryId=1255,351,16,15,30,35,52,4,80,0.000%,.11649,1.40,0.02
GET /items?categoryId=1256,409,18,16,30,36,48,6,49,0.000%,.13575,1.84,0.02
GET /items?categoryId=1257,452,25,13,40,141,182,5,209,9.292%,.15002,1.75,0.02
GET /items?categoryId=1258,365,27,18,68,81,93,6,227,5.205%,.12115,1.57,0.02
GET /items?categoryId=1259,359,21,16,41,48,65,5,87,0.000%,.11915,1.49,0.02
GET /items?categoryId=1260,506,22,17,33,42,228,6,264,0.198%,.16795,2.28,0.03
GET /items?categoryId=1261,327,31,19,80,123,133,6,153,9.174%,.10854,1.14,0.02
GET /items?categoryId=1262,421,24,17,37,80,127,6,164,5.701%,.13974,1.59,0.02
GET /items?categoryId=1263,335,20,17,33,40,44,6,49,0.000%,.11119,1.40,0.02
GET /items?categoryId=1264,526,16,13,29,32,39,5,53,0.000%,.17459,2.21,0.03
GET /items?categoryId=1265,344,27,18,40,96,196,6,339,6.105%,.11418,1.51,0.02
GET /items?categoryId=1266,471,23,13,39,99,152,5,187,9.130%,.15634,1.81,0.02
GET /items?categoryId=1267,508,15,14,24,32,39,5,40,0.000%,.16862,2.16,0.03
GET /items?categoryId=1268,447,17,14,27,33,55,5,264,0.000%,.14837,1.99,0.02
GET /items?categoryId=1269,475,18,16,28,33,45,6,116,1.053%,.15767,1.95,0.02
GET /items?categoryId=1270,394,27,14,35,171,221,5,257,6.853%,.13078,1.38,0.02
GET /items?categoryId=1271,362,21,15,33,52,109,5,230,0.276%,.12016,1.57,0.02
GET /items?categoryId=1272,440,18,16,30,37,76,5,215,0.000%,.14606,1.88,0.02
GET /items?categoryId=1273,397,16,13,30,37,45,5,122,4.282%,.13178,1.52,0.02
GET /items?categoryId=1274,474,20,14,35,76,104,5,148,7.806%,.15734,1.88,0.02
GET /items?categoryId=1275,316,23,17,36,41,231,7,236,2.215%,.10490,1.38,0.02
GET /items?categoryId=1276,411,17,14,32,37,48,5,49,0.000%,.13643,1.83,0.02
GET /items?categoryId=1277,435,19,17,34,38,49,6,53,0.000%,.14440,1.80,0.02
GET /items?categoryId=1278,385,22,17,33,40,90,6,109,4.675%,.12781,1.51,0.02
GET /items?categoryId=1279,485,17,13,23,49,91,5,93,4.948%,.16100,1.88,0.02
GET /items?categoryId=1280,337,32,18,55,183,221,6,224,0.000%,.11187,1.46,0.02
GET /items?categoryId=1281,375,21,17,32,37,129,6,194,0.000%,.12449,1.72,0.02
GET /items?categoryId=1282,463,23,13,29,79,233,5,344,5.184%,.15370,1.87,0.02
GET /items?categoryId=1283,426,29,14,40,166,194,6,202,4.460%,.14141,1.71,0.02
GET /items?categoryId=1284,322,17,15,31,32,53,6,72,0.000%,.10690,1.34,0.02
GET /items?categoryId=1285,387,19,19,32,35,42,6,45,0.000%,.12847,1.68,0.02
GET /items?categoryId=1286,377,13,13,19,22,45,6,45,0.000%,.12516,1.58,0.02
GET /items?categoryId=1287,381,23,18,28,41,155,6,208,4.987%,.12648,1.43,0.02
GET /items?categoryId=1288,350,21,15,24,70,191,7,198,1.143%,.11619,1.47,0.02
GET /items?categoryId=1289,476,23,13,32,116,171,6,173,0.000%,.15802,1.97,0.03
GET /items?categoryId=1290,482,22,16,26,48,140,7,268,1.037%,.16001,2.11,0.03
GET /items?categoryId=1291,469,30,13,59,152,216,5,238,7.249%,.15570,1.87,0.02
GET /items?categoryId=1292,340,24,16,38,80,133,6,198,0.000%,.11287,1.43,0.02
GET /items?categoryId=1293,511,16,14,25,33,62,5,95,0.000%,.16964,2.24,0.03
GET /items?categoryId=1294,483,18,17,30,33,36,7,39,0.000%,.16035,2.04,0.03
GET /items?categoryId=1295,350,22,17,28,35,203,6,228,0.286%,.11620,1.53,0.02
GET /items?categoryId=1296,485,18,13,24,47,167,5,179,2.680%,.16102,1.84,0.03
GET /items?categoryId=1297,357,21,18,36,39,54,6,205,0.000%,.11852,1.56,0.02
GET /items?categoryId=1298,450,16,14,31,37,56,5,74,0.000%,.14940,1.83,0.02
GET /items?categoryId=1299,458,26,15,42,103,176,5,205,5.677%,.15205,1.88,0.02
GET /items?categoryId=1300,448,24,16,33,53,185,7,193,0.000%,.14873,1.91,0.02
GET /items?categoryId=1301,398,17,14,33,40,43,4,46,0.000%,.13214,1.69,0.02
GET /items?categoryId=1302,503,14,12,23,25,30,4,218,0.000%,.16700,1.97,0.03
GET /items?categoryId=1303,491,18,13,35,51,77,5,91,4.277%,.16302,2.00,0.02
GET /items?categoryId=1304,401,21,15,51,57,94,5,123,7.481%,.13314,1.48,0.02
GET /items?categoryId=1305,393,18,13,33,51,116,5,132,0.000%,.13048,1.54,0.02
GET /items?categoryId=1306,512,20,17,32,43,75,6,130,0.977%,.16999,2.25,0.03
GET /items?categoryId=1307,464,25,18,41,67,155,7,174,6.250%,.15406,2.01,0.02
GET /items?categoryId=1308,456,17,13,28,42,84,5,114,0.000%,.15141,1.85,0.02
GET /items?categoryId=1309,371,17,14,30,41,70,4,83,0.000%,.12319,1.57,0.02
GET /items?categoryId=1310,398,25,18,31,48,240,7,254,0.000%,.13215,1.66,0.02
GET /items?categoryId=1311,486,16,13,26,33,40,5,250,0.412%,.16137,2.08,0.03
GET /items?categoryId=1312,369,31,14,62,135,245,5,247,4.607%,.12253,1.30,0.02
GET /items?categoryId=1313,475,23,18,33,40,170,8,172,0.000%,.15773,2.01,0.03
GET /items?categoryId=1314,405,27,19,37,144,156,7,165,0.000%,.13449,1.75,0.02
GET /items?categoryId=1315,413,27,16,40,118,217,6,230,5.569%,.13714,1.86,0.02
GET /items?categoryId=1316,509,20,14,35,56,128,5,149,0.000%,.16903,2.12,0.03
GET /items?categoryId=1317,465,17,14,26,35,54,5,192,0.000%,.15442,1.86,0.02
GET /items?categoryId=1318,373,18,15,29,42,59,5,61,0.000%,.12387,1.67,0.02
GET /items?categoryId=1319,461,14,13,22,25,33,5,54,0.000%,.15309,1.98,0.02
GET /items?categoryId=1320,448,17,13,32,36,128,4,175,1.786%,.14878,1.73,0.02
GET /items?categoryId=1321,502,19,13,29,47,124,5,147,0.000%,.16670,2.19,0.03
GET /items?categoryId=1322,406,17,15,27,38,66,5,100,0.000%,.13483,1.66,0.02
GET /items?categoryId=1323,380,18,14,25,38,154,5,183,1.053%,.12620,1.65,0.02
GET /items?categoryId=1324,464,18,15,28,38,130,5,154,0.000%,.15410,1.85,0.02
GET /items?categoryId=1325,479,15,14,22,33,42,5,52,0.000%,.15908,1.97,0.03
GET /items?categoryId=1326,455,18,16,29,36,46,6,48,0.000%,.15111,1.99,0.02
GET /items?categoryId=1327,396,17,15,27,32,42,8,47,0.000%,.13152,1.72,0.02
GET /items?categoryId=1328,392,23,13,26,62,250,6,256,1.786%,.13019,1.55,0.02
GET /items?categoryId=1329,525,24,16,54,75,139,6,183,3.429%,.17437,2.15,0.03
GET /items?categoryId=1330,335,16,13,29,39,63,5,68,1.791%,.11127,1.30,0.02
GET /items?categoryId=1331,353,18,13,37,53,68,5,69,7.649%,.11725,1.55,0.02
GET /items?categoryId=1332,414,24,17,41,64,169,6,186,1.932%,.13751,1.73,0.02
GET /items?categoryId=1333,487,22,18,40,52,64,7,187,0.000%,.16176,2.06,0.03
GET /items?categoryId=1334,512,14,13,21,23,55,5,57,0.000%,.17006,2.10,0.03
GET /items?categoryId=1335,346,21,16,31,43,174,7,187,0.000%,.11493,1.50,0.02
GET /items?categoryId=1336,384,15,12,27,33,65,4,72,0.000%,.12755,1.62,0.02
GET /items?categoryId=1337,532,17,13,26,35,130,5,163,3.008%,.17672,2.07,0.03
GET /items?categoryId=1338,405,17,13,28,42,112,6,134,1.235%,.13453,1.64,0.02
GET /items?categoryId=1339,320,21,13,42,47,177,5,192,0.938%,.10630,1.40,0.02
GET /items?categoryId=1340,504,20,15,31,54,103,5,222,0.000%,.16742,2.18,0.03
GET /items?categoryId=1341,346,24,14,55,82,210,5,210,0.000%,.11494,1.41,0.02
GET /items?categoryId=1342,390,20,14,30,49,206,4,207,0.000%,.12955,1.63,0.02
GET /items?categoryId=1343,410,16,14,24,29,55,4,58,0.000%,.13621,1.72,0.02
GET /items?categoryId=1344,314,14,13,22,29,55,5,57,0.000%,.10432,1.36,0.02
GET /items?categoryId=1345,422,13,13,20,23,26,5,31,0.000%,.14019,1.65,0.02
GET /items?categoryId=1346,461,23,17,32,38,174,7,181,0.000%,.15315,2.02,0.02
GET /items?categoryId=1347,327,25,17,41,95,123,6,126,0.917%,.10863,1.29,0.02
GET /items?categoryId=1348,309,21,17,37,42,52,5,151,0.000%,.10266,1.40,0.02
GET /items?categoryId=1349,490,19,14,26,38,174,5,205,0.000%,.16279,2.07,0.03
GET /items?categoryId=1350,419,20,14,31,39,159,5,175,0.000%,.13920,1.79,0.02
GET /items?categoryId=1351,334,17,15,29,35,62,5,95,0.000%,.11097,1.33,0.02
GET /items?categoryId=1352,447,15,14,23,27,42,5,47,0.000%,.14851,1.78,0.02
GET /items?categoryId=1353,476,14,14,22,25,33,5,65,0.000%,.15814,2.06,0.03
GET /items?categoryId=1354,444,13,12,21,23,29,6,66,0.000%,.14751,1.72,0.02
GET /items?categoryId=1355,485,20,14,26,30,214,5,219,0.000%,.16114,2.06,0.03
GET /items?categoryId=1356,376,19,18,25,29,102,7,114,0.000%,.12492,1.68,0.02
GET /items?categoryId=1357,477,19,17,30,41,61,7,141,0.000%,.15848,2.08,0.03
GET /items?categoryId=1358,474,18,14,29,40,59,5,250,0.000%,.15748,1.89,0.03
GET /items?categoryId=1359,360,22,15,42,68,101,5,104,0.000%,.11961,1.51,0.02
GET /items?categoryId=1360,364,16,13,25,28,94,5,98,0.000%,.12094,1.59,0.02
GET /items?categoryId=1361,468,16,15,26,27,37,5,68,0.000%,.15549,1.95,0.02
GET /items?categoryId=1362,465,17,16,26,29,40,7,52,0.000%,.15450,1.99,0.02
GET /items?categoryId=1363,470,22,18,31,41,185,7,241,0.000%,.15616,1.96,0.02
GET /items?categoryId=1364,438,15,14,26,29,53,5,84,0.000%,.14553,1.92,0.02
GET /items?categoryId=1365,495,23,16,31,38,209,7,276,0.000%,.16447,2.20,0.03
GET /items?categoryId=1366,406,22,17,34,45,132,6,214,0.000%,.13490,1.60,0.02
GET /items?categoryId=1367,456,19,18,31,35,41,7,104,0.000%,.15151,2.00,0.02
GET /items?categoryId=1368,466,14,13,22,26,30,5,111,0.000%,.15484,2.01,0.02
GET /items?categoryId=1369,467,14,13,22,25,32,5,77,0.000%,.15517,1.89,0.02
GET /items?categoryId=1370,332,23,17,33,72,183,8,239,0.000%,.11031,1.42,0.02
GET /items?categoryId=1371,425,24,13,27,122,211,5,228,0.000%,.14121,1.70,0.02
GET /items?categoryId=1372,435,18,13,34,41,45,5,208,0.000%,.14454,1.89,0.02
GET /items?categoryId=1373,396,16,13,26,37,43,5,132,0.000%,.13158,1.61,0.02
GET /items?categoryId=1374,436,19,14,28,35,146,5,185,0.000%,.14487,1.74,0.02
GET /items?categoryId=1375,463,17,13,30,34,139,5,145,0.000%,.15384,1.98,0.02
GET /items?categoryId=1376,410,18,16,30,37,43,7,51,0.000%,.13624,1.91,0.02
GET /items?categoryId=1377,496,21,18,31,43,148,5,161,0.000%,.16481,2.05,0.03
GET /items?categoryId=1378,397,25,20,38,53,134,6,160,0.000%,.13192,1.70,0.02
GET /items?categoryId=1379,376,24,20,39,46,98,6,157,0.000%,.12494,1.59,0.02
GET /items?categoryId=1380,441,19,18,29,33,42,7,93,0.000%,.14654,1.97,0.02
GET /items?categoryId=1381,515,22,14,28,56,201,5,202,0.000%,.17113,2.23,0.03
GET /items?categoryId=1382,386,22,14,29,46,155,5,156,0.000%,.12827,1.52,0.02
GET /items?categoryId=1383,454,21,18,36,42,60,7,163,0.000%,.15086,1.99,0.02
GET /items?categoryId=1384,447,15,13,24,26,65,5,67,0.000%,.14854,1.92,0.02
GET /items?categoryId=1385,374,19,17,33,40,53,7,65,0.000%,.12428,1.54,0.02
GET /items?categoryId=1386,425,19,15,29,47,66,5,210,0.000%,.14123,1.83,0.02
GET /items?categoryId=1387,465,17,16,28,34,47,6,67,0.000%,.15453,1.90,0.02
GET /items?categoryId=1388,422,16,14,29,35,47,6,48,0.000%,.14024,1.94,0.02
GET /items?categoryId=1389,374,16,14,24,29,40,5,168,0.000%,.12429,1.52,0.02
GET /items?categoryId=1390,511,26,20,45,58,155,6,169,0.000%,.16981,2.11,0.03
GET /items?categoryId=1391,462,21,17,35,49,115,5,132,0.000%,.15353,1.98,0.02
GET /items?categoryId=1392,351,16,14,28,35,64,5,66,0.000%,.11664,1.55,0.02
GET /items?categoryId=1393,477,19,17,30,35,69,6,72,0.000%,.15852,2.04,0.03
GET /items?categoryId=1394,370,21,18,31,34,50,6,164,0.000%,.12296,1.49,0.02
GET /items?categoryId=1395,465,33,18,100,148,170,7,172,0.000%,.15454,1.98,0.02
GET /items?categoryId=1396,435,15,13,26,30,38,5,53,0.000%,.14456,1.95,0.02
GET /items?categoryId=1397,398,16,14,31,39,45,5,205,0.000%,.13227,1.56,0.02
GET /items?categoryId=1398,436,16,14,26,35,39,5,169,0.000%,.14490,1.77,0.02
GET /items?categoryId=1399,388,17,14,27,36,98,6,144,0.000%,.12895,1.63,0.02
GET /items?categoryId=1400,355,21,18,37,45,54,8,163,0.000%,.11798,1.65,0.02
GET /items?categoryId=1401,457,23,20,37,52,81,6,112,0.000%,.15188,2.00,0.02
GET /items?categoryId=1402,393,19,14,28,43,136,5,166,0.000%,.13061,1.57,0.02
GET /items?categoryId=1403,480,19,18,27,39,44,7,183,0.000%,.15952,2.05,0.03
GET /items?categoryId=1404,407,16,14,27,38,45,5,60,0.000%,.13526,1.82,0.02
GET /items?categoryId=1405,352,21,17,35,44,54,7,141,0.000%,.11699,1.52,0.02
GET /items?categoryId=1406,416,22,17,35,45,154,7,163,0.000%,.13826,1.64,0.02
GET /items?categoryId=1407,399,23,17,37,45,133,7,161,0.000%,.13261,1.73,0.02
GET /items?categoryId=1408,510,20,16,29,42,93,6,107,0.000%,.16950,2.31,0.03
GET /items?categoryId=1409,319,21,17,32,38,137,6,162,0.000%,.10602,1.32,0.02
GET /items?categoryId=1410,464,24,18,31,42,192,6,204,0.000%,.15421,1.99,0.02
GET /items?categoryId=1411,376,25,18,35,38,173,8,178,0.000%,.12497,1.58,0.02
GET /items?categoryId=1412,371,21,14,38,58,156,5,158,0.000%,.12331,1.70,0.02
GET /items?categoryId=1413,465,17,16,25,28,33,8,99,0.000%,.15455,1.96,0.02
GET /items?categoryId=1414,417,15,12,22,32,48,5,128,0.000%,.13860,1.68,0.02
GET /items?categoryId=1415,445,15,12,23,39,47,5,99,0.000%,.14790,1.87,0.02
GET /items?categoryId=1416,384,19,17,31,38,56,8,65,0.000%,.12763,1.66,0.02
GET /items?categoryId=1417,504,20,17,30,44,98,7,213,0.000%,.16752,2.15,0.03
GET /items?categoryId=1418,359,18,13,32,41,56,5,167,0.000%,.11932,1.47,0.02
GET /items?categoryId=1419,468,20,18,33,39,56,7,73,0.000%,.15555,2.04,0.02
GET /items?categoryId=1420,397,18,16,24,36,40,7,42,0.000%,.13195,1.69,0.02
GET /items?categoryId=1421,443,20,18,30,38,84,8,105,0.000%,.14724,1.88,0.02
GET /items?categoryId=1422,456,18,15,26,33,42,8,159,0.000%,.15156,1.97,0.02
GET /items?categoryId=1423,397,15,13,25,33,36,5,121,0.000%,.13196,1.71,0.02
GET /items?categoryId=1424,326,17,13,26,37,62,5,78,0.000%,.10836,1.29,0.02
GET /items?categoryId=1425,523,24,13,28,44,224,5,225,0.000%,.17383,2.24,0.03
GET /items?categoryId=1426,331,15,13,23,35,52,5,54,0.000%,.11002,1.31,0.02
GET /items?categoryId=1427,347,27,15,45,160,169,5,169,0.000%,.11534,1.59,0.02
GET /items?categoryId=1428,440,16,14,27,35,78,5,129,0.000%,.14625,1.75,0.02
GET /items?categoryId=1429,399,15,13,27,33,41,6,46,0.000%,.13262,1.66,0.02
GET /items?categoryId=1430,381,17,13,34,39,113,5,125,0.000%,.12663,1.53,0.02
GET /items?categoryId=1431,397,18,14,33,43,121,5,199,0.000%,.13195,1.74,0.02
GET /items?categoryId=1432,356,22,18,33,60,81,8,221,0.000%,.11833,1.45,0.02
GET /items?categoryId=1433,438,27,18,57,69,210,8,231,0.000%,.14559,2.03,0.02
GET /items?categoryId=1434,389,20,18,34,40,53,7,72,0.000%,.12930,1.52,0.02
GET /items?categoryId=1435,381,16,14,28,33,42,5,62,0.000%,.12664,1.73,0.02
GET /items?categoryId=1436,453,24,18,37,52,144,8,167,0.000%,.15057,1.98,0.02
GET /items?categoryId=1437,387,17,14,34,39,58,4,71,0.000%,.12863,1.57,0.02
GET /items?categoryId=1438,501,22,18,28,36,201,7,208,0.000%,.16653,2.09,0.03
GET /items?categoryId=1439,421,23,18,41,50,72,7,175,0.000%,.13994,1.81,0.02
GET /items?categoryId=1440,492,23,18,40,46,77,7,259,0.000%,.16355,2.22,0.03
GET /items?categoryId=1441,377,21,18,37,48,64,7,103,0.000%,.12532,1.58,0.02
GET /items?categoryId=1442,496,23,19,33,65,91,7,125,0.000%,.16488,2.08,0.03
GET /items?categoryId=1443,365,18,15,42,44,50,5,62,0.000%,.12133,1.52,0.02
GET /items?categoryId=1444,460,29,19,40,159,200,9,212,0.000%,.15291,2.04,0.02
GET /items?categoryId=1445,344,23,17,41,50,86,7,187,0.000%,.11435,1.52,0.02
GET /items?categoryId=1446,418,22,19,35,45,86,8,105,0.000%,.13896,1.66,0.02
GET /items?categoryId=1447,367,16,14,25,29,57,6,128,0.000%,.12200,1.63,0.02
GET /items?categoryId=1448,337,27,16,42,55,211,5,212,0.000%,.11203,1.44,0.02
GET /items?categoryId=1449,368,19,15,33,47,88,5,179,0.000%,.12234,1.58,0.02
GET /items?categoryId=1450,382,22,19,32,51,86,8,91,0.000%,.12699,1.59,0.02
GET /items?categoryId=1451,467,22,18,38,50,107,8,227,0.000%,.15525,1.96,0.02
GET /items?categoryId=1452,494,23,17,37,49,211,6,237,0.000%,.16423,2.15,0.03
GET /items?categoryId=1453,316,24,17,37,44,175,6,205,0.000%,.10506,1.46,0.02
GET /items?categoryId=1454,469,15,13,26,35,44,5,49,0.000%,.15592,2.02,0.02
GET /items?categoryId=1455,436,20,13,35,84,92,5,147,0.000%,.14495,1.69,0.02
GET /items?categoryId=1456,389,31,14,40,206,222,5,241,0.000%,.12932,1.73,0.02
GET /items?categoryId=1457,450,23,19,34,41,203,7,217,0.000%,.14960,1.97,0.02
GET /items?categoryId=1458,512,14,14,23,27,35,5,57,0.000%,.17021,2.13,0.03
GET /items?categoryId=1459,472,19,18,27,34,56,6,90,0.000%,.15692,2.00,0.03
GET /items?categoryId=1460,370,23,18,37,60,121,5,125,0.000%,.12301,1.70,0.02
GET /items?categoryId=1461,359,24,20,39,46,103,8,188,0.000%,.11935,1.49,0.02
GET /items?categoryId=1462,394,23,17,33,72,122,7,124,0.000%,.13099,1.75,0.02
GET /items?categoryId=1463,521,24,18,33,49,208,8,222,0.000%,.17321,2.18,0.03
GET /items?categoryId=1464,394,28,17,61,98,164,7,242,0.000%,.13099,1.70,0.02
GET /items?categoryId=1465,469,20,15,41,50,92,5,149,0.000%,.15593,2.06,0.02
GET /items?categoryId=1466,514,17,14,30,36,50,5,166,0.000%,.17089,2.14,0.03
GET /items?categoryId=1467,349,20,15,41,64,81,5,90,0.000%,.11604,1.42,0.02
GET /items?categoryId=1468,338,19,16,39,47,60,5,64,0.000%,.11238,1.45,0.02
GET /items?categoryId=1469,456,21,17,32,46,166,5,167,0.000%,.15161,1.83,0.02
GET /items?categoryId=1470,434,21,19,34,41,49,8,155,0.000%,.14430,1.93,0.02
GET /items?categoryId=1471,466,22,16,34,52,200,5,244,0.000%,.15493,1.88,0.02
GET /items?categoryId=1472,337,21,17,32,53,56,7,61,0.000%,.11205,1.55,0.02
GET /items?categoryId=1473,471,22,17,38,45,132,7,188,0.000%,.15660,1.98,0.03
GET /items?categoryId=1474,457,17,16,27,33,39,5,90,0.000%,.15195,1.87,0.02
GET /items?categoryId=1475,344,17,16,28,32,43,5,47,0.000%,.11438,1.56,0.02
GET /items?categoryId=1476,378,21,18,36,42,69,7,74,0.000%,.12569,1.59,0.02
GET /items?categoryId=1477,276,15,15,23,28,41,4,51,0.000%,.09177,1.18,0.01
GET /items?categoryId=1478,423,26,20,38,44,177,6,216,0.000%,.14064,1.84,0.02
GET /items?categoryId=1479,390,31,22,49,101,193,9,231,0.000%,.12967,1.63,0.02
GET /items?categoryId=1480,495,27,20,41,61,171,8,222,0.000%,.16458,2.19,0.03
GET /items?categoryId=1481,370,17,16,28,35,43,5,61,0.000%,.12302,1.54,0.02
GET /items?categoryId=1482,445,24,19,36,47,143,8,155,0.000%,.14797,1.84,0.02
GET /items?categoryId=1483,342,27,18,46,95,144,6,153,0.000%,.11372,1.39,0.02
GET /items?categoryId=1484,530,19,17,30,35,58,7,94,0.000%,.17622,2.46,0.03
GET /items?categoryId=1485,369,15,14,22,24,39,6,164,0.000%,.12269,1.51,0.02
GET /items?categoryId=1486,365,20,14,30,48,162,5,200,0.000%,.12136,1.38,0.02
GET /items?categoryId=1487,530,22,18,32,38,256,6,257,0.000%,.17622,2.19,0.03
GET /items?categoryId=1488,433,24,21,40,44,106,7,154,0.000%,.14397,1.99,0.02
GET /items?categoryId=1489,378,24,18,39,53,148,7,159,0.000%,.12568,1.57,0.02
GET /items?categoryId=1490,361,19,18,31,35,43,8,55,0.000%,.12003,1.56,0.02
GET /items?categoryId=1491,430,21,19,30,33,95,6,163,0.000%,.14298,1.82,0.02
GET /items?categoryId=1492,351,19,18,28,30,38,7,41,0.000%,.11671,1.55,0.02
GET /items?categoryId=1493,444,15,14,23,25,38,5,41,0.000%,.14763,1.87,0.02
GET /items?categoryId=1494,514,17,15,24,30,51,5,158,0.000%,.17090,1.96,0.03
GET /items?categoryId=1495,506,20,18,33,50,87,6,105,0.000%,.16824,2.20,0.03
GET /items?categoryId=1496,480,21,20,29,40,82,7,202,0.000%,.15960,2.19,0.03
GET /items?categoryId=1497,381,21,19,30,36,39,8,198,0.000%,.12668,1.59,0.02
GET /items?categoryId=1498,416,23,19,46,55,85,8,90,0.000%,.13833,1.75,0.02
GET /items?categoryId=1499,435,19,19,27,31,45,8,93,0.000%,.14464,1.89,0.02
GET /items?categoryId=1500,474,16,14,23,26,75,5,108,0.000%,.15761,2.07,0.03
GET /items?categoryId=1501,349,15,13,20,22,213,5,222,0.000%,.11605,1.39,0.02
GET /items?categoryId=1502,328,27,15,51,154,214,5,222,0.000%,.10906,1.31,0.02
GET /items?categoryId=1503,422,19,17,31,51,88,5,150,0.000%,.14032,1.83,0.02
GET /items?categoryId=1504,494,28,19,35,74,204,6,206,0.000%,.16426,2.19,0.03
GET /items?categoryId=1505,466,18,15,34,37,65,5,101,0.000%,.15495,1.94,0.02
GET /items?categoryId=1506,412,15,14,22,26,31,5,64,0.000%,.13700,1.50,0.02
GET /items?categoryId=1507,506,20,20,28,30,46,9,54,0.000%,.16826,2.33,0.03
GET /items?categoryId=1508,364,19,16,32,36,81,6,137,0.000%,.12104,1.58,0.02
GET /items?categoryId=1509,339,26,19,29,45,214,7,215,0.000%,.11273,1.45,0.02
GET /items?categoryId=1510,343,22,18,29,33,207,8,242,0.000%,.11406,1.49,0.02
GET /items?categoryId=1511,396,25,18,42,67,166,6,167,0.000%,.13168,1.58,0.02
GET /items?categoryId=1512,423,21,18,32,36,57,5,172,0.000%,.14065,1.95,0.02
GET /items?categoryId=1513,441,21,19,34,42,57,6,90,0.000%,.14665,1.92,0.02
GET /items?categoryId=1514,443,14,13,21,26,37,5,67,0.000%,.14731,1.74,0.02
GET /items?categoryId=1515,445,15,14,22,24,53,6,78,0.000%,.14798,1.95,0.02
GET /items?categoryId=1516,477,15,14,21,25,39,5,109,0.000%,.15862,2.01,0.03
GET /items?categoryId=1517,433,23,20,32,41,111,7,266,0.000%,.14398,1.88,0.02
GET /items?categoryId=1518,461,16,14,24,41,43,5,257,0.000%,.15330,1.84,0.02
GET /items?categoryId=1519,389,17,14,25,36,51,5,202,0.000%,.12935,1.62,0.02
GET /items?categoryId=1520,383,26,19,41,54,204,7,206,0.000%,.12735,1.75,0.02
GET /items?categoryId=1521,378,18,14,28,33,87,5,161,0.000%,.12570,1.60,0.02
GET /items?categoryId=1522,404,21,20,32,42,49,7,50,0.000%,.13435,1.75,0.02
GET /items?categoryId=1523,391,17,17,25,28,34,7,38,0.000%,.13002,1.58,0.02
GET /items?categoryId=1524,431,17,14,28,33,53,5,86,0.000%,.14333,1.90,0.02
GET /items?categoryId=1525,465,22,19,32,36,60,8,220,0.000%,.15463,1.97,0.02
GET /items?categoryId=1526,399,22,18,35,56,88,6,109,0.000%,.13268,1.74,0.02
GET /items?categoryId=1527,441,24,19,31,44,187,5,201,0.000%,.14664,1.88,0.02
GET /items?categoryId=1528,494,25,18,42,52,201,7,206,0.000%,.16427,2.15,0.03
GET /items?categoryId=1529,330,16,15,24,32,48,6,54,0.000%,.10974,1.45,0.02
GET /items?categoryId=1530,452,20,19,33,38,44,5,192,0.000%,.15031,1.81,0.02
GET /items?categoryId=1531,370,15,14,22,25,40,4,42,0.000%,.12304,1.53,0.02
GET /items?categoryId=1532,421,18,17,26,28,35,7,38,0.000%,.14000,1.90,0.02
GET /items?categoryId=1533,385,24,19,29,34,212,8,216,0.000%,.12803,1.79,0.02
GET /items?categoryId=1534,482,22,19,34,39,56,7,148,0.000%,.16029,1.96,0.03
GET /items?categoryId=1535,470,25,18,35,42,216,7,218,0.000%,.15629,1.93,0.02
GET /items?categoryId=1536,502,23,16,38,43,204,6,218,0.000%,.16693,2.23,0.03
GET /items?categoryId=1537,410,19,18,31,35,41,8,47,0.000%,.13635,1.75,0.02
GET /items?categoryId=1538,458,18,15,26,36,99,5,264,0.000%,.15231,1.80,0.02
GET /items?categoryId=1539,337,16,15,26,30,37,5,42,0.000%,.11207,1.29,0.02
GET /items?categoryId=1540,399,16,14,24,26,52,5,211,0.000%,.13269,1.76,0.02
GET /items?categoryId=1541,405,19,19,25,29,38,6,42,0.000%,.13468,1.82,0.02
GET /items?categoryId=1542,450,23,18,30,46,167,6,195,0.000%,.14965,1.90,0.02
GET /items?categoryId=1543,490,30,19,44,167,176,6,193,0.000%,.16294,2.04,0.03
GET /items?categoryId=1544,438,17,16,27,31,44,7,60,0.000%,.14565,1.90,0.02
GET /items?categoryId=1545,340,27,16,39,104,190,5,202,0.000%,.11307,1.57,0.02
GET /items?categoryId=1546,535,17,16,25,29,57,6,166,0.000%,.17792,2.14,0.03
GET /items?categoryId=1547,435,17,16,27,30,43,6,261,0.000%,.14466,1.74,0.02
GET /items?categoryId=1548,393,20,18,31,38,61,7,113,0.000%,.13069,1.78,0.02
GET /items?categoryId=1549,452,14,14,21,23,39,5,40,0.000%,.15031,1.90,0.02
GET /items?categoryId=1550,330,20,19,30,38,45,6,111,0.000%,.10974,1.39,0.02
GET /items?categoryId=1551,435,22,18,32,35,94,6,207,0.000%,.14466,1.83,0.02
GET /items?categoryId=1552,457,26,19,43,103,111,6,214,0.000%,.15197,2.02,0.02
GET /items?categoryId=1553,467,21,20,28,43,65,8,199,0.000%,.15530,2.07,0.02
GET /items?categoryId=1554,443,24,19,38,52,90,6,236,0.000%,.14732,1.87,0.02
GET /items?categoryId=1555,516,17,15,29,37,44,5,172,0.000%,.17159,2.10,0.03
GET /items?categoryId=1556,503,15,14,23,31,33,5,95,0.000%,.16727,2.10,0.03
GET /items?categoryId=1557,388,15,15,22,26,34,6,67,0.000%,.12903,1.72,0.02
GET /items?categoryId=1558,387,21,19,31,36,96,8,132,0.000%,.12870,1.54,0.02
GET /items?categoryId=1559,485,17,15,25,34,57,5,201,0.000%,.16128,2.13,0.03
GET /items?categoryId=1560,346,16,14,21,25,138,6,138,0.000%,.11506,1.43,0.02
GET /items?categoryId=1561,357,19,15,28,34,100,5,124,0.000%,.11872,1.50,0.02
GET /items?categoryId=1562,410,24,19,35,41,253,7,271,0.000%,.13634,1.73,0.02
GET /items?categoryId=1563,466,17,14,28,35,91,5,180,0.000%,.15496,1.87,0.02
GET /items?categoryId=1564,333,23,20,28,52,109,8,110,0.000%,.11074,1.56,0.02
GET /items?categoryId=1565,399,16,15,23,27,43,6,44,0.000%,.13269,1.72,0.02
GET /items?categoryId=1566,385,15,14,23,26,30,6,37,0.000%,.12803,1.56,0.02
GET /items?categoryId=1567,347,25,14,29,45,226,6,232,0.000%,.11540,1.33,0.02
GET /items?categoryId=1568,528,24,14,36,46,226,4,242,0.000%,.17557,2.24,0.03
GET /items?categoryId=1569,344,30,16,117,123,140,5,223,0.000%,.11440,1.43,0.02
GET /items?categoryId=1570,476,25,20,39,46,61,6,268,0.000%,.15830,2.00,0.03
GET /items?categoryId=1571,473,22,15,34,40,179,5,185,0.000%,.15729,2.02,0.03
GET /items?categoryId=1572,383,21,17,43,46,56,6,175,0.000%,.12737,1.70,0.02
GET /items?categoryId=1573,439,22,20,34,41,69,7,104,0.000%,.14599,1.84,0.02
GET /items?categoryId=1574,476,28,22,48,97,113,8,218,0.000%,.15829,1.98,0.03
GET /items?categoryId=1575,357,18,16,30,36,53,4,55,0.000%,.11873,1.40,0.02
GET /items?categoryId=1576,455,20,18,35,39,54,5,201,0.000%,.15131,2.11,0.02
GET /items?categoryId=1577,449,27,23,39,64,149,7,230,0.000%,.14932,1.97,0.02
GET /items?categoryId=1578,422,17,15,29,35,58,6,165,0.000%,.14034,1.66,0.02
GET /items?categoryId=1579,398,16,14,25,33,55,5,199,0.000%,.13236,1.68,0.02
GET /items?categoryId=1580,470,23,19,35,57,85,7,195,0.000%,.15631,2.21,0.03
GET /items?categoryId=1581,435,25,16,35,64,302,6,313,0.000%,.14467,1.76,0.02
GET /items?categoryId=1582,502,23,16,40,92,121,5,126,0.000%,.16696,1.95,0.03
GET /items?categoryId=1583,337,24,16,35,74,221,6,224,0.000%,.11208,1.42,0.02
GET /items?categoryId=1584,455,32,21,70,103,165,7,251,0.000%,.15132,2.19,0.02
GET /items?categoryId=1585,485,24,20,39,58,67,7,131,0.000%,.16130,1.99,0.03
GET /items?categoryId=1586,507,25,19,41,48,286,6,292,0.000%,.16862,2.11,0.03
GET /items?categoryId=1587,357,25,19,31,51,167,8,294,0.000%,.11874,1.56,0.02
GET /items?categoryId=1588,386,26,19,47,91,119,7,124,0.000%,.12839,1.78,0.02
GET /items?categoryId=1589,388,23,19,38,50,81,8,167,0.000%,.12906,1.62,0.02
GET /items?categoryId=1590,382,23,14,28,111,149,6,173,0.000%,.12706,1.49,0.02
GET /items?categoryId=1591,456,29,17,71,94,208,6,265,0.000%,.15167,1.89,0.02
GET /items?categoryId=1592,505,33,23,66,99,210,9,236,0.000%,.16797,2.33,0.03
GET /items?categoryId=1593,451,25,16,38,121,146,6,157,0.000%,.15002,1.84,0.02
GET /items?categoryId=1594,466,20,14,28,61,142,5,145,0.000%,.15502,1.91,0.02
GET /items?categoryId=1595,407,26,15,37,127,174,6,179,0.000%,.13540,1.81,0.02
GET /items?categoryId=1596,386,38,19,32,145,450,9,465,0.000%,.12841,1.68,0.02
GET /items?categoryId=1597,388,33,18,41,120,430,8,452,0.000%,.12908,1.63,0.02
GET /items?categoryId=1598,372,36,17,91,182,274,6,287,0.000%,.12378,1.53,0.02
GET /items?categoryId=1599,410,38,17,62,174,424,7,458,0.000%,.13642,1.71,0.02
GET /items?categoryId=1600,346,31,16,53,95,415,6,417,0.000%,.11513,1.59,0.02
GET /items?categoryId=1601,511,31,21,82,102,133,7,142,0.000%,.17004,2.11,0.03
GET /items?categoryId=1602,517,27,17,29,155,225,5,244,0.000%,.17205,2.19,0.03
GET /items?categoryId=1603,360,24,14,35,97,132,5,331,0.000%,.11981,1.50,0.02
GET /items?categoryId=1604,492,29,19,45,131,205,8,408,0.000%,.16374,2.20,0.03
GET /items?categoryId=1605,476,33,15,121,166,245,6,270,0.000%,.15844,1.93,0.03
GET /items?categoryId=1606,426,53,19,102,470,481,7,518,0.000%,.14180,1.82,0.02
GET /items?categoryId=1607,349,37,20,66,172,303,7,305,0.000%,.11618,1.52,0.02
GET /items?categoryId=1608,385,22,15,40,44,143,6,218,0.000%,.12817,1.62,0.02
GET /items?categoryId=1609,394,52,18,199,385,476,6,481,0.000%,.13118,1.71,0.02
GET /items?categoryId=1610,489,35,18,100,167,241,6,244,0.000%,.16282,1.91,0.03
GET /items?categoryId=1611,475,34,18,39,100,447,6,476,0.000%,.15817,1.91,0.03
GET /items?categoryId=1612,478,36,21,35,110,368,8,450,0.000%,.15917,2.20,0.03
GET /items?categoryId=1613,369,27,20,59,71,115,9,125,0.000%,.12290,1.46,0.02
GET /items?categoryId=1614,504,16,14,25,30,64,5,109,0.000%,.16786,2.09,0.03
GET /items?categoryId=1615,455,16,15,22,31,55,5,151,0.000%,.15153,2.08,0.02
GET /items?categoryId=1616,342,22,20,36,42,79,7,134,0.000%,.11390,1.47,0.02
GET /items?categoryId=1617,401,45,21,103,277,312,6,315,0.000%,.13355,1.68,0.02
GET /items?categoryId=1618,362,29,21,76,95,121,6,133,0.000%,.12057,1.54,0.02
GET /items?categoryId=1619,435,19,14,27,39,113,5,122,0.000%,.14489,1.89,0.02
GET /items?categoryId=1620,423,32,21,53,113,223,8,258,0.000%,.14090,1.87,0.02
GET /items?categoryId=1621,485,23,18,34,54,138,6,187,0.000%,.16154,1.99,0.03
GET /items?categoryId=1622,431,25,20,37,54,91,7,234,0.000%,.14355,1.75,0.02
GET /items?categoryId=1623,392,25,19,44,83,91,6,206,0.000%,.13057,1.72,0.02
GET /items?categoryId=1624,455,19,14,34,72,89,5,188,0.000%,.15156,2.12,0.02
GET /items?categoryId=1625,501,31,20,68,82,189,6,194,0.000%,.16688,2.02,0.03
GET /items?categoryId=1626,399,18,14,26,47,70,5,85,0.000%,.13291,1.62,0.02
GET /items?categoryId=1627,300,32,19,54,136,235,7,244,0.000%,.09994,1.30,0.02
GET /items?categoryId=1628,367,38,19,38,261,288,6,307,0.000%,.12225,1.73,0.02
GET /items?categoryId=1629,527,32,19,79,117,224,5,267,0.000%,.17555,2.20,0.03
GET /items?categoryId=1630,438,26,20,43,56,170,8,183,0.000%,.14591,1.82,0.02
GET /items?categoryId=1631,396,19,16,31,43,76,5,112,0.000%,.13192,1.74,0.02
GET /items?categoryId=1632,498,22,18,31,42,119,8,122,0.000%,.16589,2.15,0.03
GET /items?categoryId=1633,415,19,14,32,41,83,6,146,0.000%,.13825,1.63,0.02
GET /items?categoryId=1634,495,29,19,34,66,288,7,294,0.000%,.16490,2.14,0.03
GET /items?categoryId=1635,467,23,19,39,51,67,8,123,0.000%,.15558,2.05,0.02
GET /items?categoryId=1636,347,25,19,39,90,123,9,183,0.000%,.11561,1.60,0.02
GET /items?categoryId=1637,416,28,19,47,94,145,8,207,0.000%,.13859,1.69,0.02
GET /items?categoryId=1638,428,28,17,59,104,139,6,244,0.000%,.14259,1.81,0.02
GET /items?categoryId=1639,477,23,20,34,51,80,8,93,0.000%,.15891,2.08,0.03
GET /items?categoryId=1640,317,17,16,24,36,66,6,68,0.000%,.10561,1.38,0.02
GET /items?categoryId=1641,501,26,20,46,60,182,8,220,0.000%,.16691,2.19,0.03
GET /items?categoryId=1642,387,18,16,31,43,51,5,56,0.000%,.12893,1.53,0.02
GET /items?categoryId=1643,346,19,16,33,39,110,5,127,0.000%,.11527,1.42,0.02
GET /items?categoryId=1644,488,18,15,32,36,84,6,125,0.000%,.16258,2.11,0.03
GET /items?categoryId=1645,337,37,23,74,183,226,7,235,0.000%,.11227,1.43,0.02
GET /items?categoryId=1646,497,24,20,38,46,91,6,112,0.000%,.16557,2.15,0.03
GET /items?categoryId=1647,418,18,15,28,39,54,5,74,0.000%,.13926,1.67,0.02
GET /items?categoryId=1648,450,18,15,27,36,90,6,92,0.000%,.14992,2.03,0.02
GET /items?categoryId=1649,426,16,15,23,25,36,5,220,0.000%,.14193,1.70,0.02
GET /items?categoryId=1650,491,21,19,32,39,56,8,212,0.000%,.16358,2.08,0.03
GET /items?categoryId=1651,486,22,19,35,41,89,7,118,0.000%,.16191,2.15,0.03
GET /items?categoryId=1652,307,31,19,60,90,261,7,269,0.000%,.10227,1.34,0.02
GET /items?categoryId=1653,425,31,19,52,83,265,6,267,0.000%,.14158,1.88,0.02
GET /items?categoryId=1654,422,21,19,34,40,55,7,144,0.000%,.14059,1.76,0.02
GET /items?categoryId=1655,465,23,19,36,41,130,7,142,0.000%,.15491,1.97,0.02
GET /items?categoryId=1656,432,26,20,40,63,123,8,129,0.000%,.14392,1.83,0.02
GET /items?categoryId=1657,321,26,21,46,56,174,7,177,0.000%,.10694,1.38,0.02
GET /items?categoryId=1658,488,24,23,37,45,51,8,215,0.000%,.16257,2.11,0.03
GET /items?categoryId=1659,335,23,21,34,45,81,7,94,0.000%,.11161,1.45,0.02
GET /items?categoryId=1660,433,21,19,34,37,50,8,66,0.000%,.14425,1.89,0.02
GET /items?categoryId=1661,472,22,17,36,42,70,5,252,0.000%,.15725,2.00,0.03
GET /items?categoryId=1662,438,22,20,35,40,48,8,64,0.000%,.14592,1.93,0.02
GET /items?categoryId=1663,502,25,21,47,55,75,8,156,0.000%,.16724,2.20,0.03
GET /items?categoryId=1664,325,20,16,29,56,145,5,163,0.000%,.10828,1.30,0.02
GET /items?categoryId=1665,424,18,14,31,43,76,5,76,0.000%,.14126,1.79,0.02
GET /items?categoryId=1666,344,18,16,28,36,103,6,105,0.000%,.11461,1.45,0.02
GET /items?categoryId=1667,442,17,16,26,33,38,5,51,0.000%,.14726,1.95,0.02
GET /items?categoryId=1668,308,23,19,36,44,173,8,238,0.000%,.10262,1.19,0.02
GET /items?categoryId=1669,414,20,18,27,35,46,9,111,0.000%,.13793,1.85,0.02
GET /items?categoryId=1670,472,21,17,38,39,127,5,165,0.000%,.15725,2.09,0.03
GET /items?categoryId=1671,434,18,16,30,35,50,6,53,0.000%,.14459,1.76,0.02
GET /items?categoryId=1672,327,28,24,40,75,127,9,131,0.000%,.10895,1.42,0.02
GET /items?categoryId=1673,354,24,19,36,60,79,9,134,0.000%,.11794,1.44,0.02
GET /items?categoryId=1674,369,25,22,41,44,62,6,145,0.000%,.12294,1.67,0.02
GET /items?categoryId=1675,503,23,20,36,49,72,9,79,0.000%,.16758,2.15,0.03
GET /items?categoryId=1676,435,22,17,44,54,136,6,217,0.000%,.14493,1.96,0.02
GET /items?categoryId=1677,475,25,17,59,86,109,5,141,0.000%,.15825,1.84,0.03
GET /items?categoryId=1678,468,28,21,50,99,125,9,150,0.000%,.15592,2.04,0.02
GET /items?categoryId=1679,392,26,22,45,58,67,7,150,0.000%,.13061,1.81,0.02
GET /items?categoryId=1680,365,23,20,40,49,90,8,93,0.000%,.12161,1.43,0.02
GET /items?categoryId=1681,340,21,18,30,44,88,8,118,0.000%,.11329,1.56,0.02
GET /items?categoryId=1682,416,23,16,32,48,168,5,193,0.000%,.13861,1.58,0.02
GET /items?categoryId=1683,468,26,17,39,117,151,6,260,0.000%,.15594,2.04,0.02
GET /items?categoryId=1684,425,27,21,43,57,127,7,183,0.000%,.14162,1.88,0.02
GET /items?categoryId=1685,424,27,18,46,113,248,5,281,0.000%,.14129,1.70,0.02
GET /items?categoryId=1686,360,22,20,33,38,56,8,91,0.000%,.11997,1.55,0.02
GET /items?categoryId=1687,529,23,18,47,58,86,5,131,0.000%,.17629,2.26,0.03
GET /items?categoryId=1688,364,25,22,41,52,74,8,121,0.000%,.12130,1.72,0.02
GET /items?categoryId=1689,480,21,20,31,37,61,8,76,0.000%,.15996,2.01,0.03
GET /items?categoryId=1690,466,21,20,30,34,48,8,254,0.000%,.15529,1.93,0.02
GET /items?categoryId=1691,508,28,22,38,66,153,7,238,0.000%,.16929,2.25,0.03
GET /items?categoryId=1692,497,25,21,45,57,93,7,215,0.000%,.16563,2.24,0.03
GET /items?categoryId=1693,315,17,15,28,35,41,6,48,0.000%,.10498,1.21,0.02
GET /items?categoryId=1694,329,23,20,29,39,116,6,131,0.000%,.10965,1.37,0.02
GET /items?categoryId=1695,422,23,19,38,50,102,6,106,0.000%,.14064,1.85,0.02
GET /items?categoryId=1696,403,32,23,88,102,130,6,180,0.000%,.13431,1.86,0.02
GET /items?categoryId=1697,475,25,19,40,71,117,8,121,0.000%,.15831,1.97,0.03
GET /items?categoryId=1698,499,20,13,50,60,76,4,172,0.000%,.16630,2.05,0.03
GET /items?categoryId=1699,410,19,14,33,47,92,5,215,0.000%,.13665,1.83,0.02
GET /items?categoryId=1700,496,29,23,53,69,156,7,210,0.000%,.16532,2.28,0.03
GET /items?categoryId=1701,362,20,15,32,57,100,7,101,0.000%,.12066,1.37,0.02
GET /items?categoryId=1702,520,17,15,27,31,69,5,135,0.000%,.17332,2.03,0.03
GET /items?categoryId=1703,475,20,19,31,33,40,7,143,0.000%,.15833,2.18,0.03
GET /items?categoryId=1704,488,26,21,37,80,140,5,210,0.000%,.16266,2.11,0.03
GET /items?categoryId=1705,467,22,20,31,45,90,7,94,0.000%,.15567,1.86,0.02
GET /items?categoryId=1706,398,17,14,33,43,52,6,54,0.000%,.13267,1.69,0.02
GET /items?categoryId=1707,413,23,19,38,56,103,7,133,0.000%,.13767,2.01,0.02
GET /items?categoryId=1708,427,24,16,41,79,151,6,152,0.000%,.14234,1.65,0.02
GET /items?categoryId=1709,435,18,16,30,37,79,6,79,0.000%,.14501,1.79,0.02
GET /items?categoryId=1710,388,19,14,27,62,107,6,117,0.000%,.12934,1.63,0.02
GET /items?categoryId=1711,378,23,15,42,80,123,6,214,0.000%,.12601,1.72,0.02
GET /items?categoryId=1712,381,22,15,38,56,122,6,182,0.000%,.12702,1.60,0.02
GET /items?categoryId=1713,412,20,16,36,42,90,6,142,0.000%,.13735,1.71,0.02
GET /items?categoryId=1714,370,19,16,36,42,85,6,85,0.000%,.12335,1.48,0.02
GET /items?categoryId=1715,325,21,20,33,36,51,7,73,0.000%,.10835,1.53,0.02
GET /items?categoryId=1716,416,25,17,48,90,203,5,203,0.000%,.13869,1.72,0.02
GET /items?categoryId=1717,450,23,21,36,43,76,7,133,0.000%,.15003,1.84,0.02
GET /items?categoryId=1718,390,20,16,32,40,141,6,151,0.000%,.13002,1.65,0.02
GET /items?categoryId=1719,422,19,16,30,35,82,6,141,0.000%,.14070,1.86,0.02
GET /items?categoryId=1720,395,20,18,29,42,80,7,81,0.000%,.13170,1.82,0.02
GET /items?categoryId=1721,414,25,16,34,149,159,5,164,0.000%,.13804,1.60,0.02
GET /items?categoryId=1722,414,21,19,35,38,44,8,125,0.000%,.13804,1.80,0.02
GET /items?categoryId=1723,352,21,19,37,41,55,6,56,0.000%,.11737,1.59,0.02
GET /items?categoryId=1724,442,28,14,82,108,181,6,183,0.000%,.14738,1.94,0.02
GET /items?categoryId=1725,376,21,13,24,36,235,5,265,0.000%,.12537,1.47,0.02
GET /items?categoryId=1726,494,21,15,37,59,151,6,265,0.000%,.16471,2.00,0.03
GET /items?categoryId=1727,396,21,19,32,36,88,7,136,0.000%,.13205,1.86,0.02
GET /items?categoryId=1728,381,20,19,32,37,54,7,55,0.000%,.12705,1.62,0.02
GET /items?categoryId=1729,340,14,13,23,27,29,6,37,0.000%,.11338,1.44,0.02
GET /items?categoryId=1730,424,25,20,37,40,151,6,189,0.000%,.14139,1.81,0.02
GET /items?categoryId=1731,444,25,19,36,60,137,7,158,0.000%,.14806,1.92,0.02
GET /items?categoryId=1732,385,20,16,33,47,95,5,151,0.000%,.12838,1.66,0.02
GET /items?categoryId=1733,383,21,15,40,57,133,5,157,0.000%,.12772,1.57,0.02
GET /items?categoryId=1734,354,22,19,31,42,55,8,84,0.000%,.11806,1.54,0.02
GET /items?categoryId=1735,503,19,15,32,42,134,5,208,0.000%,.16775,2.14,0.03
GET /items?categoryId=1736,468,24,21,36,45,113,8,154,0.000%,.15607,2.12,0.02
GET /items?categoryId=1737,408,22,20,39,42,60,7,61,0.000%,.13607,1.72,0.02
GET /items?categoryId=1738,424,21,18,31,49,60,7,74,0.000%,.14140,1.82,0.02
GET /items?categoryId=1739,494,20,16,32,56,81,5,140,0.000%,.16475,2.09,0.03
GET /items?categoryId=1740,466,29,21,52,93,137,7,218,0.000%,.15541,2.04,0.02
GET /items?categoryId=1741,399,25,19,41,95,132,8,136,0.000%,.13307,1.67,0.02
GET /items?categoryId=1742,465,24,18,36,77,97,7,103,0.000%,.15509,1.97,0.02
GET /items?categoryId=1743,391,23,16,34,101,102,5,243,0.000%,.13041,1.76,0.02
GET /items?categoryId=1744,369,24,21,34,54,86,7,113,0.000%,.12308,1.66,0.02
GET /items?categoryId=1745,387,31,21,44,71,246,7,255,0.000%,.12908,1.62,0.02
GET /items?categoryId=1746,510,23,19,35,46,143,8,182,0.000%,.17012,2.14,0.03
GET /items?categoryId=1747,508,21,15,36,61,119,5,162,0.000%,.16945,2.23,0.03
GET /items?categoryId=1748,427,24,19,38,44,141,7,163,0.000%,.14244,1.89,0.02
GET /items?categoryId=1749,381,17,15,31,34,57,5,69,0.000%,.12710,1.52,0.02
GET /items?categoryId=1750,381,24,15,22,41,279,5,297,0.000%,.12710,1.44,0.02
GET /items?categoryId=1751,508,29,19,52,86,267,7,298,0.000%,.16946,2.35,0.03
GET /items?categoryId=1752,379,21,15,33,67,131,5,145,0.000%,.12644,1.60,0.02
GET /items?categoryId=1753,482,21,16,33,68,104,5,105,0.000%,.16080,1.87,0.03
GET /items?categoryId=1754,405,25,18,32,83,149,8,162,0.000%,.13512,1.82,0.02
GET /items?categoryId=1755,391,21,16,36,65,134,4,170,0.000%,.13045,1.64,0.02
GET /items?categoryId=1756,382,26,21,42,69,121,8,221,0.000%,.12746,1.61,0.02
GET /items?categoryId=1757,465,25,21,47,57,88,7,99,0.000%,.15515,1.99,0.02
GET /items?categoryId=1758,402,32,18,49,93,236,8,279,0.000%,.13413,1.73,0.02
GET /items?categoryId=1759,497,20,15,32,51,89,5,152,0.000%,.16583,2.20,0.03
GET /items?categoryId=1761,373,28,14,27,40,375,5,395,0.000%,.12446,1.54,0.02
GET /items?categoryId=1760,309,24,20,47,74,76,7,100,0.000%,.10311,1.36,0.02
GET /items?categoryId=1762,418,35,15,87,96,360,6,362,0.000%,.13948,1.58,0.02
GET /items?categoryId=1763,425,19,15,25,55,100,5,125,0.000%,.14183,1.93,0.02
GET /items?categoryId=1764,493,26,21,47,55,91,8,224,0.000%,.16452,2.12,0.03
GET /items?categoryId=1765,463,20,17,37,49,82,5,101,0.000%,.15452,1.79,0.02
GET /items?categoryId=1766,460,26,15,39,44,263,6,278,0.000%,.15352,1.98,0.02
GET /items?categoryId=1767,471,26,16,32,53,258,6,261,0.000%,.15719,2.00,0.03
GET /items?categoryId=1768,414,22,20,36,41,53,9,63,0.000%,.13818,1.68,0.02
GET /items?categoryId=1769,399,26,20,48,74,112,5,149,0.000%,.13317,1.71,0.02
GET /items?categoryId=1770,459,25,21,51,55,62,6,210,0.000%,.15320,2.09,0.02
GET /items?categoryId=1771,443,23,17,38,45,119,5,235,0.000%,.14786,1.83,0.02
GET /items?categoryId=1772,385,23,16,43,76,141,5,152,0.000%,.12851,1.60,0.02
GET /items?categoryId=1773,473,25,19,40,66,149,6,266,0.000%,.15788,1.97,0.03
GET /items?categoryId=1774,389,23,16,32,50,162,6,164,0.000%,.12985,1.73,0.02
GET /items?categoryId=1775,503,15,14,24,30,55,5,57,0.000%,.16790,2.09,0.03
GET /items?categoryId=1776,435,19,17,30,39,73,6,75,0.000%,.14520,1.83,0.02
GET /items?categoryId=1777,446,19,16,30,40,95,5,152,0.000%,.14888,1.86,0.02
GET /items?categoryId=1778,390,21,16,43,58,87,6,209,0.000%,.13018,1.73,0.02
GET /items?categoryId=1779,423,20,17,37,49,89,5,239,0.000%,.14120,1.60,0.02
GET /items?categoryId=1780,336,25,19,43,65,163,6,179,0.000%,.11217,1.49,0.02
GET /items?categoryId=1781,329,18,14,38,43,59,5,60,0.000%,.10983,1.33,0.02
GET /items?categoryId=1782,499,21,15,38,63,96,4,147,0.000%,.16658,2.28,0.03
GET /items?categoryId=1783,449,19,16,36,53,73,6,95,0.000%,.14989,1.79,0.02
GET /items?categoryId=1784,427,21,21,33,37,62,6,64,0.000%,.14256,1.89,0.02
GET /items?categoryId=1785,326,21,19,34,38,60,7,197,0.000%,.10883,1.38,0.02
GET /items?categoryId=1786,357,32,20,67,109,192,7,202,0.000%,.11918,1.59,0.02
GET /items?categoryId=1787,404,29,22,68,101,110,7,147,0.000%,.13488,1.76,0.02
GET /items?categoryId=1788,454,21,18,35,45,74,5,79,0.000%,.15158,1.96,0.02
GET /items?categoryId=1789,350,21,18,27,32,153,6,178,0.000%,.11686,1.47,0.02
GET /items?categoryId=1790,365,22,14,34,114,126,5,129,0.000%,.12187,1.58,0.02
GET /items?categoryId=1791,514,24,19,40,54,126,5,155,0.000%,.17162,2.30,0.03
GET /items?categoryId=1792,361,18,15,29,40,62,5,162,0.000%,.12054,1.47,0.02
GET /items?categoryId=1793,442,21,19,32,37,78,6,218,0.000%,.14758,1.82,0.02
GET /items?categoryId=1794,361,26,18,66,111,122,6,166,0.000%,.12054,1.71,0.02
GET /items?categoryId=1795,451,17,14,31,42,56,5,66,0.000%,.15059,1.88,0.02
GET /items?categoryId=1796,458,24,20,42,56,80,6,115,0.000%,.15293,1.97,0.02
GET /items?categoryId=1797,449,19,14,32,61,108,6,110,0.000%,.14993,1.88,0.02
GET /items?categoryId=1798,512,24,14,30,53,236,5,256,0.000%,.17097,2.25,0.03
GET /items?categoryId=1799,424,30,21,54,119,153,6,154,0.000%,.14159,1.86,0.02
GET /items?categoryId=1800,469,29,23,47,66,133,5,199,0.000%,.15662,1.94,0.03
GET /items?categoryId=1801,443,18,14,38,43,82,6,106,0.000%,.14795,1.78,0.02
GET /items?categoryId=1802,391,19,14,29,60,103,6,105,0.000%,.13058,1.73,0.02
GET /items?categoryId=1803,508,25,17,35,54,232,5,238,0.000%,.16966,2.09,0.03
GET /items?categoryId=1804,479,26,21,38,49,202,6,248,0.000%,.15997,2.03,0.03
GET /items?categoryId=1805,389,19,17,28,44,60,5,116,0.000%,.12993,1.75,0.02
GET /items?categoryId=1806,487,20,15,27,83,116,6,118,0.000%,.16266,2.12,0.03
GET /items?categoryId=1807,444,23,14,38,91,150,6,158,0.000%,.14830,1.79,0.02
GET /items?categoryId=1808,318,27,17,36,46,268,5,270,0.000%,.10622,1.41,0.02
GET /items?categoryId=1809,350,33,16,34,221,250,5,251,0.000%,.11691,1.32,0.02
GET /items?categoryId=1810,393,22,20,39,46,75,5,257,0.000%,.13127,1.74,0.02
GET /items?categoryId=1811,471,18,15,26,37,70,4,78,0.000%,.15733,2.01,0.03
GET /items?categoryId=1812,312,20,16,35,37,81,5,164,0.000%,.10422,1.32,0.02
GET /items?categoryId=1813,474,27,19,39,59,182,6,196,0.000%,.15834,2.00,0.03
GET /items?categoryId=1814,481,16,14,25,35,55,6,70,0.000%,.16068,2.01,0.03
GET /items?categoryId=1815,487,19,16,32,44,70,6,218,0.000%,.16269,2.12,0.03
GET /items?categoryId=1816,448,28,22,55,61,147,6,174,0.000%,.14967,1.87,0.02
GET /items?categoryId=1817,504,26,21,42,53,139,5,173,0.000%,.16838,2.19,0.03
GET /items?categoryId=1818,448,24,19,36,76,105,6,125,0.000%,.14967,1.99,0.02
GET /items?categoryId=1819,475,17,15,33,39,52,5,59,0.000%,.15869,2.03,0.03
GET /items?categoryId=1820,432,19,15,28,31,111,5,148,0.000%,.14433,1.71,0.02
GET /items?categoryId=1821,386,20,14,35,42,109,5,203,0.000%,.12896,1.67,0.02
GET /items?categoryId=1822,435,21,20,34,39,47,7,57,0.000%,.14533,1.85,0.02
GET /items?categoryId=1823,422,23,14,50,72,188,5,208,0.000%,.14099,1.88,0.02
GET /items?categoryId=1824,464,26,17,47,96,146,5,167,0.000%,.15503,1.77,0.02
GET /items?categoryId=1825,393,29,22,50,81,159,6,174,0.000%,.13131,1.74,0.02
GET /items?categoryId=1826,353,24,20,37,47,88,8,116,0.000%,.11795,1.57,0.02
GET /items?categoryId=1827,450,18,15,32,44,68,5,82,0.000%,.15036,1.84,0.02
GET /items?categoryId=1828,455,19,14,27,42,101,5,201,0.000%,.15203,1.90,0.02
GET /items?categoryId=1829,391,37,19,78,183,196,8,216,0.000%,.13065,1.74,0.02
GET /items?categoryId=1830,508,24,20,32,60,113,7,193,0.000%,.16975,2.28,0.03
GET /items?categoryId=1831,487,28,16,60,98,184,6,213,0.000%,.16273,2.11,0.03
GET /items?categoryId=1832,361,29,20,74,106,120,6,163,0.000%,.12063,1.48,0.02
GET /items?categoryId=1833,377,21,15,45,56,113,6,115,0.000%,.12598,1.54,0.02
GET /items?categoryId=1834,404,25,20,43,56,79,7,133,0.000%,.13501,1.83,0.02
GET /items?categoryId=1835,450,16,14,26,35,51,5,51,0.000%,.15037,1.88,0.02
GET /items?categoryId=1836,406,16,14,28,35,60,6,64,0.000%,.13568,1.58,0.02
GET /items?categoryId=1837,474,25,18,43,67,155,7,189,0.000%,.15840,2.18,0.03
GET /items?categoryId=1838,442,25,20,39,46,183,9,188,0.000%,.14771,1.95,0.02
GET /items?categoryId=1839,477,22,18,30,35,168,6,202,0.000%,.15941,1.93,0.03
GET /items?categoryId=1840,424,29,19,44,61,197,6,204,0.000%,.14169,1.92,0.02
GET /items?categoryId=1841,490,29,21,49,76,135,7,171,0.000%,.16375,2.19,0.03
GET /items?categoryId=1842,444,27,20,35,75,147,8,152,0.000%,.14838,1.95,0.02
GET /items?categoryId=1843,405,18,16,27,43,79,5,79,0.000%,.13535,1.61,0.02
GET /items?categoryId=1844,295,17,15,23,46,51,6,197,0.000%,.09859,1.15,0.02
GET /items?categoryId=1845,540,26,19,42,55,141,7,166,0.000%,.18047,2.37,0.03
GET /items?categoryId=1846,339,25,20,43,57,96,7,224,0.000%,.11329,1.53,0.02
GET /items?categoryId=1847,395,24,19,39,51,80,7,182,0.000%,.13201,1.59,0.02
GET /items?categoryId=1848,291,26,14,35,165,172,5,176,0.000%,.09726,1.21,0.02
GET /items?categoryId=1849,429,24,19,32,76,125,6,127,0.000%,.14338,1.96,0.02
GET /items?categoryId=1850,465,28,21,46,74,108,5,152,0.000%,.15541,2.10,0.02
GET /items?categoryId=1851,356,29,24,41,46,133,7,166,0.000%,.11898,1.36,0.02
GET /items?categoryId=1852,363,17,15,26,34,37,6,134,0.000%,.12132,1.59,0.02
GET /items?categoryId=1853,427,18,15,33,36,173,6,207,0.000%,.14271,1.80,0.02
GET /items?categoryId=1854,373,26,21,44,64,109,8,110,0.000%,.12467,1.67,0.02
GET /items?categoryId=1855,432,33,23,59,101,170,7,238,0.000%,.14438,1.81,0.02
GET /items?categoryId=1856,448,30,21,52,86,155,6,161,0.000%,.14974,2.00,0.02
GET /items?categoryId=1858,445,20,15,30,68,101,6,169,0.000%,.14874,1.95,0.02
GET /items?categoryId=1857,298,24,21,35,54,90,5,112,0.000%,.09960,1.23,0.02
GET /items?categoryId=1859,374,23,20,38,47,92,6,92,0.000%,.12500,1.61,0.02
GET /items?categoryId=1860,408,27,19,60,96,133,5,154,0.000%,.13637,1.82,0.02
GET /items?categoryId=1861,439,26,16,37,57,257,6,266,0.000%,.14673,1.81,0.02
GET /items?categoryId=1862,386,33,19,39,250,262,6,269,0.000%,.12902,1.75,0.02
GET /items?categoryId=1863,348,23,16,54,77,138,6,140,0.000%,.11632,1.38,0.02
GET /items?categoryId=1864,523,21,20,33,48,60,6,65,0.000%,.17482,2.21,0.03
GET /items?categoryId=1865,452,22,15,29,58,161,5,164,0.000%,.15109,1.97,0.02
GET /items?categoryId=1866,495,16,14,25,41,50,6,72,0.000%,.16546,2.09,0.03
GET /items?categoryId=1867,370,24,20,46,54,58,6,193,0.000%,.12368,1.63,0.02
GET /items?categoryId=1868,337,27,23,42,55,109,5,148,0.000%,.11265,1.47,0.02
GET /items?categoryId=1869,374,26,19,51,81,169,5,171,0.000%,.12502,1.58,0.02
GET /items?categoryId=1870,408,24,22,39,47,63,5,72,0.000%,.13639,1.77,0.02
GET /items?categoryId=1871,360,17,16,28,33,48,6,58,0.000%,.12034,1.48,0.02
GET /items?categoryId=1872,470,17,14,28,32,44,5,209,0.000%,.15711,1.94,0.03
GET /items?categoryId=1873,439,16,15,26,30,53,5,68,0.000%,.14675,1.84,0.02
GET /items?categoryId=1874,421,24,19,41,49,160,6,182,0.000%,.14073,1.90,0.02
GET /items?categoryId=1875,416,21,19,36,42,58,5,74,0.000%,.13906,1.70,0.02
GET /items?categoryId=1876,425,23,19,34,46,146,6,147,0.000%,.14207,1.79,0.02
GET /items?categoryId=1877,381,23,15,42,61,122,6,203,0.000%,.12737,1.72,0.02
GET /items?categoryId=1878,435,27,23,44,68,142,8,154,0.000%,.14542,1.88,0.02
GET /items?categoryId=1879,365,28,21,38,95,126,7,128,0.000%,.12202,1.58,0.02
GET /items?categoryId=1880,408,25,20,34,65,120,6,176,0.000%,.13639,1.72,0.02
GET /items?categoryId=1881,352,20,15,33,61,95,5,111,0.000%,.11768,1.58,0.02
GET /items?categoryId=1882,503,22,20,32,42,98,6,160,0.000%,.16815,2.20,0.03
GET /items?categoryId=1883,314,21,20,33,39,42,7,72,0.000%,.10497,1.32,0.02
GET /items?categoryId=1884,408,16,14,30,37,46,6,65,0.000%,.13640,1.69,0.02
GET /items?categoryId=1885,344,25,20,46,64,141,6,175,0.000%,.11501,1.39,0.02
GET /items?categoryId=1886,475,24,19,38,51,147,6,192,0.000%,.15880,2.23,0.03
GET /items?categoryId=1887,336,22,17,37,65,96,6,102,0.000%,.11234,1.37,0.02
GET /items?categoryId=1888,435,22,16,30,49,153,6,242,0.000%,.14543,1.75,0.02
GET /items?categoryId=1889,452,20,15,27,40,161,5,241,0.000%,.15112,1.83,0.02
GET /items?categoryId=1890,317,22,21,35,44,68,7,78,0.000%,.10599,1.48,0.02
GET /items?categoryId=1891,453,22,15,34,70,167,5,168,0.000%,.15146,1.96,0.02
GET /items?categoryId=1892,463,27,19,45,81,121,6,173,0.000%,.15480,1.89,0.02
GET /items?categoryId=1893,488,21,17,34,42,74,6,212,0.000%,.16316,2.23,0.03
GET /items?categoryId=1894,336,22,15,49,70,99,6,202,0.000%,.11234,1.40,0.02
GET /items?categoryId=1895,441,22,16,36,67,109,5,162,0.000%,.14745,1.90,0.02
GET /items?categoryId=1896,453,36,24,94,123,203,9,206,0.000%,.15146,1.89,0.02
GET /items?categoryId=1897,458,24,20,44,51,85,7,105,0.000%,.15314,1.93,0.02
GET /items?categoryId=1898,464,26,19,48,75,184,8,190,0.000%,.15515,2.10,0.02
GET /items?categoryId=1899,453,31,18,68,137,188,7,200,0.000%,.15147,2.05,0.02
GET /items?categoryId=1900,390,21,19,30,49,83,6,92,0.000%,.13041,1.55,0.02
GET /items?categoryId=1901,373,18,13,36,37,162,5,200,0.000%,.12472,1.51,0.02
GET /items?categoryId=1902,393,15,13,24,39,55,5,61,0.000%,.13141,1.73,0.02
GET /items?categoryId=1903,418,21,17,33,47,68,6,239,0.000%,.13977,1.87,0.02
GET /items?categoryId=1904,452,23,17,42,69,85,5,169,0.000%,.15114,1.90,0.02
GET /items?categoryId=1905,442,20,17,36,42,114,6,148,0.000%,.14780,1.84,0.02
GET /items?categoryId=1906,340,21,19,37,49,58,7,58,0.000%,.11370,1.52,0.02
GET /items?categoryId=1907,477,22,19,36,41,56,8,203,0.000%,.15951,2.06,0.03
GET /items?categoryId=1908,393,23,21,38,43,60,8,61,0.000%,.13142,1.77,0.02
GET /items?categoryId=1909,362,23,16,36,49,184,6,186,0.000%,.12105,1.36,0.02
GET /items?categoryId=1910,465,21,19,30,40,59,6,192,0.000%,.15550,2.08,0.02
GET /items?categoryId=1911,369,16,14,23,34,53,5,166,0.000%,.12340,1.62,0.02
GET /items?categoryId=1912,469,28,21,43,65,160,6,187,0.000%,.15684,1.92,0.03
GET /items?categoryId=1913,487,21,15,37,55,168,5,189,0.000%,.16286,2.00,0.03
GET /items?categoryId=1914,375,23,19,41,43,52,8,82,0.000%,.12540,1.67,0.02
GET /items?categoryId=1915,484,17,17,28,38,42,5,79,0.000%,.16186,2.07,0.03
GET /items?categoryId=1916,376,18,16,33,41,60,5,69,0.000%,.12575,1.48,0.02
GET /items?categoryId=1917,519,20,16,37,57,71,5,219,0.000%,.17357,2.24,0.03
GET /items?categoryId=1918,418,16,15,26,31,51,5,79,0.000%,.13979,1.69,0.02
GET /items?categoryId=1919,463,24,19,43,50,118,8,233,0.000%,.15484,2.04,0.02
GET /items?categoryId=1920,406,22,19,37,47,79,7,86,0.000%,.13578,1.79,0.02
GET /items?categoryId=1921,417,25,21,41,63,100,7,114,0.000%,.13946,1.81,0.02
GET /items?categoryId=1922,373,25,16,54,115,125,5,126,0.000%,.12474,1.52,0.02
GET /items?categoryId=1923,508,22,19,32,38,79,6,110,0.000%,.16989,2.23,0.03
GET /items?categoryId=1924,456,20,16,28,58,100,5,104,0.000%,.15251,1.85,0.02
GET /items?categoryId=1925,477,28,17,49,85,211,6,213,0.000%,.15953,1.91,0.03
GET /items?categoryId=1926,403,25,20,39,52,108,7,260,0.000%,.13478,1.78,0.02
GET /items?categoryId=1927,420,26,23,35,43,121,5,131,0.000%,.14047,1.77,0.02
GET /items?categoryId=1928,327,18,16,30,44,52,5,70,0.000%,.10937,1.47,0.02
GET /items?categoryId=1929,360,17,16,24,29,56,6,64,0.000%,.12040,1.59,0.02
GET /items?categoryId=1930,321,30,23,48,91,157,9,163,0.000%,.10736,1.37,0.02
GET /items?categoryId=1931,484,26,20,41,80,111,7,114,0.000%,.16188,2.04,0.03
GET /items?categoryId=1932,481,22,19,34,51,73,8,91,0.000%,.16087,2.19,0.03
GET /items?categoryId=1933,471,22,16,34,44,230,5,235,0.000%,.15753,1.90,0.03
GET /items?categoryId=1934,398,19,16,32,53,65,5,173,0.000%,.13312,1.61,0.02
GET /items?categoryId=1935,395,16,15,24,29,52,5,56,0.000%,.13212,1.71,0.02
GET /items?categoryId=1936,421,19,16,31,38,108,5,117,0.000%,.14081,1.57,0.02
GET /items?categoryId=1937,475,18,16,30,34,45,6,62,0.000%,.15887,2.01,0.03
GET /items?categoryId=1938,443,25,21,36,49,163,9,184,0.000%,.14817,1.99,0.02
GET /items?categoryId=1939,434,18,16,29,37,71,6,172,0.000%,.14516,1.81,0.02
GET /items?categoryId=1940,335,23,16,33,61,210,5,212,0.000%,.11205,1.35,0.02
GET /items?categoryId=1941,415,25,15,37,106,208,5,212,0.000%,.13881,1.79,0.02
GET /items?categoryId=1942,485,20,16,29,38,120,5,122,0.000%,.16222,2.05,0.03
GET /items?categoryId=1943,442,19,16,29,56,86,5,88,0.000%,.14784,1.81,0.02
GET /items?categoryId=1944,417,21,19,37,44,63,8,85,0.000%,.13948,1.86,0.02
GET /items?categoryId=1945,365,24,20,42,47,98,7,126,0.000%,.12209,1.51,0.02
GET /items?categoryId=1946,419,20,17,36,44,74,4,186,0.000%,.14015,1.83,0.02
GET /items?categoryId=1947,355,29,23,45,65,145,9,207,0.000%,.11875,1.53,0.02
GET /items?categoryId=1948,410,34,21,106,131,174,8,181,0.000%,.13714,1.77,0.02
GET /items?categoryId=1949,457,22,16,37,70,106,5,201,0.000%,.15286,1.83,0.02
GET /items?categoryId=1950,355,18,16,31,42,63,5,65,0.000%,.11875,1.63,0.02
GET /items?categoryId=1951,459,17,15,29,40,53,5,60,0.000%,.15354,1.94,0.02
GET /items?categoryId=1952,352,15,14,23,25,32,5,39,0.000%,.11775,1.49,0.02
GET /items?categoryId=1953,533,17,14,36,42,61,5,83,0.000%,.17830,2.10,0.03
GET /items?categoryId=1954,442,18,14,31,41,83,5,83,0.000%,.14786,1.94,0.02
GET /items?categoryId=1955,418,32,20,53,151,214,8,217,0.000%,.13983,1.87,0.02
GET /items?categoryId=1956,386,21,19,34,41,64,6,223,0.000%,.12912,1.63,0.02
GET /items?categoryId=1957,415,30,21,45,126,139,6,182,0.000%,.13882,1.69,0.02
GET /items?categoryId=1958,410,17,15,28,37,43,6,134,0.000%,.13716,1.86,0.02
GET /items?categoryId=1959,323,17,17,26,28,49,7,50,0.000%,.10805,1.38,0.02
GET /items?categoryId=1960,354,14,14,21,24,29,5,31,0.000%,.11842,1.49,0.02
GET /items?categoryId=1961,503,13,12,21,23,29,5,37,0.000%,.16827,1.89,0.03
GET /items?categoryId=1962,390,15,13,26,29,41,5,134,0.000%,.13047,1.75,0.02
GET /items?categoryId=1963,406,21,18,27,37,183,6,199,0.000%,.13582,1.84,0.02
GET /items?categoryId=1964,349,26,19,35,60,207,6,235,0.000%,.11675,1.55,0.02
GET /items?categoryId=1965,368,19,15,32,36,145,5,191,0.000%,.12310,1.39,0.02
GET /items?categoryId=1966,434,23,21,34,40,124,5,135,0.000%,.14518,1.88,0.02
GET /items?categoryId=1967,493,15,13,22,26,34,5,147,0.000%,.16492,2.20,0.03
GET /items?categoryId=1968,378,13,12,20,22,25,5,26,0.000%,.12645,1.64,0.02
GET /items?categoryId=1969,505,18,18,26,29,32,7,36,0.000%,.16893,2.17,0.03
GET /items?categoryId=1970,490,25,15,28,148,165,5,185,0.000%,.16391,2.00,0.03
GET /items?categoryId=1971,365,26,19,34,57,194,7,199,0.000%,.12210,1.64,0.02
GET /items?categoryId=1972,453,25,18,30,51,178,6,197,0.000%,.15154,1.94,0.02
GET /items?categoryId=1973,411,23,19,32,35,114,6,163,0.000%,.13748,1.69,0.02
GET /items?categoryId=1974,485,26,20,35,112,125,6,149,0.000%,.16224,2.15,0.03
GET /items?categoryId=1975,488,20,20,30,34,46,6,61,0.000%,.16324,2.20,0.03
GET /items?categoryId=1976,312,19,18,32,37,46,5,47,0.000%,.10437,1.32,0.02
GET /items?categoryId=1977,497,17,17,25,28,34,7,46,0.000%,.16625,2.15,0.03
GET /items?categoryId=1978,338,19,17,28,32,60,6,172,0.000%,.11306,1.46,0.02
GET /items?categoryId=1979,507,15,13,24,27,47,5,186,0.000%,.16959,2.19,0.03
GET /items?categoryId=1980,450,18,13,27,35,185,5,212,0.000%,.15053,1.89,0.02
GET /items?categoryId=1981,356,17,14,29,35,42,5,97,0.000%,.11909,1.44,0.02
GET /items?categoryId=1982,391,21,20,31,36,50,6,50,0.000%,.13079,1.70,0.02
GET /items?categoryId=1983,324,19,14,27,35,112,5,118,0.000%,.10838,1.42,0.02
GET /items?categoryId=1984,391,20,20,30,35,37,7,44,0.000%,.13079,1.71,0.02
GET /items?categoryId=1985,479,18,18,26,28,54,6,68,0.000%,.16022,2.04,0.03
GET /items?categoryId=1986,460,28,19,36,62,241,6,254,0.000%,.15387,1.92,0.02
GET /items?categoryId=1987,439,15,13,23,30,41,5,45,0.000%,.14684,2.00,0.02
GET /items?categoryId=1988,417,16,12,23,29,45,6,221,0.000%,.13949,1.69,0.02
GET /items?categoryId=1989,425,19,15,25,39,199,6,211,0.000%,.14216,1.83,0.02
GET /items?categoryId=1990,447,17,15,33,39,43,6,192,0.000%,.14952,1.87,0.02
GET /items?categoryId=1991,453,17,15,28,40,43,5,140,0.000%,.15153,1.93,0.02
GET /items?categoryId=1992,403,17,13,28,33,121,5,140,0.000%,.13480,1.60,0.02
GET /items?categoryId=1993,439,17,14,27,29,129,5,157,0.000%,.14684,1.86,0.02
GET /items?categoryId=1994,346,16,15,24,28,38,5,79,0.000%,.11574,1.48,0.02
GET /items?categoryId=1995,440,24,19,35,41,170,7,172,0.000%,.14717,1.93,0.02
GET /items?categoryId=1996,472,22,19,37,47,56,6,219,0.000%,.15788,1.98,0.03
GET /items?categoryId=1997,420,16,12,22,26,141,6,172,0.000%,.14048,1.67,0.02
GET /items?categoryId=1998,389,29,20,47,136,155,6,170,0.000%,.13012,1.77,0.02
GET /items?categoryId=1999,376,18,15,35,43,45,6,47,0.000%,.12577,1.66,0.02
GET /items?categoryId=2000,445,29,15,29,136,321,5,322,2.022%,.14885,1.83,0.02
TOTAL,1321733,16,13,29,40,124,0,563,0.399%,392.11744,3567.18,59.22
