Label,# Samples,Average,Min,Max,Std. Dev.,Error %,Throughput,Received KB/sec,Sent KB/sec,Avg. Bytes
GET /items?categoryId=1,557,20,5,563,33.78,0.000%,.17056,2.06,0.03,12368.4
GET /items/{id},396521,8,0,483,18.53,0.327%,117.65231,49.82,15.70,433.7
GET /items?categoryId=2,548,15,5,99,8.17,0.000%,.16795,2.16,0.03,13178.9
GET /items?categoryId=3,539,15,5,191,14.18,0.000%,.16526,2.18,0.03,13489.6
GET /items?categoryId=4,537,19,5,211,27.88,0.000%,.16469,1.95,0.03,12109.2
GET /items?categoryId=5,445,14,5,44,6.66,0.000%,.13651,1.65,0.02,12386.4
GET /items?categoryId=6,514,26,6,204,43.00,0.000%,.15770,1.87,0.02,12157.9
GET /items?categoryId=7,453,16,6,162,15.75,0.000%,.13901,1.86,0.02,13727.3
GET /items?categoryId=8,541,17,5,142,15.87,0.000%,.16604,2.15,0.03,13232.1
GET /items?categoryId=9,479,13,5,154,10.19,0.000%,.14703,1.65,0.02,11496.6
GET /items?categoryId=10,612,16,5,168,13.45,0.000%,.18788,2.44,0.03,13319.1
GET /items?categoryId=11,613,15,5,209,13.13,0.000%,.18821,2.50,0.03,13590.7
GET /items?categoryId=12,454,16,5,177,17.08,0.000%,.13942,1.82,0.02,13348.8
GET /items?categoryId=13,461,14,5,73,8.77,0.000%,.14158,1.77,0.02,12772.6
GET /items?categoryId=14,570,18,5,285,30.78,0.000%,.17507,2.20,0.03,12851.9
GET /items?categoryId=15,559,21,5,295,37.18,0.000%,.17171,2.27,0.03,13514.5
GET /items?categoryId=16,425,15,5,52,8.15,0.000%,.13056,1.75,0.02,13713.3
GET /items?categoryId=17,413,14,5,51,7.19,0.000%,.12689,1.58,0.02,12716.5
GET /items?categoryId=18,458,14,5,90,8.04,0.000%,.14072,1.70,0.02,12358.9
GET /items?categoryId=19,574,17,5,266,15.55,0.000%,.17637,2.26,0.03,13104.7
GET /items?categoryId=20,577,15,5,40,7.65,0.000%,.17731,2.47,0.03,14290.9
GET /items?categoryId=21,525,14,5,145,9.56,0.000%,.16135,1.89,0.03,11978.8
GET /items?categoryId=22,629,17,5,228,25.29,0.000%,.19333,2.29,0.03,12140.5
GET /items?categoryId=23,496,21,5,204,26.18,0.000%,.15246,2.06,0.02,13802.8
GET /items?categoryId=24,538,15,5,62,8.71,0.000%,.16538,2.16,0.03,13354.9
GET /items?categoryId=25,486,15,5,43,8.51,0.000%,.14941,1.85,0.02,12671.0
GET /items?categoryId=26,500,16,5,265,19.07,0.000%,.15372,1.74,0.02,11587.7
GET /items?categoryId=27,616,20,5,197,23.88,0.000%,.18940,2.47,0.03,13356.4
GET /items?categoryId=28,430,17,5,157,15.02,0.000%,.13222,1.78,0.02,13769.9
GET /items?categoryId=29,440,16,5,295,23.63,0.000%,.13530,1.76,0.02,13303.3
GET /items?categoryId=30,467,17,5,95,12.19,0.000%,.14361,1.70,0.02,12103.3
GET /items?categoryId=31,506,22,5,191,30.04,0.000%,.15561,1.97,0.02,12960.2
GET /items?categoryId=32,576,19,5,153,18.95,0.000%,.17714,2.34,0.03,13518.9
GET /items?categoryId=33,523,16,5,146,10.49,0.000%,.16086,2.12,0.03,13492.8
GET /items?categoryId=34,463,17,5,174,20.06,0.000%,.14242,1.67,0.02,12031.1
GET /items?categoryId=35,524,14,5,96,8.11,0.000%,.16118,1.98,0.03,12590.9
GET /items?categoryId=36,488,18,5,289,24.44,0.000%,.15012,1.95,0.02,13272.2
GET /items?categoryId=37,424,19,5,247,30.30,0.000%,.13043,1.77,0.02,13885.7
GET /items?categoryId=38,449,14,5,37,7.31,0.000%,.13814,1.80,0.02,13337.9
GET /items?categoryId=39,524,15,5,214,13.37,0.000%,.16121,1.96,0.03,12423.0
GET /items?categoryId=40,519,19,5,201,28.57,0.000%,.15969,1.89,0.03,12131.2
GET /items?categoryId=41,393,16,5,148,16.75,0.000%,.12092,1.66,0.02,14023.0
GET /items?categoryId=42,495,14,5,113,9.58,0.000%,.15232,2.04,0.02,13728.3
GET /items?categoryId=43,600,16,5,128,11.68,0.000%,.18463,2.24,0.03,12419.5
GET /items?categoryId=44,491,16,5,63,10.64,0.000%,.15110,1.77,0.02,12028.6
GET /items?categoryId=45,378,15,5,100,10.19,0.000%,.11633,1.60,0.02,14116.6
GET /items?categoryId=46,445,14,5,44,6.18,0.000%,.13696,1.85,0.02,13798.4
GET /items?categoryId=47,482,22,5,209,34.80,0.000%,.14835,1.82,0.02,12590.7
GET /items?categoryId=48,461,20,5,208,30.59,0.000%,.14189,1.81,0.02,13081.6
GET /items?categoryId=49,538,25,5,212,40.83,0.000%,.16559,2.08,0.03,12890.1
GET /items?categoryId=50,471,17,4,102,11.78,0.000%,.14498,1.89,0.02,13345.6
GET /items?categoryId=51,514,25,5,293,49.80,0.000%,.15822,2.18,0.02,14100.9
GET /items?categoryId=52,465,17,5,291,21.16,0.000%,.14315,1.76,0.02,12604.7
GET /items?categoryId=53,639,14,5,45,7.25,0.000%,.19672,2.43,0.03,12645.7
GET /items?categoryId=54,452,14,5,39,7.06,0.000%,.13916,1.91,0.02,14044.4
GET /items?categoryId=55,533,18,5,182,27.51,0.000%,.16410,2.17,0.03,13570.0
GET /items?categoryId=56,554,19,5,172,24.30,0.000%,.17057,2.09,0.03,12577.2
GET /items?categoryId=57,489,21,5,209,33.15,0.000%,.15056,1.86,0.02,12676.6
GET /items?categoryId=58,595,19,5,246,26.66,0.000%,.18320,2.45,0.03,13677.8
GET /items?categoryId=59,431,17,5,181,20.93,0.000%,.13271,1.69,0.02,13046.4
GET /items?categoryId=60,461,15,5,184,13.20,0.000%,.14196,1.72,0.02,12406.9
GET /items?categoryId=61,585,15,5,145,10.91,0.000%,.18014,2.23,0.03,12648.0
GET /items?categoryId=62,495,14,5,42,6.18,0.000%,.15243,1.97,0.02,13259.5
GET /items?categoryId=63,630,17,5,166,13.43,0.000%,.19401,2.66,0.03,14026.4
GET /items?categoryId=64,553,17,5,177,14.07,0.000%,.17030,1.95,0.03,11730.0
GET /items?categoryId=65,489,22,6,205,30.56,0.000%,.15060,1.83,0.02,12476.1
GET /items?categoryId=66,612,19,5,201,21.91,0.000%,.18849,2.52,0.03,13663.9
GET /items?categoryId=67,417,17,5,202,24.39,0.000%,.12844,1.67,0.02,13326.1
GET /items?categoryId=68,614,14,4,226,11.57,0.000%,.18912,2.35,0.03,12706.1
GET /items?categoryId=69,543,16,6,48,8.86,0.000%,.16726,2.00,0.03,12238.1
GET /items?categoryId=70,415,15,5,49,8.57,0.000%,.12783,1.71,0.02,13670.3
GET /items?categoryId=71,463,20,5,298,34.49,0.000%,.14262,1.82,0.02,13032.4
GET /items?categoryId=72,422,26,4,275,52.86,0.000%,.13000,1.62,0.02,12754.7
GET /items?categoryId=73,434,22,5,205,36.43,0.000%,.13370,1.62,0.02,12386.8
GET /items?categoryId=74,461,19,5,223,24.77,0.000%,.14202,1.73,0.02,12465.7
GET /items?categoryId=75,606,15,5,163,10.82,0.000%,.18669,2.47,0.03,13550.5
GET /items?categoryId=76,628,16,5,150,13.01,0.000%,.19347,2.53,0.03,13379.5
GET /items?categoryId=77,421,15,5,230,16.88,0.000%,.12971,1.58,0.02,12438.5
GET /items?categoryId=78,485,14,5,39,6.14,0.000%,.14943,1.84,0.02,12580.8
GET /items?categoryId=79,448,13,5,139,8.05,0.000%,.13803,1.82,0.02,13482.0
GET /items?categoryId=80,514,18,5,240,29.28,0.000%,.15837,2.04,0.03,13218.5
GET /items?categoryId=81,476,16,5,198,18.08,0.000%,.14667,1.92,0.02,13378.9
GET /items?categoryId=82,465,14,5,236,12.81,0.000%,.14328,1.72,0.02,12262.7
GET /items?categoryId=83,429,14,5,130,8.68,0.000%,.13219,1.74,0.02,13499.2
GET /items?categoryId=84,479,17,5,200,19.79,0.000%,.14760,1.80,0.02,12471.1
GET /items?categoryId=85,555,18,5,191,24.76,0.000%,.17102,2.27,0.03,13590.4
GET /items?categoryId=86,512,16,5,221,12.04,0.000%,.15778,1.97,0.02,12812.0
GET /items?categoryId=87,457,15,5,301,19.20,0.000%,.14083,1.67,0.02,12129.8
GET /items?categoryId=88,418,16,5,301,21.25,0.000%,.12882,1.70,0.02,13517.8
GET /items?categoryId=89,624,18,5,181,22.30,0.000%,.19230,2.52,0.03,13414.7
GET /items?categoryId=90,435,17,5,191,15.03,0.000%,.13406,1.60,0.02,12214.8
GET /items?categoryId=91,531,19,5,210,25.05,0.000%,.16365,1.90,0.03,11918.3
GET /items?categoryId=92,576,16,5,209,19.17,0.000%,.17751,2.40,0.03,13845.7
GET /items?categoryId=93,611,17,4,229,15.96,0.000%,.18831,2.51,0.03,13623.1
GET /items?categoryId=94,418,18,5,52,9.72,0.000%,.12883,1.53,0.02,12193.8
GET /items?categoryId=95,502,19,4,245,26.55,0.000%,.15472,2.02,0.02,13387.1
GET /items?categoryId=96,471,15,5,174,15.13,0.000%,.14517,1.85,0.02,13023.5
GET /items?categoryId=97,581,16,5,190,15.01,0.000%,.17907,2.39,0.03,13642.6
GET /items?categoryId=98,483,19,5,188,22.35,0.000%,.14888,1.72,0.02,11863.9
GET /items?categoryId=99,637,20,5,238,21.50,0.000%,.19635,2.55,0.03,13300.9
GET /items?categoryId=100,566,25,5,259,45.80,0.000%,.17446,2.28,0.03,13401.9
GET /items?categoryId=101,581,22,5,241,34.39,0.000%,.17909,2.35,0.03,13464.6
GET /items?categoryId=102,604,15,5,192,13.36,0.000%,.18618,2.27,0.03,12488.3
GET /items?categoryId=103,538,14,4,57,7.81,0.000%,.16584,2.16,0.03,13333.7
GET /items?categoryId=104,421,13,5,55,6.13,0.000%,.12978,1.63,0.02,12876.3
GET /items?categoryId=105,613,15,4,113,11.09,0.000%,.18897,2.44,0.03,13233.4
GET /items?categoryId=106,537,18,5,247,25.07,0.000%,.16555,2.01,0.03,12434.6
GET /items?categoryId=107,515,19,4,213,24.76,0.000%,.15877,1.98,0.03,12777.7
GET /items?categoryId=108,405,16,5,227,24.76,0.000%,.12486,1.67,0.02,13659.9
GET /items?categoryId=109,607,16,5,170,13.63,0.000%,.18713,2.40,0.03,13111.5
GET /items?categoryId=110,641,14,5,50,8.00,0.000%,.19762,2.43,0.03,12600.0
GET /items?categoryId=111,465,14,4,46,6.97,0.000%,.14336,1.82,0.02,12980.1
GET /items?categoryId=112,560,14,5,96,9.36,0.000%,.17265,2.17,0.03,12879.5
GET /items?categoryId=113,520,18,5,214,20.98,0.000%,.16033,2.08,0.03,13302.6
GET /items?categoryId=114,647,20,4,213,28.82,0.000%,.19949,2.39,0.03,12289.4
GET /items?categoryId=115,551,22,5,200,29.00,0.000%,.16989,2.24,0.03,13517.7
GET /items?categoryId=116,570,15,5,202,12.31,0.000%,.17575,2.42,0.03,14123.7
GET /items?categoryId=117,576,15,5,154,10.22,0.000%,.17760,2.12,0.03,12210.5
GET /items?categoryId=118,504,15,5,41,7.19,0.000%,.15540,1.89,0.02,12464.3
GET /items?categoryId=119,404,16,5,50,10.11,0.000%,.12457,1.67,0.02,13700.5
GET /items?categoryId=120,518,14,5,46,7.18,0.000%,.15972,2.17,0.03,13909.6
GET /items?categoryId=121,460,21,5,191,23.53,0.000%,.14184,1.77,0.02,12745.7
GET /items?categoryId=122,544,19,5,242,25.54,0.000%,.16774,2.15,0.03,13135.6
GET /items?categoryId=123,444,16,5,154,13.19,0.000%,.13691,1.68,0.02,12555.9
GET /items?categoryId=124,580,16,4,169,15.81,0.000%,.17885,2.38,0.03,13599.4
GET /items?categoryId=125,518,15,5,53,8.60,0.000%,.15974,2.03,0.03,13010.4
GET /items?categoryId=126,435,15,5,148,11.62,0.000%,.13414,1.61,0.02,12252.9
GET /items?categoryId=127,596,13,4,36,5.79,0.000%,.18378,2.34,0.03,13055.6
GET /items?categoryId=128,503,14,5,46,6.89,0.000%,.15511,2.19,0.02,14467.4
GET /items?categoryId=129,628,16,5,147,10.75,0.000%,.19365,2.50,0.03,13218.3
GET /items?categoryId=130,598,16,5,144,10.62,0.000%,.18441,2.24,0.03,12453.4
GET /items?categoryId=131,582,15,5,121,9.16,0.000%,.17948,2.27,0.03,12960.2
GET /items?categoryId=132,574,18,5,194,25.24,0.000%,.17701,2.45,0.03,14182.4
GET /items?categoryId=133,658,15,5,151,11.00,0.000%,.20292,2.36,0.03,11898.2
GET /items?categoryId=134,526,15,5,110,10.59,0.000%,.16221,1.91,0.03,12045.7
GET /items?categoryId=135,480,16,5,58,8.87,0.000%,.14803,1.96,0.02,13567.4
GET /items?categoryId=136,438,15,5,34,5.91,0.000%,.13508,1.81,0.02,13705.1
GET /items?categoryId=137,455,15,5,126,13.36,0.000%,.14032,1.73,0.02,12632.8
GET /items?categoryId=138,592,18,6,113,13.94,0.000%,.18258,2.30,0.03,12896.6
GET /items?categoryId=139,545,13,5,66,6.83,0.000%,.16808,2.07,0.03,12619.6
GET /items?categoryId=140,466,18,4,226,21.07,0.000%,.14372,1.99,0.02,14202.1
GET /items?categoryId=141,508,15,5,55,8.61,0.000%,.15668,1.93,0.02,12627.5
GET /items?categoryId=142,602,15,4,56,6.73,0.000%,.18567,2.26,0.03,12462.6
GET /items?categoryId=143,443,14,5,162,9.24,0.000%,.13663,1.82,0.02,13639.4
GET /items?categoryId=144,624,13,4,38,6.52,0.000%,.19245,2.54,0.03,13488.5
GET /items?categoryId=145,439,35,5,233,63.67,0.000%,.13540,1.67,0.02,12606.5
GET /items?categoryId=146,627,16,5,227,25.85,0.000%,.19338,2.36,0.03,12517.3
GET /items?categoryId=147,520,14,5,56,8.22,0.000%,.16038,2.13,0.03,13592.0
GET /items?categoryId=148,558,19,5,203,24.48,0.000%,.17211,2.26,0.03,13451.7
GET /items?categoryId=149,633,14,4,114,12.18,0.000%,.19524,2.38,0.03,12493.6
GET /items?categoryId=150,627,13,5,39,6.50,0.000%,.19340,2.43,0.03,12874.0
GET /items?categoryId=151,601,15,4,181,15.21,0.000%,.18537,2.49,0.03,13770.4
GET /items?categoryId=152,558,16,4,165,20.21,0.000%,.17211,2.16,0.03,12827.4
GET /items?categoryId=153,557,15,4,137,16.72,0.000%,.17180,1.92,0.03,11428.3
GET /items?categoryId=154,548,15,4,209,25.65,0.000%,.16903,2.14,0.03,12938.1
GET /items?categoryId=155,489,17,4,234,27.06,0.000%,.15083,2.00,0.02,13552.4
GET /items?categoryId=156,615,15,5,180,13.44,0.000%,.18970,2.43,0.03,13137.3
GET /items?categoryId=157,441,15,5,74,9.18,0.000%,.13603,1.63,0.02,12296.6
GET /items?categoryId=158,614,13,5,51,6.48,0.000%,.18940,2.46,0.03,13320.8
GET /items?categoryId=159,459,15,5,171,11.06,0.000%,.14158,1.96,0.02,14160.2
GET /items?categoryId=160,517,22,5,235,36.19,0.000%,.15948,2.06,0.03,13256.7
GET /items?categoryId=161,623,14,5,48,7.31,0.000%,.19218,2.36,0.03,12552.1
GET /items?categoryId=162,472,13,5,40,6.60,0.000%,.14560,1.96,0.02,13790.3
GET /items?categoryId=163,563,16,5,185,19.68,0.000%,.17367,2.22,0.03,13066.8
GET /items?categoryId=164,532,17,5,196,19.26,0.000%,.16411,2.18,0.03,13584.6
GET /items?categoryId=165,542,14,4,40,8.05,0.000%,.16719,1.83,0.03,11222.0
GET /items?categoryId=166,587,14,4,60,8.28,0.000%,.18108,2.26,0.03,12756.0
GET /items?categoryId=167,478,23,4,227,44.95,0.000%,.14745,1.92,0.02,13312.2
GET /items?categoryId=168,567,15,5,175,12.04,0.000%,.17491,2.20,0.03,12863.8
GET /items?categoryId=169,589,15,4,64,9.47,0.000%,.18170,2.21,0.03,12470.2
GET /items?categoryId=170,515,16,5,214,24.11,0.000%,.15887,2.14,0.03,13772.0
GET /items?categoryId=171,412,21,4,214,29.49,0.000%,.12710,1.58,0.02,12701.4
GET /items?categoryId=172,450,17,4,153,16.57,0.000%,.13882,1.82,0.02,13415.4
GET /items?categoryId=173,575,14,4,180,10.73,0.000%,.17738,2.08,0.03,12030.5
GET /items?categoryId=174,589,14,5,194,12.23,0.000%,.18170,2.43,0.03,13681.9
GET /items?categoryId=175,553,14,4,63,7.70,0.000%,.17060,2.22,0.03,13295.5
GET /items?categoryId=176,522,14,5,64,7.92,0.000%,.16103,2.05,0.03,13009.2
GET /items?categoryId=177,388,13,4,51,7.50,0.000%,.11970,1.45,0.02,12431.6
GET /items?categoryId=178,620,19,4,217,32.11,0.000%,.19126,2.27,0.03,12146.5
GET /items?categoryId=179,470,15,4,194,11.31,0.000%,.14499,1.96,0.02,13820.6
GET /items?categoryId=180,561,17,4,201,21.62,0.000%,.17307,2.15,0.03,12714.5
GET /items?categoryId=181,452,18,5,209,21.21,0.000%,.13944,1.72,0.02,12619.0
GET /items?categoryId=182,414,15,5,90,9.74,0.000%,.12772,1.64,0.02,13131.8
GET /items?categoryId=183,453,13,4,96,7.16,0.000%,.13975,1.74,0.02,12741.0
GET /items?categoryId=184,402,13,5,29,4.61,0.000%,.12402,1.59,0.02,13121.2
GET /items?categoryId=185,456,13,5,28,4.64,0.000%,.14068,1.83,0.02,13291.9
GET /items?categoryId=186,544,13,5,39,5.77,0.000%,.16783,2.18,0.03,13316.0
GET /items?categoryId=187,512,13,6,35,5.20,0.000%,.15795,2.07,0.03,13429.4
GET /items?categoryId=188,489,15,4,221,17.04,0.000%,.15086,1.84,0.02,12518.5
GET /items?categoryId=189,498,14,5,97,8.16,0.000%,.15364,1.94,0.02,12931.9
GET /items?categoryId=190,467,15,4,106,11.78,0.000%,.14408,1.77,0.02,12581.2
GET /items?categoryId=191,630,13,5,52,6.38,0.000%,.19436,2.36,0.03,12422.0
GET /items?categoryId=192,531,13,5,36,5.27,0.000%,.16382,2.18,0.03,13648.0
GET /items?categoryId=193,555,13,5,36,5.40,0.000%,.17123,2.21,0.03,13242.1
GET /items?categoryId=194,512,15,4,145,17.94,0.000%,.15796,2.01,0.03,13049.1
GET /items?categoryId=195,521,15,5,226,18.77,0.000%,.16074,2.07,0.03,13168.5
GET /items?categoryId=196,434,24,5,226,43.61,0.000%,.13390,1.65,0.02,12585.2
GET /items?categoryId=197,453,15,5,47,7.60,0.000%,.13976,1.79,0.02,13098.7
GET /items?categoryId=198,595,16,4,211,21.58,0.000%,.18357,2.28,0.03,12702.0
GET /items?categoryId=199,600,21,5,235,38.15,0.000%,.18511,2.42,0.03,13409.9
GET /items?categoryId=200,553,14,4,76,7.60,0.000%,.17061,2.15,0.03,12917.5
GET /items?categoryId=201,540,14,5,38,6.45,0.000%,.16660,2.02,0.03,12397.3
GET /items?categoryId=202,461,14,5,40,6.27,0.000%,.14223,1.88,0.02,13544.0
GET /items?categoryId=203,588,14,5,204,12.47,0.000%,.18141,2.34,0.03,13224.8
GET /items?categoryId=204,417,16,5,232,17.41,0.000%,.12865,1.72,0.02,13666.5
GET /items?categoryId=205,539,21,5,183,32.79,0.000%,.16629,2.11,0.03,12965.2
GET /items?categoryId=206,621,18,4,214,25.41,0.000%,.19159,2.40,0.03,12829.9
GET /items?categoryId=207,646,16,5,215,13.11,0.000%,.19931,2.70,0.03,13873.1
GET /items?categoryId=208,566,14,5,35,6.30,0.000%,.17463,2.11,0.03,12373.2
GET /items?categoryId=209,521,14,5,71,7.68,0.000%,.16074,2.11,0.03,13435.0
GET /items?categoryId=210,557,13,5,58,5.65,0.000%,.17185,2.22,0.03,13254.5
GET /items?categoryId=211,654,19,5,206,23.88,0.000%,.20177,2.65,0.03,13456.4
GET /items?categoryId=212,624,17,5,218,16.92,0.000%,.19252,2.43,0.03,12915.7
GET /items?categoryId=213,493,16,5,195,13.59,0.000%,.15211,1.84,0.02,12418.6
GET /items?categoryId=214,588,16,5,195,16.23,0.000%,.18141,2.40,0.03,13528.8
GET /items?categoryId=215,549,14,5,40,7.07,0.000%,.16938,2.16,0.03,13053.4
GET /items?categoryId=216,458,13,4,33,4.94,0.000%,.14131,1.70,0.02,12319.8
GET /items?categoryId=217,472,13,5,29,5.54,0.000%,.14563,1.89,0.02,13265.9
GET /items?categoryId=218,462,13,4,34,5.56,0.000%,.14254,1.93,0.02,13852.3
GET /items?categoryId=219,657,17,5,192,20.90,0.000%,.20270,2.50,0.03,12616.0
GET /items?categoryId=220,492,28,4,246,48.72,0.000%,.15180,1.85,0.02,12483.9
GET /items?categoryId=221,432,18,5,168,24.95,0.000%,.13329,1.70,0.02,13092.2
GET /items?categoryId=222,543,20,4,191,32.71,0.000%,.16753,2.11,0.03,12904.0
GET /items?categoryId=223,546,15,5,115,11.16,0.000%,.16846,2.25,0.03,13679.4
GET /items?categoryId=224,585,14,5,39,6.76,0.000%,.18049,2.25,0.03,12771.3
GET /items?categoryId=225,595,13,5,37,5.01,0.000%,.18358,2.33,0.03,13013.6
GET /items?categoryId=226,444,13,5,39,5.70,0.000%,.13699,1.85,0.02,13816.8
GET /items?categoryId=227,477,16,5,209,21.90,0.000%,.14717,1.93,0.02,13400.5
GET /items?categoryId=228,585,18,5,207,24.99,0.000%,.18049,2.24,0.03,12728.3
GET /items?categoryId=229,494,17,5,182,16.40,0.000%,.15241,2.00,0.02,13453.9
GET /items?categoryId=230,561,17,5,208,19.79,0.000%,.17308,2.29,0.03,13537.1
GET /items?categoryId=231,644,16,5,177,17.75,0.000%,.19869,2.56,0.03,13212.1
GET /items?categoryId=232,448,15,5,83,8.14,0.000%,.13822,1.72,0.02,12722.9
GET /items?categoryId=233,417,13,5,35,5.37,0.000%,.12866,1.66,0.02,13226.4
GET /items?categoryId=234,650,14,6,35,5.66,0.000%,.20054,2.61,0.03,13328.0
GET /items?categoryId=235,510,19,5,259,39.36,0.000%,.15735,2.04,0.03,13246.4
GET /items?categoryId=236,544,16,5,256,23.51,0.000%,.16783,2.05,0.03,12537.8
GET /items?categoryId=237,436,21,5,209,28.37,0.000%,.13452,1.81,0.02,13745.7
GET /items?categoryId=238,630,21,6,223,28.30,0.000%,.19437,2.49,0.03,13129.3
GET /items?categoryId=239,645,16,6,151,11.70,0.000%,.19900,2.59,0.03,13313.5
GET /items?categoryId=240,469,14,6,114,8.43,0.000%,.14470,1.93,0.02,13640.1
GET /items?categoryId=241,514,13,5,39,6.42,0.000%,.15858,1.97,0.03,12722.7
GET /items?categoryId=242,442,13,5,48,6.10,0.000%,.13637,1.81,0.02,13560.1
GET /items?categoryId=243,647,14,4,89,7.32,0.000%,.19961,2.58,0.03,13226.5
GET /items?categoryId=244,477,18,5,189,27.64,0.000%,.14716,1.77,0.02,12345.6
GET /items?categoryId=245,449,18,6,179,22.89,0.000%,.13853,1.80,0.02,13296.0
GET /items?categoryId=246,535,15,5,158,12.69,0.000%,.16506,2.16,0.03,13389.1
GET /items?categoryId=247,626,16,5,184,12.63,0.000%,.19313,2.53,0.03,13403.7
GET /items?categoryId=248,579,14,5,120,7.74,0.000%,.17863,2.28,0.03,13043.2
GET /items?categoryId=249,590,14,5,37,5.30,0.000%,.18203,2.36,0.03,13299.6
GET /items?categoryId=250,598,13,4,45,6.16,0.000%,.18450,2.31,0.03,12807.2
GET /items?categoryId=251,601,15,5,65,9.05,0.000%,.18542,2.39,0.03,13200.7
GET /items?categoryId=252,432,13,4,54,6.76,0.000%,.13327,1.64,0.02,12637.3
GET /items?categoryId=253,595,16,5,222,12.07,0.000%,.18356,2.46,0.03,13739.7
GET /items?categoryId=254,518,16,5,131,14.32,0.000%,.15981,2.05,0.03,13151.3
GET /items?categoryId=255,573,17,5,170,13.20,0.000%,.17678,2.22,0.03,12849.2
GET /items?categoryId=256,443,15,4,120,9.41,0.000%,.13667,1.74,0.02,13023.7
GET /items?categoryId=257,555,14,5,48,6.25,0.000%,.17122,2.31,0.03,13807.2
GET /items?categoryId=258,437,14,6,38,6.08,0.000%,.13482,1.72,0.02,13041.1
GET /items?categoryId=259,527,14,5,37,6.02,0.000%,.16259,2.06,0.03,12967.2
GET /items?categoryId=260,566,19,5,226,35.16,0.000%,.17461,2.18,0.03,12788.8
GET /items?categoryId=261,565,15,5,216,19.16,0.000%,.17430,2.37,0.03,13941.0
GET /items?categoryId=262,429,15,5,164,13.95,0.000%,.13235,1.63,0.02,12638.4
GET /items?categoryId=263,546,18,5,174,24.37,0.000%,.16844,2.17,0.03,13207.6
GET /items?categoryId=264,544,15,4,169,11.20,0.000%,.16782,2.11,0.03,12901.2
GET /items?categoryId=265,642,17,5,96,12.43,0.000%,.19805,2.60,0.03,13465.5
GET /items?categoryId=266,452,13,4,43,6.56,0.000%,.13944,1.80,0.02,13199.3
GET /items?categoryId=267,476,22,5,256,42.76,0.000%,.14684,1.81,0.02,12607.6
GET /items?categoryId=268,617,18,5,231,30.52,0.000%,.19033,2.46,0.03,13214.3
GET /items?categoryId=269,515,14,5,49,8.04,0.000%,.15887,2.19,0.03,14091.8
GET /items?categoryId=270,536,13,4,38,6.52,0.000%,.16534,2.02,0.03,12515.1
GET /items?categoryId=271,561,17,4,201,24.11,0.000%,.17306,2.17,0.03,12861.5
GET /items?categoryId=272,429,18,5,180,21.76,0.000%,.13234,1.70,0.02,13181.1
GET /items?categoryId=273,642,15,5,49,8.41,0.000%,.19804,2.55,0.03,13190.7
GET /items?categoryId=274,599,18,4,245,24.99,0.000%,.18478,2.46,0.03,13658.9
GET /items?categoryId=275,543,20,4,301,39.12,0.000%,.16749,1.96,0.03,11980.2
GET /items?categoryId=276,525,14,5,52,7.85,0.000%,.16194,2.16,0.03,13648.4
GET /items?categoryId=277,574,14,4,52,7.03,0.000%,.17705,2.18,0.03,12633.8
GET /items?categoryId=278,536,15,5,183,17.99,0.000%,.16533,2.21,0.03,13712.6
GET /items?categoryId=279,607,16,4,177,19.23,0.000%,.18723,2.21,0.03,12072.6
GET /items?categoryId=280,621,16,4,281,20.45,0.000%,.19155,2.51,0.03,13418.1
GET /items?categoryId=281,573,17,4,296,30.76,0.000%,.17675,2.26,0.03,13109.2
GET /items?categoryId=282,572,17,5,96,11.42,0.000%,.17642,2.29,0.03,13316.6
GET /items?categoryId=283,430,22,5,105,22.56,0.000%,.13263,1.72,0.02,13264.4
GET /items?categoryId=284,552,16,5,107,10.81,0.000%,.17025,2.09,0.03,12579.2
GET /items?categoryId=285,586,15,5,53,8.84,0.000%,.18074,2.43,0.03,13770.5
GET /items?categoryId=286,458,15,5,225,12.40,0.000%,.14126,1.90,0.02,13756.5
GET /items?categoryId=287,510,19,5,184,23.25,0.000%,.15730,1.97,0.02,12811.9
GET /items?categoryId=288,444,18,5,179,17.22,0.000%,.13694,1.68,0.02,12564.2
GET /items?categoryId=289,549,16,5,289,17.50,0.000%,.16931,2.16,0.03,13077.5
GET /items?categoryId=290,451,16,5,63,9.96,0.000%,.13909,1.89,0.02,13887.2
GET /items?categoryId=291,628,13,4,47,6.95,0.000%,.19368,2.35,0.03,12420.8
GET /items?categoryId=292,610,17,5,127,11.62,0.000%,.18813,2.41,0.03,13127.7
GET /items?categoryId=293,445,14,4,74,8.30,0.000%,.13724,1.73,0.02,12877.5
GET /items?categoryId=294,528,14,5,63,6.79,0.000%,.16284,2.22,0.03,13959.8
GET /items?categoryId=295,438,14,4,171,11.28,0.000%,.13508,1.68,0.02,12704.7
GET /items?categoryId=296,573,15,4,182,11.93,0.000%,.17672,2.08,0.03,12072.1
GET /items?categoryId=297,503,17,5,100,12.36,0.000%,.15513,1.97,0.02,13036.0
GET /items?categoryId=298,600,17,5,82,9.86,0.000%,.18504,2.58,0.03,14281.7
GET /items?categoryId=299,572,14,5,49,7.22,0.000%,.17640,2.19,0.03,12691.0
GET /items?categoryId=300,435,14,5,105,8.72,0.000%,.13416,1.63,0.02,12479.5
GET /items?categoryId=301,613,17,5,102,12.24,0.000%,.18905,2.48,0.03,13434.6
GET /items?categoryId=302,499,15,5,47,6.88,0.000%,.15389,2.04,0.02,13583.6
GET /items?categoryId=303,489,17,5,173,11.52,0.000%,.15081,1.97,0.02,13389.6
GET /items?categoryId=304,545,18,5,219,19.85,0.000%,.16808,2.11,0.03,12862.3
GET /items?categoryId=305,644,14,4,41,6.68,0.000%,.19861,2.48,0.03,12768.9
GET /items?categoryId=306,561,15,4,114,9.72,0.000%,.17301,2.29,0.03,13579.9
GET /items?categoryId=307,601,14,4,53,7.57,0.000%,.18535,2.37,0.03,13070.7
GET /items?categoryId=308,502,16,5,151,18.18,0.000%,.15482,1.82,0.02,12050.4
GET /items?categoryId=309,548,15,5,39,6.66,0.000%,.16900,2.34,0.03,14164.4
GET /items?categoryId=310,603,15,4,130,12.52,0.000%,.18596,2.33,0.03,12847.1
GET /items?categoryId=311,572,18,5,221,17.75,0.000%,.17640,2.20,0.03,12782.2
GET /items?categoryId=312,423,16,4,67,9.62,0.000%,.13045,1.67,0.02,13077.6
GET /items?categoryId=313,641,16,4,44,8.01,0.000%,.19768,2.61,0.03,13510.0
GET /items?categoryId=314,614,16,5,116,9.00,0.000%,.18935,2.35,0.03,12691.9
GET /items?categoryId=315,525,16,4,70,8.78,0.000%,.16191,2.02,0.03,12789.8
GET /items?categoryId=316,542,14,5,131,8.57,0.000%,.16715,2.10,0.03,12881.3
GET /items?categoryId=317,558,14,4,58,9.84,0.000%,.17208,2.28,0.03,13539.1
GET /items?categoryId=318,431,15,4,210,14.40,0.000%,.13292,1.60,0.02,12341.0
GET /items?categoryId=319,489,17,5,178,22.06,0.000%,.15081,1.75,0.02,11856.0
GET /items?categoryId=320,457,16,5,143,16.24,0.000%,.14094,1.75,0.02,12695.2
GET /items?categoryId=321,516,14,5,53,7.94,0.000%,.15913,2.07,0.03,13303.1
GET /items?categoryId=322,439,13,5,73,6.40,0.000%,.13538,1.84,0.02,13950.9
GET /items?categoryId=323,531,14,4,118,13.38,0.000%,.16376,1.90,0.03,11868.5
GET /items?categoryId=324,465,13,4,33,5.97,0.000%,.14340,1.75,0.02,12504.1
GET /items?categoryId=325,466,12,4,32,5.72,0.000%,.14371,1.91,0.02,13579.3
GET /items?categoryId=326,584,13,4,68,7.14,0.000%,.18010,2.28,0.03,12948.8
GET /items?categoryId=327,409,16,4,217,26.91,0.000%,.12613,1.49,0.02,12117.6
GET /items?categoryId=328,498,14,4,154,12.06,0.000%,.15358,1.95,0.02,12988.6
GET /items?categoryId=329,444,14,4,177,10.74,0.000%,.13693,1.72,0.02,12853.0
GET /items?categoryId=330,520,14,6,46,5.97,0.000%,.16036,2.20,0.03,14066.2
GET /items?categoryId=331,551,12,5,76,6.76,0.000%,.16992,2.04,0.03,12299.7
GET /items?categoryId=332,446,15,5,72,8.03,0.000%,.13754,1.70,0.02,12654.4
GET /items?categoryId=333,481,15,5,106,7.72,0.000%,.14834,1.92,0.02,13246.7
GET /items?categoryId=334,580,14,5,42,5.96,0.000%,.17887,2.43,0.03,13923.5
GET /items?categoryId=335,397,15,5,98,7.94,0.000%,.12243,1.63,0.02,13668.2
GET /items?categoryId=336,524,19,5,223,29.55,0.000%,.16160,1.76,0.03,11140.3
GET /items?categoryId=337,487,17,5,168,15.67,0.000%,.15019,1.99,0.02,13577.7
GET /items?categoryId=338,621,17,5,186,15.43,0.000%,.19151,2.56,0.03,13712.0
GET /items?categoryId=339,418,14,5,44,7.38,0.000%,.12891,1.73,0.02,13738.5
GET /items?categoryId=340,493,14,5,109,10.38,0.000%,.15204,1.79,0.02,12046.5
GET /items?categoryId=341,538,17,5,117,16.91,0.000%,.16592,2.19,0.03,13498.3
GET /items?categoryId=342,551,15,4,73,8.06,0.000%,.16993,2.21,0.03,13312.3
GET /items?categoryId=343,611,15,6,53,9.12,0.000%,.18843,2.44,0.03,13267.5
GET /items?categoryId=344,468,18,5,214,25.36,0.000%,.14433,1.77,0.02,12558.5
GET /items?categoryId=345,559,22,5,204,31.72,0.000%,.17239,2.12,0.03,12588.6
GET /items?categoryId=346,598,23,5,194,33.71,0.000%,.18442,2.50,0.03,13901.2
GET /items?categoryId=347,511,14,5,48,7.01,0.000%,.15759,2.09,0.03,13565.1
GET /items?categoryId=348,581,13,4,41,6.06,0.000%,.17918,2.03,0.03,11613.4
GET /items?categoryId=349,619,16,5,99,12.62,0.000%,.19090,2.42,0.03,12966.7
GET /items?categoryId=350,605,15,5,93,9.34,0.000%,.18658,2.45,0.03,13434.8
GET /items?categoryId=351,482,17,5,206,22.89,0.000%,.14865,1.89,0.02,13001.9
GET /items?categoryId=352,596,17,6,201,15.24,0.000%,.18381,2.28,0.03,12714.6
GET /items?categoryId=353,530,23,5,223,39.18,0.000%,.16345,2.15,0.03,13457.6
GET /items?categoryId=354,562,17,6,45,8.49,0.000%,.17332,2.31,0.03,13641.3
GET /items?categoryId=355,442,16,5,63,9.41,0.000%,.13632,1.82,0.02,13679.5
GET /items?categoryId=356,579,13,5,54,6.11,0.000%,.17857,1.94,0.03,11122.2
GET /items?categoryId=357,534,14,4,35,6.32,0.000%,.16469,2.16,0.03,13427.6
GET /items?categoryId=358,533,18,4,132,20.43,0.000%,.16438,2.15,0.03,13417.1
GET /items?categoryId=359,598,18,5,222,21.24,0.000%,.18442,2.22,0.03,12336.2
GET /items?categoryId=360,407,17,6,218,14.36,0.000%,.12552,1.51,0.02,12317.5
GET /items?categoryId=361,495,16,5,218,15.74,0.000%,.15266,1.97,0.02,13181.9
GET /items?categoryId=362,638,14,5,125,12.66,0.000%,.19676,2.61,0.03,13572.8
GET /items?categoryId=363,625,17,5,140,16.76,0.000%,.19275,2.35,0.03,12462.4
GET /items?categoryId=364,619,14,4,86,8.76,0.000%,.19090,2.18,0.03,11716.9
GET /items?categoryId=365,539,15,5,60,8.16,0.000%,.16623,2.30,0.03,14181.9
GET /items?categoryId=366,606,16,5,234,19.25,0.000%,.18689,2.41,0.03,13215.9
GET /items?categoryId=367,434,14,4,175,13.88,0.000%,.13385,1.68,0.02,12834.7
GET /items?categoryId=368,373,18,5,173,23.47,0.000%,.11504,1.20,0.02,10667.1
GET /items?categoryId=369,541,16,6,48,8.48,0.000%,.16685,2.31,0.03,14198.9
GET /items?categoryId=370,515,19,5,90,17.86,0.000%,.15883,2.13,0.03,13734.2
GET /items?categoryId=371,472,18,5,145,19.72,0.000%,.14557,1.64,0.02,11554.0
GET /items?categoryId=372,399,14,4,49,7.81,0.000%,.12306,1.53,0.02,12690.9
GET /items?categoryId=373,569,14,5,44,6.18,0.000%,.17548,2.27,0.03,13239.0
GET /items?categoryId=374,483,15,6,78,8.33,0.000%,.14896,1.99,0.02,13649.2
GET /items?categoryId=375,619,16,5,107,9.94,0.000%,.19090,2.43,0.03,13044.0
GET /items?categoryId=376,590,20,5,152,21.16,0.000%,.18196,2.34,0.03,13160.7
GET /items?categoryId=377,509,18,6,121,14.60,0.000%,.15698,1.95,0.02,12745.2
GET /items?categoryId=378,527,19,5,121,17.57,0.000%,.16253,2.29,0.03,14436.4
GET /items?categoryId=379,451,15,5,42,6.26,0.000%,.13909,1.78,0.02,13079.5
GET /items?categoryId=380,579,18,5,123,15.21,0.000%,.17857,2.18,0.03,12523.3
GET /items?categoryId=381,493,14,5,88,7.36,0.000%,.15205,1.95,0.02,13124.0
GET /items?categoryId=382,587,20,6,243,32.21,0.000%,.18104,2.50,0.03,14136.6
GET /items?categoryId=383,581,18,5,299,29.04,0.000%,.17919,2.18,0.03,12435.2
GET /items?categoryId=384,452,17,6,194,11.83,0.000%,.13940,1.73,0.02,12732.0
GET /items?categoryId=385,614,17,5,180,13.77,0.000%,.18937,2.48,0.03,13410.0
GET /items?categoryId=386,638,16,6,130,11.19,0.000%,.19677,2.50,0.03,13036.2
GET /items?categoryId=387,453,15,5,130,8.43,0.000%,.13971,1.79,0.02,13147.7
GET /items?categoryId=388,457,16,5,130,15.58,0.000%,.14095,1.70,0.02,12318.0
GET /items?categoryId=389,500,18,6,135,16.23,0.000%,.15421,2.03,0.02,13487.6
GET /items?categoryId=390,552,17,5,224,15.43,0.000%,.17024,2.27,0.03,13663.3
GET /items?categoryId=391,489,16,5,253,16.57,0.000%,.15082,1.92,0.02,13040.4
GET /items?categoryId=392,481,17,6,165,13.57,0.000%,.14835,1.87,0.02,12922.4
GET /items?categoryId=393,564,16,6,88,10.29,0.000%,.17395,2.19,0.03,12869.6
GET /items?categoryId=394,450,16,6,77,10.07,0.000%,.13879,1.88,0.02,13878.5
GET /items?categoryId=395,499,16,6,131,11.17,0.000%,.15390,1.99,0.02,13217.5
GET /items?categoryId=396,541,16,6,38,6.70,0.000%,.16685,2.11,0.03,12978.9
GET /items?categoryId=397,503,18,6,200,20.70,0.000%,.15513,2.01,0.02,13274.3
GET /items?categoryId=398,604,17,4,158,17.71,0.000%,.18628,2.41,0.03,13254.8
GET /items?categoryId=399,493,18,6,119,12.83,0.000%,.15205,1.97,0.02,13300.5
GET /items?categoryId=400,568,16,5,147,13.78,0.000%,.17518,2.07,0.03,12090.1
GET /items?categoryId=401,485,17,4,178,17.16,0.000%,.14958,1.90,0.02,12988.6
GET /items?categoryId=402,528,17,5,197,19.97,0.000%,.16285,2.20,0.03,13839.9
GET /items?categoryId=403,534,14,5,65,8.01,0.000%,.16470,2.00,0.03,12454.4
GET /items?categoryId=404,610,19,6,140,13.40,0.000%,.18814,2.43,0.03,13251.7
GET /items?categoryId=405,574,18,5,200,22.19,0.000%,.17704,2.22,0.03,12867.7
GET /items?categoryId=406,589,16,6,137,14.35,0.000%,.18166,2.36,0.03,13277.2
GET /items?categoryId=407,615,15,5,192,13.34,0.000%,.18968,2.41,0.03,13002.1
GET /items?categoryId=408,443,20,5,178,27.02,0.000%,.13663,1.65,0.02,12399.3
GET /items?categoryId=409,417,17,5,72,11.68,0.000%,.12861,1.73,0.02,13770.6
GET /items?categoryId=410,565,15,5,59,7.95,0.000%,.17426,2.25,0.03,13211.2
GET /items?categoryId=411,452,14,5,55,7.55,0.000%,.13941,1.71,0.02,12586.0
GET /items?categoryId=412,485,17,6,184,15.44,0.000%,.14959,1.88,0.02,12901.5
GET /items?categoryId=413,541,23,6,227,23.60,0.000%,.16686,2.19,0.03,13447.4
GET /items?categoryId=414,557,16,5,137,9.75,0.000%,.17179,2.24,0.03,13325.3
GET /items?categoryId=415,439,23,6,172,32.88,0.000%,.13540,1.73,0.02,13077.8
GET /items?categoryId=416,539,19,5,150,16.10,0.000%,.16624,2.09,0.03,12863.1
GET /items?categoryId=417,492,16,5,73,9.02,0.000%,.15175,1.91,0.02,12858.8
GET /items?categoryId=418,598,17,5,99,11.08,0.000%,.18444,2.50,0.03,13885.9
GET /items?categoryId=419,586,16,5,47,8.61,0.000%,.18074,2.28,0.03,12900.1
GET /items?categoryId=420,603,15,5,237,13.43,0.000%,.18598,2.18,0.03,11995.4
GET /items?categoryId=421,571,17,6,138,13.78,0.000%,.17611,2.37,0.03,13775.9
GET /items?categoryId=422,457,17,6,92,11.28,0.000%,.14095,1.79,0.02,12992.0
GET /items?categoryId=423,500,16,5,159,13.23,0.000%,.15421,2.01,0.02,13344.1
GET /items?categoryId=424,659,18,5,179,13.98,0.000%,.20326,2.55,0.03,12841.3
GET /items?categoryId=425,496,20,6,180,29.12,0.000%,.15298,2.05,0.02,13749.2
GET /items?categoryId=426,432,14,5,41,6.32,0.000%,.13324,1.72,0.02,13242.4
GET /items?categoryId=427,470,15,5,57,7.06,0.000%,.14496,1.95,0.02,13764.8
GET /items?categoryId=428,638,18,6,214,20.31,0.000%,.19678,2.43,0.03,12628.2
GET /items?categoryId=429,460,14,5,152,11.61,0.000%,.14188,1.74,0.02,12587.7
GET /items?categoryId=430,457,23,6,153,33.01,0.000%,.14095,1.82,0.02,13223.0
GET /items?categoryId=431,471,19,5,142,21.81,0.000%,.14527,1.81,0.02,12729.0
GET /items?categoryId=432,547,17,6,154,15.70,0.000%,.16871,2.13,0.03,12916.6
GET /items?categoryId=433,431,19,6,152,18.82,0.000%,.13294,1.77,0.02,13616.1
GET /items?categoryId=434,531,15,4,105,10.99,0.000%,.16378,2.10,0.03,13100.9
GET /items?categoryId=435,539,14,5,51,7.25,0.000%,.16625,2.09,0.03,12881.5
GET /items?categoryId=436,462,16,4,172,12.93,0.000%,.14250,1.80,0.02,12936.3
GET /items?categoryId=437,623,15,5,46,6.94,0.000%,.19215,2.42,0.03,12909.2
GET /items?categoryId=438,545,17,5,175,14.99,0.000%,.16810,2.11,0.03,12854.4
GET /items?categoryId=439,585,18,5,179,22.16,0.000%,.18043,2.46,0.03,13933.0
GET /items?categoryId=440,655,15,5,210,12.93,0.000%,.20202,2.41,0.03,12218.3
GET /items?categoryId=441,390,18,5,209,18.79,0.000%,.12029,1.46,0.02,12422.0
GET /items?categoryId=442,534,18,6,83,9.42,0.000%,.16471,2.28,0.03,14185.2
GET /items?categoryId=443,450,16,6,156,10.37,0.000%,.13880,1.75,0.02,12909.0
GET /items?categoryId=444,454,16,5,177,14.49,0.000%,.14003,1.81,0.02,13255.2
GET /items?categoryId=445,590,15,6,51,6.35,0.000%,.18198,2.28,0.03,12847.4
GET /items?categoryId=446,432,17,7,62,9.33,0.000%,.13324,1.71,0.02,13141.4
GET /items?categoryId=447,622,15,4,151,11.53,0.000%,.19185,2.51,0.03,13407.3
GET /items?categoryId=448,580,15,4,57,7.60,0.000%,.17889,2.15,0.03,12334.1
GET /items?categoryId=449,565,17,6,214,15.35,0.000%,.17427,2.25,0.03,13211.9
GET /items?categoryId=450,629,16,6,67,8.08,0.000%,.19401,2.55,0.03,13441.2
GET /items?categoryId=451,564,19,5,211,23.92,0.000%,.17396,2.26,0.03,13313.4
GET /items?categoryId=452,528,17,5,191,13.12,0.000%,.16285,1.87,0.03,11735.8
GET /items?categoryId=453,510,15,5,41,6.25,0.000%,.15730,1.96,0.02,12779.0
GET /items?categoryId=454,539,15,5,224,10.49,0.000%,.16625,2.18,0.03,13445.1
GET /items?categoryId=455,524,17,5,159,15.75,0.000%,.16162,2.04,0.03,12948.7
GET /items?categoryId=456,627,22,5,174,25.73,0.000%,.19339,2.44,0.03,12926.5
GET /items?categoryId=457,555,23,6,252,36.24,0.000%,.17118,2.28,0.03,13632.2
GET /items?categoryId=458,462,21,5,251,32.18,0.000%,.14250,1.77,0.02,12710.9
GET /items?categoryId=459,561,18,6,139,13.23,0.000%,.17303,2.22,0.03,13114.9
GET /items?categoryId=460,514,16,5,101,8.51,0.000%,.15854,2.05,0.03,13249.5
GET /items?categoryId=461,592,18,4,248,19.43,0.000%,.18260,2.22,0.03,12463.6
GET /items?categoryId=462,504,17,6,183,14.45,0.000%,.15545,2.07,0.02,13637.0
GET /items?categoryId=463,448,15,5,55,8.67,0.000%,.13818,1.64,0.02,12142.2
GET /items?categoryId=464,482,17,6,62,8.10,0.000%,.14867,1.90,0.02,13070.8
GET /items?categoryId=465,447,21,5,179,27.45,0.000%,.13787,1.73,0.02,12870.1
GET /items?categoryId=466,575,18,6,174,13.51,0.000%,.17735,2.35,0.03,13561.2
GET /items?categoryId=467,467,16,5,67,11.39,0.000%,.14404,1.84,0.02,13069.1
GET /items?categoryId=468,471,15,6,58,6.88,0.000%,.14528,1.86,0.02,13134.6
GET /items?categoryId=469,399,23,5,215,40.85,0.000%,.12307,1.61,0.02,13405.6
GET /items?categoryId=470,582,17,6,244,17.01,0.000%,.17951,2.43,0.03,13862.5
GET /items?categoryId=471,515,16,6,126,8.92,0.000%,.15885,2.14,0.03,13803.8
GET /items?categoryId=472,428,16,5,58,8.30,0.000%,.13201,1.74,0.02,13491.6
GET /items?categoryId=473,528,16,5,124,10.67,0.000%,.16286,2.24,0.03,14072.1
GET /items?categoryId=474,592,16,5,127,10.62,0.000%,.18260,2.38,0.03,13337.0
GET /items?categoryId=475,519,17,5,122,10.04,0.000%,.16008,2.21,0.03,14131.9
GET /items?categoryId=476,488,17,6,45,8.13,0.000%,.15052,1.95,0.02,13275.4
GET /items?categoryId=477,471,16,6,91,8.98,0.000%,.14528,1.94,0.02,13649.1
GET /items?categoryId=478,531,19,6,189,23.93,0.000%,.16378,2.26,0.03,14149.6
GET /items?categoryId=479,501,16,6,39,6.85,0.000%,.15453,2.06,0.02,13637.4
GET /items?categoryId=480,569,22,6,194,28.06,0.000%,.17551,2.24,0.03,13065.8
GET /items?categoryId=481,527,16,5,194,15.92,0.000%,.16255,2.26,0.03,14252.3
GET /items?categoryId=482,572,14,5,43,5.64,0.000%,.17643,2.35,0.03,13634.2
GET /items?categoryId=483,432,16,6,102,9.00,0.000%,.13325,1.72,0.02,13240.6
GET /items?categoryId=484,547,15,5,123,9.14,0.000%,.16872,2.23,0.03,13563.6
GET /items?categoryId=485,538,18,5,167,22.10,0.000%,.16595,2.15,0.03,13240.4
GET /items?categoryId=486,419,17,6,50,8.67,0.000%,.12924,1.80,0.02,14267.5
GET /items?categoryId=487,593,16,5,61,8.27,0.000%,.18291,2.32,0.03,12963.9
GET /items?categoryId=488,480,15,6,214,15.21,0.000%,.14806,2.00,0.02,13819.1
GET /items?categoryId=489,541,19,6,72,11.31,0.000%,.16687,2.32,0.03,14232.9
GET /items?categoryId=490,395,17,6,50,8.13,0.000%,.12184,1.53,0.02,12824.0
GET /items?categoryId=491,592,16,6,54,7.93,0.000%,.18260,2.29,0.03,12846.7
GET /items?categoryId=492,482,14,5,51,6.35,0.000%,.14867,2.00,0.02,13806.6
GET /items?categoryId=493,406,21,6,178,22.36,0.000%,.12523,1.76,0.02,14359.0
GET /items?categoryId=494,550,18,5,136,12.96,0.000%,.16965,2.22,0.03,13417.3
GET /items?categoryId=495,582,18,5,69,10.90,0.000%,.17952,2.21,0.03,12628.9
GET /items?categoryId=496,467,21,6,195,26.08,0.000%,.14404,2.07,0.02,14689.0
GET /items?categoryId=497,452,19,5,103,14.26,0.000%,.13942,1.86,0.02,13680.5
GET /items?categoryId=498,434,18,6,100,13.47,0.000%,.13387,1.80,0.02,13803.6
GET /items?categoryId=499,467,16,5,84,9.05,0.000%,.14405,1.87,0.02,13280.5
GET /items?categoryId=500,559,15,5,109,8.67,0.000%,.17242,2.16,0.03,12852.1
GET /items?categoryId=501,564,17,6,128,14.08,0.000%,.17397,2.45,0.03,14394.3
GET /items?categoryId=502,554,16,5,62,8.94,0.000%,.17088,2.17,0.03,12997.9
GET /items?categoryId=503,474,21,6,76,14.93,0.000%,.14621,1.80,0.02,12581.5
GET /items?categoryId=504,534,16,5,231,16.96,0.000%,.16472,2.35,0.03,14618.2
GET /items?categoryId=505,463,14,5,56,7.01,0.000%,.14282,1.89,0.02,13582.4
GET /items?categoryId=506,451,16,6,167,12.84,0.000%,.13911,1.87,0.02,13740.6
GET /items?categoryId=507,550,17,6,130,10.84,0.000%,.16965,2.15,0.03,12962.8
GET /items?categoryId=508,558,20,6,171,17.89,0.000%,.17211,2.46,0.03,14625.7
GET /items?categoryId=509,398,19,5,135,12.70,0.000%,.12276,1.64,0.02,13690.5
GET /items?categoryId=510,573,18,5,93,11.55,0.000%,.17674,2.29,0.03,13251.4
GET /items?categoryId=511,586,20,6,218,19.10,0.000%,.18075,2.45,0.03,13859.0
GET /items?categoryId=512,395,18,5,80,12.33,0.000%,.12184,1.58,0.02,13307.5
GET /items?categoryId=513,395,17,7,49,8.17,0.000%,.12184,1.69,0.02,14220.2
GET /items?categoryId=514,557,16,6,177,14.32,0.000%,.17181,2.31,0.03,13790.7
GET /items?categoryId=515,543,24,7,177,32.74,0.000%,.16748,2.02,0.03,12338.6
GET /items?categoryId=516,569,17,6,95,8.03,0.000%,.17550,2.54,0.03,14807.7
GET /items?categoryId=517,582,20,5,152,16.15,0.000%,.17951,2.29,0.03,13080.1
GET /items?categoryId=518,469,20,6,221,13.68,0.000%,.14466,1.81,0.02,12783.1
GET /items?categoryId=519,476,18,5,73,12.28,0.000%,.14682,1.89,0.02,13213.4
GET /items?categoryId=520,385,18,7,71,12.56,0.000%,.11875,1.75,0.02,15066.0
GET /items?categoryId=521,586,21,6,111,16.99,0.000%,.18075,2.45,0.03,13894.3
GET /items?categoryId=522,524,19,6,101,11.79,0.000%,.16162,2.02,0.03,12776.7
GET /items?categoryId=523,430,16,6,84,7.77,0.000%,.13263,1.81,0.02,13967.6
GET /items?categoryId=524,518,18,5,172,16.13,0.000%,.15977,2.15,0.03,13764.3
GET /items?categoryId=525,408,17,5,47,8.83,0.000%,.12584,1.73,0.02,14089.3
GET /items?categoryId=526,411,22,5,236,24.51,0.000%,.12677,1.58,0.02,12801.4
GET /items?categoryId=527,388,19,7,60,9.65,0.000%,.11968,1.51,0.02,12924.5
GET /items?categoryId=528,589,18,5,61,10.65,0.000%,.18167,2.37,0.03,13345.2
GET /items?categoryId=529,535,18,5,64,9.62,0.000%,.16502,2.33,0.03,14441.6
GET /items?categoryId=530,517,21,7,124,21.25,0.000%,.15947,2.06,0.03,13259.4
GET /items?categoryId=531,524,18,5,98,12.24,0.000%,.16163,2.07,0.03,13114.9
GET /items?categoryId=532,474,18,5,166,15.53,0.000%,.14620,2.07,0.02,14477.6
GET /items?categoryId=533,501,23,6,190,29.44,0.000%,.15452,2.19,0.02,14494.5
GET /items?categoryId=534,495,27,5,212,36.00,0.000%,.15268,1.81,0.02,12171.8
GET /items?categoryId=535,552,19,5,119,15.44,0.000%,.17026,2.22,0.03,13328.0
GET /items?categoryId=536,483,21,6,86,13.11,0.000%,.14897,2.10,0.02,14450.6
GET /items?categoryId=537,567,17,6,55,6.23,0.000%,.17488,2.34,0.03,13697.5
GET /items?categoryId=538,429,19,6,133,12.42,0.000%,.13232,1.81,0.02,13983.0
GET /items?categoryId=539,443,16,7,119,11.12,0.000%,.13663,1.62,0.02,12173.2
GET /items?categoryId=540,590,24,5,185,29.16,0.000%,.18197,2.54,0.03,14270.5
GET /items?categoryId=541,377,19,7,171,19.61,0.000%,.11628,1.58,0.02,13912.7
GET /items?categoryId=542,469,21,6,191,28.17,0.000%,.14465,1.86,0.02,13165.9
GET /items?categoryId=543,523,22,7,168,23.31,0.000%,.16131,2.13,0.03,13536.8
GET /items?categoryId=544,410,19,6,75,11.40,0.000%,.12645,1.69,0.02,13715.2
GET /items?categoryId=545,479,17,7,87,9.21,0.000%,.14773,2.07,0.02,14379.8
GET /items?categoryId=546,544,22,8,118,17.00,0.000%,.16778,2.20,0.03,13406.5
GET /items?categoryId=547,404,16,7,57,6.78,0.000%,.12460,1.65,0.02,13595.3
GET /items?categoryId=548,576,18,6,74,10.99,0.000%,.17765,2.38,0.03,13709.1
GET /items?categoryId=549,479,25,6,250,35.92,0.000%,.14773,2.05,0.02,14197.2
GET /items?categoryId=550,569,28,6,196,37.88,0.000%,.17549,2.35,0.03,13711.6
GET /items?categoryId=551,619,18,6,166,9.94,0.000%,.19091,2.50,0.03,13433.7
GET /items?categoryId=552,536,16,5,39,6.14,0.000%,.16531,2.06,0.03,12765.5
GET /items?categoryId=553,417,17,6,89,8.29,0.000%,.12861,1.83,0.02,14598.3
GET /items?categoryId=554,476,24,6,122,23.63,0.000%,.14681,1.93,0.02,13457.5
GET /items?categoryId=555,523,18,5,95,11.73,0.000%,.16130,2.15,0.03,13634.2
GET /items?categoryId=556,578,19,7,257,20.98,0.000%,.17826,2.33,0.03,13392.7
GET /items?categoryId=557,342,18,5,209,19.20,0.000%,.10547,1.50,0.02,14605.9
GET /items?categoryId=558,516,21,8,155,18.06,0.000%,.15913,2.13,0.03,13694.5
GET /items?categoryId=559,564,18,5,85,13.24,0.000%,.17394,2.18,0.03,12821.1
GET /items?categoryId=560,516,18,5,192,17.67,0.000%,.15913,2.02,0.03,12995.2
GET /items?categoryId=561,375,25,7,216,36.14,0.000%,.11565,1.65,0.02,14595.5
GET /items?categoryId=562,380,19,6,82,11.00,0.000%,.11719,1.66,0.02,14537.9
GET /items?categoryId=563,487,24,6,208,29.39,0.000%,.15019,1.86,0.02,12699.2
GET /items?categoryId=564,397,25,6,202,29.07,0.000%,.12244,1.62,0.02,13527.6
GET /items?categoryId=565,545,20,5,169,17.26,0.000%,.16807,2.24,0.03,13644.1
GET /items?categoryId=566,523,22,6,171,25.14,0.000%,.16129,2.25,0.03,14262.5
GET /items?categoryId=567,432,23,5,170,25.19,0.000%,.13322,1.76,0.02,13491.5
GET /items?categoryId=568,507,23,7,189,23.16,0.000%,.15635,2.08,0.02,13591.9
GET /items?categoryId=569,558,19,5,169,18.29,0.000%,.17208,2.25,0.03,13367.3
GET /items?categoryId=570,454,19,7,65,9.72,0.000%,.14001,1.90,0.02,13865.1
GET /items?categoryId=571,628,16,5,71,7.76,0.000%,.19367,2.43,0.03,12838.9
GET /items?categoryId=572,538,17,6,55,8.34,0.000%,.16592,2.20,0.03,13582.7
GET /items?categoryId=573,413,17,5,129,13.12,0.000%,.12737,1.75,0.02,14040.1
GET /items?categoryId=574,554,19,6,184,18.34,0.000%,.17084,2.23,0.03,13363.5
GET /items?categoryId=575,621,25,5,204,36.78,0.000%,.19151,2.45,0.03,13075.7
GET /items?categoryId=576,411,21,7,154,14.96,0.000%,.12675,1.67,0.02,13518.0
GET /items?categoryId=577,486,22,7,147,20.15,0.000%,.14987,2.06,0.02,14080.4
GET /items?categoryId=578,432,18,6,68,11.70,0.000%,.13322,1.78,0.02,13673.4
GET /items?categoryId=579,550,18,6,67,10.36,0.000%,.16961,2.15,0.03,12999.6
GET /items?categoryId=580,584,19,5,85,14.24,0.000%,.18010,2.34,0.03,13316.9
GET /items?categoryId=581,456,23,6,215,28.92,0.000%,.14063,2.01,0.02,14603.8
GET /items?categoryId=582,485,24,5,215,33.64,0.000%,.14956,1.87,0.02,12819.8
GET /items?categoryId=583,418,22,5,164,25.55,0.000%,.12890,1.63,0.02,12967.3
GET /items?categoryId=584,458,19,6,116,11.53,0.000%,.14124,1.78,0.02,12883.9
GET /items?categoryId=585,521,17,5,127,9.37,0.000%,.16067,2.30,0.03,14649.1
GET /items?categoryId=586,391,19,6,135,17.78,0.000%,.12058,1.62,0.02,13775.6
GET /items?categoryId=587,474,15,5,47,6.96,0.000%,.14617,1.82,0.02,12743.0
GET /items?categoryId=588,466,18,7,78,11.45,0.000%,.14371,1.88,0.02,13429.8
GET /items?categoryId=589,576,20,4,238,30.03,0.000%,.17763,2.37,0.03,13684.9
GET /items?categoryId=590,494,23,5,216,33.69,0.000%,.15233,1.99,0.02,13408.0
GET /items?categoryId=591,548,26,5,170,30.72,0.000%,.16899,2.16,0.03,13078.9
GET /items?categoryId=592,485,25,6,139,21.30,0.000%,.14956,1.95,0.02,13327.1
GET /items?categoryId=593,481,23,7,113,18.15,0.000%,.14832,2.11,0.02,14596.2
GET /items?categoryId=594,363,19,5,164,15.32,0.000%,.11194,1.37,0.02,12575.6
GET /items?categoryId=595,539,26,4,191,36.07,0.000%,.16621,2.10,0.03,12926.0
GET /items?categoryId=596,480,18,6,56,9.24,0.000%,.14802,2.00,0.02,13823.5
GET /items?categoryId=597,579,16,5,89,8.76,0.000%,.17854,2.33,0.03,13382.4
GET /items?categoryId=598,429,18,5,93,13.84,0.000%,.13229,1.89,0.02,14597.0
GET /items?categoryId=599,441,20,5,180,19.45,0.000%,.13599,1.60,0.02,12077.0
GET /items?categoryId=600,516,19,5,183,18.24,0.000%,.15911,2.10,0.03,13535.0
GET /items?categoryId=601,435,20,6,139,13.72,0.000%,.13414,1.78,0.02,13600.2
GET /items?categoryId=602,442,15,6,63,6.35,0.000%,.13630,1.79,0.02,13418.7
GET /items?categoryId=603,517,21,5,165,22.59,0.000%,.15942,2.04,0.03,13080.7
GET /items?categoryId=604,519,18,5,71,11.26,0.000%,.16004,2.07,0.03,13225.6
GET /items?categoryId=605,464,17,5,88,11.84,0.000%,.14308,1.93,0.02,13825.3
GET /items?categoryId=606,418,15,5,66,8.19,0.000%,.12889,1.62,0.02,12838.8
GET /items?categoryId=607,584,16,4,64,9.10,0.000%,.18007,2.38,0.03,13513.3
GET /items?categoryId=608,509,21,6,212,21.50,0.000%,.15695,2.03,0.02,13213.3
GET /items?categoryId=609,498,18,4,190,17.01,0.000%,.15356,2.10,0.02,14026.6
GET /items?categoryId=610,470,17,7,84,9.28,0.000%,.14492,1.99,0.02,14026.5
GET /items?categoryId=611,462,16,5,72,9.54,0.000%,.14246,1.80,0.02,12917.4
GET /items?categoryId=612,418,23,5,151,25.03,0.000%,.12889,1.66,0.02,13171.6
GET /items?categoryId=613,478,17,5,105,11.43,0.000%,.14739,1.99,0.02,13804.8
GET /items?categoryId=614,401,16,5,68,8.55,0.000%,.12365,1.71,0.02,14176.2
GET /items?categoryId=615,411,16,5,67,9.35,0.000%,.12673,1.56,0.02,12567.6
GET /items?categoryId=616,345,22,6,271,38.04,0.000%,.10638,1.44,0.02,13845.5
GET /items?categoryId=617,572,20,7,211,19.76,0.000%,.17637,2.37,0.03,13777.7
GET /items?categoryId=618,486,20,5,171,19.53,0.000%,.14985,2.05,0.02,14010.5
GET /items?categoryId=619,427,18,5,185,16.58,0.000%,.13166,1.71,0.02,13330.9
GET /items?categoryId=620,410,19,6,185,17.68,0.000%,.12642,1.68,0.02,13647.8
GET /items?categoryId=621,568,19,6,180,16.76,0.000%,.17514,2.31,0.03,13534.0
GET /items?categoryId=622,567,24,6,122,19.79,0.000%,.17483,2.33,0.03,13672.8
GET /items?categoryId=623,414,19,6,219,13.13,0.000%,.12765,1.84,0.02,14753.2
GET /items?categoryId=624,398,18,5,86,13.54,0.000%,.12272,1.52,0.02,12724.5
GET /items?categoryId=625,516,21,6,179,19.07,0.000%,.15910,2.08,0.03,13376.0
GET /items?categoryId=626,509,20,6,133,16.04,0.000%,.15694,2.09,0.02,13634.3
GET /items?categoryId=627,528,19,6,152,14.38,0.000%,.16280,2.26,0.03,14235.9
GET /items?categoryId=628,384,20,5,153,16.24,0.000%,.11840,1.62,0.02,13999.6
GET /items?categoryId=629,487,18,5,111,12.20,0.000%,.15015,1.84,0.02,12569.7
GET /items?categoryId=630,579,23,7,232,26.10,0.000%,.17852,2.49,0.03,14307.5
GET /items?categoryId=631,452,21,6,103,14.07,0.000%,.13936,1.90,0.02,13996.7
GET /items?categoryId=632,558,18,4,126,12.86,0.000%,.17205,2.13,0.03,12663.2
GET /items?categoryId=633,450,17,4,212,20.98,0.000%,.13874,1.73,0.02,12802.4
GET /items?categoryId=634,560,20,6,198,19.47,0.000%,.17265,2.35,0.03,13963.0
GET /items?categoryId=635,453,18,6,51,9.06,0.000%,.13966,1.99,0.02,14607.2
GET /items?categoryId=636,409,14,4,47,7.07,0.000%,.12610,1.57,0.02,12773.1
GET /items?categoryId=637,586,23,6,212,26.52,0.000%,.18067,2.32,0.03,13146.9
GET /items?categoryId=638,460,21,6,112,15.90,0.000%,.14182,1.93,0.02,13961.1
GET /items?categoryId=639,501,21,6,159,15.47,0.000%,.15446,2.13,0.02,14124.9
GET /items?categoryId=640,385,19,5,131,20.73,0.000%,.11870,1.60,0.02,13806.9
GET /items?categoryId=641,585,20,5,152,19.80,0.000%,.18035,2.21,0.03,12520.7
GET /items?categoryId=642,563,24,6,182,26.31,0.000%,.17357,2.41,0.03,14209.8
GET /items?categoryId=643,409,22,6,182,22.50,0.000%,.12609,1.73,0.02,14042.9
GET /items?categoryId=644,379,16,5,54,9.09,0.000%,.11685,1.57,0.02,13741.9
GET /items?categoryId=645,493,27,6,219,39.40,0.000%,.15199,1.96,0.02,13215.3
GET /items?categoryId=646,520,18,6,99,13.78,0.000%,.16031,2.09,0.03,13318.6
GET /items?categoryId=647,551,23,6,156,20.63,0.000%,.16987,2.44,0.03,14707.8
GET /items?categoryId=648,413,19,6,87,12.99,0.000%,.12732,1.71,0.02,13722.9
GET /items?categoryId=649,554,26,6,228,39.00,0.000%,.17079,2.17,0.03,13002.7
GET /items?categoryId=650,443,23,5,223,34.41,0.000%,.13657,1.81,0.02,13550.2
GET /items?categoryId=651,463,19,5,209,18.88,0.000%,.14273,1.80,0.02,12905.1
GET /items?categoryId=652,513,19,4,126,18.66,0.000%,.15814,2.15,0.03,13950.7
GET /items?categoryId=653,452,20,6,86,11.97,0.000%,.13934,1.83,0.02,13436.8
GET /items?categoryId=654,578,18,5,196,13.41,0.000%,.17818,2.20,0.03,12657.7
GET /items?categoryId=655,503,23,6,267,34.22,0.000%,.15506,2.14,0.02,14125.0
GET /items?categoryId=656,497,34,6,302,55.48,0.000%,.15321,2.04,0.02,13645.5
GET /items?categoryId=657,557,23,5,208,28.99,0.000%,.17170,2.28,0.03,13627.2
GET /items?categoryId=658,532,24,6,208,27.27,0.000%,.16400,2.22,0.03,13831.6
GET /items?categoryId=659,535,23,6,132,20.16,0.000%,.16492,2.17,0.03,13459.8
GET /items?categoryId=660,434,18,6,81,10.22,0.000%,.13379,1.89,0.02,14458.6
GET /items?categoryId=661,566,20,6,76,12.44,0.000%,.17448,2.25,0.03,13181.6
GET /items?categoryId=662,590,17,5,221,16.50,0.000%,.18188,2.41,0.03,13548.9
GET /items?categoryId=663,442,16,5,180,12.19,0.000%,.13625,1.79,0.02,13469.0
GET /items?categoryId=664,430,19,6,169,14.03,0.000%,.13255,1.81,0.02,13962.1
GET /items?categoryId=665,464,23,6,160,18.18,0.000%,.14303,1.89,0.02,13506.3
GET /items?categoryId=666,556,17,5,177,15.52,0.000%,.17139,2.26,0.03,13491.8
GET /items?categoryId=667,464,18,5,97,11.16,0.000%,.14303,1.86,0.02,13343.8
GET /items?categoryId=668,431,23,7,162,20.30,0.000%,.13286,1.77,0.02,13627.5
GET /items?categoryId=669,607,20,5,245,29.32,0.000%,.18711,2.37,0.03,12985.5
GET /items?categoryId=670,522,20,5,93,12.79,0.000%,.16091,2.09,0.03,13308.7
GET /items?categoryId=671,458,17,5,53,9.43,0.000%,.14118,1.90,0.02,13749.5
GET /items?categoryId=672,616,20,5,206,22.33,0.000%,.18987,2.48,0.03,13353.3
GET /items?categoryId=673,428,25,7,205,26.43,0.000%,.13193,1.72,0.02,13369.0
GET /items?categoryId=674,510,23,5,223,26.12,0.000%,.15721,2.03,0.02,13197.3
GET /items?categoryId=675,541,22,7,188,20.45,0.000%,.16676,2.34,0.03,14383.7
GET /items?categoryId=676,403,20,6,114,13.41,0.000%,.12422,1.62,0.02,13337.3
GET /items?categoryId=677,542,21,6,151,21.15,0.000%,.16706,2.15,0.03,13161.7
GET /items?categoryId=678,559,21,5,141,22.57,0.000%,.17230,2.31,0.03,13732.5
GET /items?categoryId=679,584,21,6,90,13.58,0.000%,.18001,2.29,0.03,13045.7
GET /items?categoryId=680,436,21,4,186,23.87,0.000%,.13439,1.80,0.02,13702.7
GET /items?categoryId=681,534,22,5,190,19.10,0.000%,.16460,2.12,0.03,13220.2
GET /items?categoryId=682,398,24,5,244,27.49,0.000%,.12268,1.57,0.02,13103.3
GET /items?categoryId=683,542,23,6,115,18.61,0.000%,.16706,2.20,0.03,13504.3
GET /items?categoryId=684,498,20,6,95,13.84,0.000%,.15350,2.07,0.02,13782.2
GET /items?categoryId=685,415,19,4,133,20.84,0.000%,.12792,1.68,0.02,13470.2
GET /items?categoryId=686,440,22,6,152,16.93,0.000%,.13563,1.88,0.02,14171.0
GET /items?categoryId=687,534,21,6,73,12.52,0.000%,.16460,2.15,0.03,13395.6
GET /items?categoryId=688,501,19,5,228,24.84,0.000%,.15442,2.02,0.02,13418.2
GET /items?categoryId=689,479,20,4,227,20.18,0.000%,.14764,1.90,0.02,13197.9
GET /items?categoryId=690,400,23,6,208,23.30,0.000%,.12330,1.79,0.02,14885.6
GET /items?categoryId=691,619,22,5,107,14.94,0.000%,.19080,2.45,0.03,13138.5
GET /items?categoryId=692,429,22,6,136,21.63,0.000%,.13223,1.83,0.02,14175.7
GET /items?categoryId=693,421,21,6,136,16.66,0.000%,.12977,1.70,0.02,13412.1
GET /items?categoryId=694,493,19,6,119,12.28,0.000%,.15196,2.08,0.02,14044.5
GET /items?categoryId=695,514,25,6,226,25.56,0.000%,.15844,2.12,0.03,13680.6
GET /items?categoryId=696,397,22,6,188,21.61,0.000%,.12236,1.61,0.02,13450.4
GET /items?categoryId=697,425,20,6,233,22.17,0.000%,.13100,1.69,0.02,13176.6
GET /items?categoryId=698,508,23,7,218,21.49,0.000%,.15658,2.11,0.02,13780.6
GET /items?categoryId=699,518,19,5,102,13.48,0.000%,.15966,2.03,0.03,12995.0
GET /items?categoryId=700,505,19,5,277,22.43,0.000%,.15565,1.96,0.02,12873.8
GET /items?categoryId=701,569,27,5,276,44.59,0.000%,.17538,2.32,0.03,13555.2
GET /items?categoryId=702,470,19,5,79,13.13,0.000%,.14487,1.97,0.02,13920.1
GET /items?categoryId=703,478,20,5,160,18.05,0.000%,.14733,1.86,0.02,12934.9
GET /items?categoryId=704,496,25,7,212,27.35,0.000%,.15287,2.07,0.02,13873.8
GET /items?categoryId=705,501,21,6,113,17.05,0.000%,.15441,1.99,0.02,13194.2
GET /items?categoryId=706,443,23,5,178,24.58,0.000%,.13654,1.88,0.02,14124.2
GET /items?categoryId=707,504,21,4,182,17.92,0.000%,.15534,1.98,0.02,13038.3
GET /items?categoryId=708,569,21,5,188,18.96,0.000%,.17537,2.18,0.03,12723.4
GET /items?categoryId=709,517,19,5,104,15.15,0.000%,.15935,2.06,0.03,13231.6
GET /items?categoryId=710,364,21,6,110,15.47,0.000%,.11219,1.53,0.02,13975.7
GET /items?categoryId=711,616,21,6,109,16.81,0.000%,.18986,2.56,0.03,13822.3
GET /items?categoryId=712,397,31,6,280,45.88,0.000%,.12236,1.62,0.02,13548.5
GET /items?categoryId=713,509,33,6,239,50.07,0.000%,.15687,2.08,0.02,13599.2
GET /items?categoryId=714,549,19,5,186,14.73,0.000%,.16920,2.23,0.03,13488.0
GET /items?categoryId=715,537,20,7,89,14.11,0.000%,.16550,2.27,0.03,14020.6
GET /items?categoryId=716,450,19,5,117,18.54,0.000%,.13869,1.82,0.02,13467.7
GET /items?categoryId=717,532,21,4,275,30.68,0.000%,.16397,2.11,0.03,13181.3
GET /items?categoryId=718,511,28,5,257,53.24,0.000%,.15749,1.95,0.03,12685.3
GET /items?categoryId=719,429,21,6,193,23.12,0.000%,.13222,1.77,0.02,13682.4
GET /items?categoryId=720,437,24,7,217,25.04,0.000%,.13468,1.85,0.02,14055.6
GET /items?categoryId=721,562,23,6,258,20.14,0.000%,.17320,2.29,0.03,13511.0
GET /items?categoryId=722,470,24,5,191,25.21,0.000%,.14485,1.78,0.02,12586.3
GET /items?categoryId=723,488,20,7,54,8.79,0.000%,.15040,2.09,0.02,14240.9
GET /items?categoryId=724,429,22,7,198,24.74,0.000%,.13222,1.74,0.02,13460.3
GET /items?categoryId=725,481,23,5,225,24.37,0.000%,.14824,1.92,0.02,13244.9
GET /items?categoryId=726,525,21,6,124,18.51,0.000%,.16180,2.21,0.03,13962.8
GET /items?categoryId=727,547,22,6,110,17.22,0.000%,.16859,2.22,0.03,13467.4
GET /items?categoryId=728,498,23,5,213,32.29,0.000%,.15348,2.13,0.02,14195.4
GET /items?categoryId=729,402,23,5,219,24.86,0.000%,.12389,1.59,0.02,13156.3
GET /items?categoryId=730,425,22,5,215,20.66,0.000%,.13098,1.56,0.02,12182.3
GET /items?categoryId=731,467,23,6,189,16.94,0.000%,.14392,1.95,0.02,13892.5
GET /items?categoryId=732,403,20,6,91,12.62,0.000%,.12420,1.74,0.02,14378.9
GET /items?categoryId=733,615,19,6,149,15.59,0.000%,.18953,2.54,0.03,13730.7
GET /items?categoryId=734,550,19,6,74,10.96,0.000%,.16950,2.17,0.03,13093.6
GET /items?categoryId=735,571,20,6,80,11.76,0.000%,.17598,2.41,0.03,14002.8
GET /items?categoryId=736,455,37,6,266,53.47,0.000%,.14022,1.89,0.02,13829.1
GET /items?categoryId=737,441,27,5,222,37.13,0.000%,.13591,1.87,0.02,14111.1
GET /items?categoryId=738,481,24,5,226,26.08,0.000%,.14823,1.81,0.02,12530.8
GET /items?categoryId=739,561,23,6,163,20.32,0.000%,.17289,2.25,0.03,13313.3
GET /items?categoryId=740,452,18,6,80,10.49,0.000%,.13930,1.97,0.02,14489.5
GET /items?categoryId=741,423,18,5,119,13.97,0.000%,.13036,1.66,0.02,13014.7
GET /items?categoryId=742,482,21,4,169,21.05,0.000%,.14854,1.93,0.02,13322.3
GET /items?categoryId=743,575,21,6,240,27.71,0.000%,.17720,2.34,0.03,13530.7
GET /items?categoryId=744,493,25,6,261,37.12,0.000%,.15192,2.03,0.02,13707.7
GET /items?categoryId=745,517,18,7,123,10.29,0.000%,.15932,2.19,0.03,14087.0
GET /items?categoryId=746,412,25,7,142,24.84,0.000%,.12696,1.62,0.02,13043.9
GET /items?categoryId=747,406,21,7,112,14.70,0.000%,.12512,1.79,0.02,14612.5
GET /items?categoryId=748,524,18,5,160,14.60,0.000%,.16148,2.01,0.03,12719.8
GET /items?categoryId=749,419,18,6,51,6.91,0.000%,.12912,1.76,0.02,13969.5
GET /items?categoryId=750,456,16,5,179,10.29,0.000%,.14052,1.84,0.02,13419.3
GET /items?categoryId=751,567,20,5,222,21.50,0.000%,.17473,2.23,0.03,13085.9
GET /items?categoryId=752,453,18,5,222,12.74,0.000%,.13959,1.80,0.02,13235.0
GET /items?categoryId=753,421,17,5,52,8.82,0.000%,.12973,1.68,0.02,13266.0
GET /items?categoryId=754,530,21,6,198,21.32,0.000%,.16331,2.30,0.03,14434.4
GET /items?categoryId=755,553,18,5,125,16.01,0.000%,.17040,2.15,0.03,12909.0
GET /items?categoryId=756,466,22,6,166,19.19,0.000%,.14359,1.93,0.02,13730.0
GET /items?categoryId=757,552,23,6,146,19.26,0.000%,.17009,2.26,0.03,13577.7
GET /items?categoryId=758,392,17,7,135,8.29,0.000%,.12079,1.58,0.02,13378.2
GET /items?categoryId=759,434,19,4,271,25.48,0.000%,.13373,1.86,0.02,14249.2
GET /items?categoryId=760,586,20,5,189,23.44,0.000%,.18056,2.27,0.03,12857.8
GET /items?categoryId=761,496,15,4,42,6.44,0.000%,.15283,2.04,0.02,13659.3
GET /items?categoryId=762,393,18,6,147,12.62,0.000%,.12109,1.70,0.02,14357.4
GET /items?categoryId=763,408,16,5,95,9.85,0.000%,.12572,1.59,0.02,12936.6
GET /items?categoryId=764,527,22,6,148,18.61,0.000%,.16238,2.08,0.03,13123.7
GET /items?categoryId=765,478,19,7,129,14.41,0.000%,.14728,2.01,0.02,13943.4
GET /items?categoryId=766,557,25,6,255,34.68,0.000%,.17162,2.37,0.03,14145.1
GET /items?categoryId=767,574,24,6,210,27.23,0.000%,.17686,2.33,0.03,13461.7
GET /items?categoryId=768,620,20,6,66,10.74,0.000%,.19104,2.51,0.03,13468.1
GET /items?categoryId=769,499,15,5,60,7.45,0.000%,.15375,2.09,0.02,13914.9
GET /items?categoryId=770,432,16,5,155,16.01,0.000%,.13311,1.76,0.02,13516.3
GET /items?categoryId=771,494,16,6,115,9.77,0.000%,.15221,1.94,0.02,13071.0
GET /items?categoryId=772,544,19,5,124,14.37,0.000%,.16762,2.18,0.03,13348.2
GET /items?categoryId=773,449,18,7,244,18.72,0.000%,.13835,1.89,0.02,14025.5
GET /items?categoryId=774,459,30,6,219,36.65,0.000%,.14143,1.93,0.02,13964.2
GET /items?categoryId=775,599,26,5,187,29.95,3.840%,.18456,2.12,0.03,11762.5
GET /items?categoryId=776,473,21,6,172,24.26,1.268%,.14574,1.88,0.02,13243.4
GET /items?categoryId=777,504,16,5,53,8.52,0.000%,.15529,2.14,0.02,14082.3
GET /items?categoryId=778,557,20,6,199,17.07,0.000%,.17162,2.28,0.03,13606.0
GET /items?categoryId=779,451,18,6,53,7.55,0.000%,.13896,1.76,0.02,12995.4
GET /items?categoryId=780,507,20,5,308,34.53,0.000%,.15622,2.01,0.02,13143.8
GET /items?categoryId=781,521,21,7,300,21.31,0.000%,.16053,2.22,0.03,14174.3
GET /items?categoryId=782,385,21,7,68,12.42,0.260%,.11863,1.51,0.02,13048.3
GET /items?categoryId=783,398,26,7,247,26.41,5.528%,.12263,1.51,0.02,12594.2
GET /items?categoryId=784,643,31,7,247,40.81,4.355%,.19812,2.35,0.03,12159.4
GET /items?categoryId=785,521,17,5,54,9.91,0.000%,.16053,2.24,0.03,14257.3
GET /items?categoryId=786,402,19,6,191,20.18,0.000%,.12387,1.63,0.02,13470.1
GET /items?categoryId=787,434,20,7,113,15.31,0.000%,.13372,1.72,0.02,13201.9
GET /items?categoryId=788,590,19,6,126,10.12,0.000%,.18179,2.39,0.03,13441.0
GET /items?categoryId=789,493,20,6,214,20.08,0.000%,.15190,2.15,0.02,14499.2
GET /items?categoryId=790,431,16,5,70,9.40,0.000%,.13280,1.76,0.02,13575.7
GET /items?categoryId=791,547,16,5,98,10.17,1.463%,.16854,1.99,0.03,12063.9
GET /items?categoryId=792,445,24,7,249,26.38,0.674%,.13711,1.87,0.02,13953.9
GET /items?categoryId=793,470,22,6,126,17.23,0.000%,.14482,1.90,0.02,13400.8
GET /items?categoryId=794,498,19,6,152,14.90,0.000%,.15344,2.10,0.02,14027.1
GET /items?categoryId=795,480,19,7,160,13.91,0.000%,.14790,1.92,0.02,13272.8
GET /items?categoryId=796,628,18,5,185,19.20,0.000%,.19350,2.47,0.03,13045.7
GET /items?categoryId=797,447,20,6,182,19.56,0.000%,.13773,2.03,0.02,15059.1
GET /items?categoryId=798,477,18,5,288,19.97,0.419%,.14697,1.87,0.02,13044.4
GET /items?categoryId=799,468,28,5,346,56.35,1.923%,.14420,1.70,0.02,12042.6
GET /items?categoryId=800,448,21,5,135,18.95,0.000%,.13804,1.83,0.02,13609.3
GET /items?categoryId=801,460,19,5,132,15.66,0.000%,.14174,1.91,0.02,13781.9
GET /items?categoryId=802,416,31,4,206,36.73,0.000%,.12818,1.69,0.02,13525.5
GET /items?categoryId=803,469,32,6,187,34.57,0.000%,.14451,1.94,0.02,13768.7
GET /items?categoryId=804,442,22,7,173,22.76,0.000%,.13620,1.74,0.02,13067.8
GET /items?categoryId=805,515,19,5,84,14.00,0.000%,.15869,1.97,0.03,12715.2
GET /items?categoryId=806,447,23,6,291,24.65,0.000%,.13774,1.89,0.02,14039.2
GET /items?categoryId=807,408,21,5,266,26.70,0.000%,.12572,1.62,0.02,13160.2
GET /items?categoryId=808,565,21,5,195,25.81,0.000%,.17410,2.24,0.03,13185.2
GET /items?categoryId=809,558,21,6,164,20.48,0.000%,.17194,2.30,0.03,13674.3
GET /items?categoryId=810,417,19,5,137,20.36,0.000%,.12850,1.74,0.02,13897.4
GET /items?categoryId=811,507,22,7,162,18.38,0.000%,.15623,2.09,0.02,13704.1
GET /items?categoryId=812,601,19,4,139,17.54,0.000%,.18519,2.35,0.03,13020.5
GET /items?categoryId=813,460,15,5,101,7.79,0.000%,.14175,1.90,0.02,13694.3
GET /items?categoryId=814,490,16,5,282,17.65,0.000%,.15099,1.93,0.02,13062.9
GET /items?categoryId=815,417,22,5,187,29.23,0.000%,.12850,1.66,0.02,13248.4
GET /items?categoryId=816,505,21,5,185,24.45,0.000%,.15562,2.11,0.02,13859.5
GET /items?categoryId=817,469,21,5,172,24.48,0.000%,.14452,1.71,0.02,12093.6
GET /items?categoryId=818,481,28,5,184,38.75,0.000%,.14822,2.00,0.02,13792.0
GET /items?categoryId=819,546,27,7,225,34.74,0.000%,.16826,2.31,0.03,14061.0
GET /items?categoryId=820,573,24,6,237,24.33,0.000%,.17659,2.32,0.03,13473.2
GET /items?categoryId=821,400,26,5,242,37.87,0.000%,.12328,1.56,0.02,12947.8
GET /items?categoryId=822,387,27,7,227,33.86,0.000%,.11927,1.64,0.02,14052.0
GET /items?categoryId=823,421,22,6,226,31.60,0.000%,.12975,1.75,0.02,13839.8
GET /items?categoryId=824,512,21,6,130,17.61,0.000%,.15780,2.07,0.03,13432.7
GET /items?categoryId=825,409,31,5,244,46.89,0.000%,.12606,1.62,0.02,13158.3
GET /items?categoryId=826,501,22,5,177,31.61,0.000%,.15441,1.96,0.02,12977.1
GET /items?categoryId=827,439,23,4,163,28.62,0.000%,.13531,1.80,0.02,13651.5
GET /items?categoryId=828,509,21,5,247,27.58,0.000%,.15689,2.03,0.02,13225.3
GET /items?categoryId=829,431,24,6,196,23.64,0.000%,.13285,1.78,0.02,13746.2
GET /items?categoryId=830,376,35,6,325,57.69,0.000%,.11590,1.46,0.02,12872.6
GET /items?categoryId=831,400,40,7,298,61.91,0.000%,.12330,1.69,0.02,14023.8
GET /items?categoryId=832,434,23,7,118,19.09,0.000%,.13378,1.80,0.02,13752.7
GET /items?categoryId=833,543,30,6,170,32.91,0.000%,.16739,2.41,0.03,14713.1
GET /items?categoryId=834,406,20,5,106,14.81,0.000%,.12516,1.47,0.02,11992.1
GET /items?categoryId=835,496,19,4,177,21.86,0.000%,.15290,1.99,0.02,13338.5
GET /items?categoryId=836,413,24,6,189,29.19,0.000%,.12732,1.70,0.02,13661.4
GET /items?categoryId=837,597,30,5,307,50.73,0.000%,.18405,2.41,0.03,13388.7
GET /items?categoryId=838,437,29,6,306,37.80,0.000%,.13472,1.84,0.02,13978.3
GET /items?categoryId=839,459,23,7,131,18.91,0.000%,.14151,1.92,0.02,13887.5
GET /items?categoryId=840,527,18,5,112,11.58,0.000%,.16247,2.13,0.03,13395.5
GET /items?categoryId=841,611,24,6,164,18.29,0.000%,.18837,2.54,0.03,13808.6
GET /items?categoryId=842,466,18,5,85,12.97,0.000%,.14367,1.79,0.02,12749.6
GET /items?categoryId=843,364,23,5,194,28.83,0.000%,.11223,1.47,0.02,13401.5
GET /items?categoryId=844,461,25,5,231,33.92,0.000%,.14213,1.86,0.02,13435.0
GET /items?categoryId=845,537,25,5,183,25.74,0.000%,.16556,2.29,0.03,14135.7
GET /items?categoryId=846,482,23,5,229,29.51,0.000%,.14861,1.89,0.02,13023.5
GET /items?categoryId=847,568,27,5,228,38.18,0.000%,.17513,2.24,0.03,13071.4
GET /items?categoryId=848,445,25,6,166,28.11,0.000%,.13722,1.95,0.02,14534.2
GET /items?categoryId=849,500,28,6,197,33.78,0.000%,.15417,2.08,0.02,13817.2
GET /items?categoryId=850,540,26,7,145,25.40,0.000%,.16651,2.15,0.03,13235.8
GET /items?categoryId=851,533,20,6,129,14.99,0.000%,.16436,2.29,0.03,14249.5
GET /items?categoryId=852,463,20,5,153,16.66,0.000%,.14277,1.72,0.02,12346.4
GET /items?categoryId=853,540,23,6,157,16.29,0.000%,.16652,2.35,0.03,14420.8
GET /items?categoryId=854,562,22,7,217,18.44,0.000%,.17331,2.29,0.03,13529.0
GET /items?categoryId=855,425,23,5,143,21.96,0.000%,.13106,1.59,0.02,12385.9
GET /items?categoryId=856,408,20,7,122,15.55,0.000%,.12582,1.83,0.02,14902.4
GET /items?categoryId=857,471,22,6,130,18.01,0.000%,.14525,1.96,0.02,13806.9
GET /items?categoryId=858,552,24,5,152,25.24,0.000%,.17023,2.25,0.03,13537.1
GET /items?categoryId=859,574,18,5,203,13.15,0.000%,.17702,2.12,0.03,12261.5
GET /items?categoryId=860,419,17,5,224,15.59,0.000%,.12922,1.80,0.02,14255.1
GET /items?categoryId=861,557,22,5,187,21.31,0.000%,.17178,2.33,0.03,13882.3
GET /items?categoryId=862,551,22,5,166,18.53,0.000%,.16994,2.08,0.03,12535.8
GET /items?categoryId=863,492,18,5,142,15.59,0.000%,.15174,2.10,0.02,14185.4
GET /items?categoryId=865,577,22,5,138,23.02,0.000%,.17796,2.45,0.03,14117.4
GET /items?categoryId=864,390,22,8,126,16.31,0.000%,.12029,1.52,0.02,12899.9
GET /items?categoryId=866,557,27,5,224,35.80,0.000%,.17179,2.12,0.03,12620.4
GET /items?categoryId=867,433,34,6,218,43.73,0.000%,.13356,1.74,0.02,13340.7
GET /items?categoryId=868,467,21,5,160,21.27,0.000%,.14405,2.03,0.02,14395.7
GET /items?categoryId=869,460,24,6,159,28.18,0.000%,.14189,1.93,0.02,13905.7
GET /items?categoryId=870,456,21,5,184,18.05,0.000%,.14066,1.87,0.02,13631.3
GET /items?categoryId=871,626,24,6,152,23.84,0.000%,.19311,2.47,0.03,13107.1
GET /items?categoryId=872,472,21,5,167,26.58,0.000%,.14560,2.05,0.02,14429.1
GET /items?categoryId=873,504,20,6,115,18.93,0.000%,.15547,2.15,0.02,14189.3
GET /items?categoryId=874,580,20,4,231,25.56,0.000%,.17893,2.18,0.03,12491.2
GET /items?categoryId=875,421,25,5,173,29.92,0.000%,.12988,1.74,0.02,13730.0
GET /items?categoryId=876,478,20,4,92,15.15,0.000%,.14747,1.96,0.02,13622.7
GET /items?categoryId=877,510,18,4,98,14.62,0.000%,.15734,2.05,0.02,13351.3
GET /items?categoryId=878,482,21,6,164,19.26,0.000%,.14870,1.96,0.02,13522.6
GET /items?categoryId=879,443,21,5,143,18.28,0.000%,.13668,1.73,0.02,12955.7
GET /items?categoryId=880,582,18,5,70,9.80,0.000%,.17956,2.49,0.03,14218.5
GET /items?categoryId=881,427,19,7,140,16.10,0.000%,.13174,1.81,0.02,14047.6
GET /items?categoryId=882,414,17,5,205,15.21,0.000%,.12773,1.65,0.02,13238.1
GET /items?categoryId=883,484,21,5,191,24.11,0.000%,.14933,1.83,0.02,12570.1
GET /items?categoryId=884,428,22,5,121,16.50,0.000%,.13205,1.76,0.02,13673.1
GET /items?categoryId=885,486,18,5,65,10.32,0.000%,.14995,2.08,0.02,14235.4
GET /items?categoryId=886,463,17,6,105,10.83,0.000%,.14285,1.78,0.02,12728.3
GET /items?categoryId=887,580,21,5,135,18.86,0.000%,.17895,2.29,0.03,13114.1
GET /items?categoryId=888,426,30,6,194,38.64,0.000%,.13144,1.74,0.02,13534.2
GET /items?categoryId=889,510,23,6,180,20.46,0.000%,.15735,2.19,0.03,14267.6
GET /items?categoryId=890,511,21,5,192,26.99,0.000%,.15767,2.06,0.03,13350.6
GET /items?categoryId=891,486,20,6,223,17.64,0.000%,.14996,1.97,0.02,13478.2
GET /items?categoryId=892,417,22,6,166,18.80,0.000%,.12867,1.69,0.02,13450.2
GET /items?categoryId=893,437,21,6,116,15.05,0.000%,.13484,1.87,0.02,14234.2
GET /items?categoryId=894,616,20,5,128,18.25,0.000%,.19008,2.50,0.03,13470.1
GET /items?categoryId=895,439,22,5,159,19.66,0.000%,.13546,1.70,0.02,12874.8
GET /items?categoryId=896,530,24,5,153,25.23,0.000%,.16355,2.22,0.03,13899.7
GET /items?categoryId=897,401,24,6,193,22.65,0.000%,.12374,1.76,0.02,14552.6
GET /items?categoryId=898,590,24,5,200,30.55,0.000%,.18206,2.36,0.03,13259.1
GET /items?categoryId=899,386,28,6,187,33.63,0.000%,.11912,1.50,0.02,12921.8
GET /items?categoryId=900,520,20,6,181,15.65,0.000%,.16047,2.16,0.03,13807.8
GET /items?categoryId=901,467,19,6,66,10.26,0.000%,.14412,2.06,0.02,14670.9
GET /items?categoryId=902,557,23,6,146,20.86,0.000%,.17190,2.20,0.03,13112.0
GET /items?categoryId=903,553,19,5,232,16.04,0.000%,.17066,2.19,0.03,13150.4
GET /items?categoryId=904,504,20,5,243,25.61,0.000%,.15554,2.15,0.02,14138.3
GET /items?categoryId=905,465,21,5,118,14.15,0.000%,.14351,1.94,0.02,13857.5
GET /items?categoryId=906,562,26,6,225,29.66,0.000%,.17344,2.36,0.03,13933.4
GET /items?categoryId=907,527,18,5,113,12.47,0.000%,.16264,2.00,0.03,12616.2
GET /items?categoryId=908,550,21,5,140,14.59,0.000%,.16974,2.29,0.03,13817.0
GET /items?categoryId=909,464,18,5,63,8.29,0.000%,.14320,2.07,0.02,14830.6
GET /items?categoryId=910,494,21,6,161,16.59,0.000%,.15247,1.93,0.02,12990.0
GET /items?categoryId=911,553,22,5,143,16.82,0.000%,.17068,2.31,0.03,13871.6
GET /items?categoryId=912,388,21,6,226,28.27,0.000%,.11975,1.55,0.02,13249.3
GET /items?categoryId=913,558,22,5,239,31.52,0.000%,.17222,2.35,0.03,13962.2
GET /items?categoryId=914,400,22,6,143,23.52,0.000%,.12347,1.59,0.02,13223.9
GET /items?categoryId=915,519,28,6,161,28.93,0.000%,.16019,2.11,0.03,13507.7
GET /items?categoryId=916,482,20,5,219,23.61,0.000%,.14878,1.96,0.02,13467.0
GET /items?categoryId=918,463,19,7,70,11.08,0.000%,.14292,1.99,0.02,14262.3
GET /items?categoryId=917,434,19,5,94,13.45,0.000%,.13397,1.83,0.02,13997.2
GET /items?categoryId=919,581,24,6,165,20.65,0.000%,.17934,2.28,0.03,12990.2
GET /items?categoryId=920,393,21,6,79,10.91,0.000%,.12132,1.65,0.02,13947.7
GET /items?categoryId=921,460,22,6,142,18.49,0.000%,.14200,1.99,0.02,14316.7
GET /items?categoryId=922,438,19,5,134,13.63,0.000%,.13521,1.88,0.02,14203.0
GET /items?categoryId=923,550,20,4,143,18.92,0.000%,.16978,2.05,0.03,12380.6
GET /items?categoryId=924,448,33,7,204,35.78,0.000%,.13830,1.88,0.02,13886.2
GET /items?categoryId=925,475,24,5,194,25.00,0.000%,.14664,1.95,0.02,13640.3
GET /items?categoryId=926,520,25,6,174,29.93,0.000%,.16053,2.12,0.03,13523.2
GET /items?categoryId=927,484,20,6,169,26.72,0.000%,.14942,1.98,0.02,13565.1
GET /items?categoryId=928,527,24,6,168,23.74,0.000%,.16270,2.16,0.03,13622.9
GET /items?categoryId=929,491,25,6,192,28.76,0.000%,.15159,2.06,0.02,13916.9
GET /items?categoryId=930,552,30,8,290,52.88,0.000%,.17042,2.36,0.03,14178.4
GET /items?categoryId=931,435,24,5,199,32.58,0.000%,.13431,1.53,0.02,11673.6
GET /items?categoryId=932,587,28,6,200,33.53,0.000%,.18125,2.52,0.03,14245.1
GET /items?categoryId=933,523,23,6,193,24.18,0.000%,.16149,2.26,0.03,14310.9
GET /items?categoryId=934,479,24,6,171,22.89,0.000%,.14790,1.85,0.02,12818.7
GET /items?categoryId=935,455,20,5,136,15.93,0.000%,.14050,1.87,0.02,13619.4
GET /items?categoryId=936,527,29,5,278,33.66,0.000%,.17490,2.16,0.03,12635.4
GET /items?categoryId=937,467,19,5,114,17.01,0.000%,.15499,1.81,0.02,11940.3
GET /items?categoryId=938,549,22,7,140,17.09,0.000%,.18221,2.22,0.03,12493.4
GET /items?categoryId=939,370,18,5,105,13.91,0.000%,.12281,1.53,0.02,12795.2
GET /items?categoryId=940,514,27,6,201,36.15,0.000%,.17060,2.11,0.03,12668.8
GET /items?categoryId=941,577,22,6,129,15.20,0.000%,.19152,2.33,0.03,12450.7
GET /items?categoryId=942,393,21,6,260,24.25,0.000%,.13045,1.52,0.02,11959.3
GET /items?categoryId=943,491,22,7,246,29.50,0.000%,.16298,2.23,0.03,13991.6
GET /items?categoryId=944,447,20,6,72,9.97,0.000%,.14838,1.77,0.02,12217.7
GET /items?categoryId=945,534,15,5,68,7.53,0.000%,.17725,2.10,0.03,12158.0
GET /items?categoryId=946,463,20,6,208,14.65,0.000%,.15368,1.81,0.02,12045.7
GET /items?categoryId=947,493,19,6,54,8.29,0.000%,.16364,2.17,0.03,13586.2
GET /items?categoryId=948,451,15,5,35,6.16,0.000%,.14970,1.76,0.02,12062.2
GET /items?categoryId=949,497,23,6,161,20.61,0.000%,.16496,1.92,0.03,11892.9
GET /items?categoryId=950,440,22,7,123,12.77,0.000%,.14605,1.75,0.02,12251.1
GET /items?categoryId=951,495,16,5,44,7.45,0.000%,.16430,2.13,0.03,13290.1
GET /items?categoryId=952,518,18,7,117,9.09,0.000%,.17194,2.05,0.03,12237.1
GET /items?categoryId=953,370,18,5,132,14.13,0.000%,.12281,1.50,0.02,12472.2
GET /items?categoryId=954,519,25,8,210,32.25,0.000%,.17226,1.98,0.03,11749.7
GET /items?categoryId=955,364,16,6,42,6.42,0.000%,.12082,1.61,0.02,13657.1
GET /items?categoryId=956,351,19,7,46,7.85,0.000%,.11651,1.61,0.02,14142.9
GET /items?categoryId=957,370,21,6,136,12.61,0.000%,.12281,1.52,0.02,12643.5
GET /items?categoryId=958,365,16,5,44,7.71,0.000%,.12115,1.44,0.02,12178.5
GET /items?categoryId=959,458,16,5,71,7.64,0.000%,.15202,1.99,0.02,13407.7
GET /items?categoryId=960,412,17,6,38,6.87,0.000%,.13675,1.90,0.02,14245.1
GET /items?categoryId=961,502,20,8,204,17.88,0.000%,.16662,2.13,0.03,13076.4
GET /items?categoryId=962,348,30,5,214,46.53,0.000%,.11550,1.25,0.02,11083.7
GET /items?categoryId=963,486,20,6,216,20.93,0.000%,.16131,2.05,0.03,13012.9
GET /items?categoryId=964,414,15,6,35,5.66,0.000%,.13741,1.89,0.02,14068.1
GET /items?categoryId=965,440,15,6,40,6.26,0.000%,.14604,1.69,0.02,11852.9
GET /items?categoryId=966,396,16,6,41,7.16,0.000%,.13144,1.48,0.02,11515.4
GET /items?categoryId=967,423,17,6,43,7.32,0.000%,.14040,1.84,0.02,13454.8
GET /items?categoryId=968,355,14,5,43,5.34,0.000%,.11783,1.61,0.02,13983.7
GET /items?categoryId=969,344,15,5,213,12.75,0.000%,.11418,1.43,0.02,12828.4
GET /items?categoryId=970,436,18,5,173,16.53,0.000%,.14472,1.73,0.02,12266.5
GET /items?categoryId=971,437,22,6,147,15.95,0.000%,.14504,1.79,0.02,12671.1
GET /items?categoryId=972,476,20,7,113,11.75,0.000%,.15798,2.18,0.03,14149.7
GET /items?categoryId=973,411,19,7,58,9.33,0.000%,.13641,1.86,0.02,13965.0
GET /items?categoryId=974,349,17,6,194,18.01,0.000%,.11583,1.33,0.02,11737.0
GET /items?categoryId=975,428,22,7,185,19.76,0.000%,.14205,1.77,0.02,12753.5
GET /items?categoryId=976,427,16,5,45,6.78,0.000%,.14172,1.78,0.02,12885.7
GET /items?categoryId=977,407,19,7,146,11.27,0.000%,.13508,1.85,0.02,14045.8
GET /items?categoryId=978,447,18,5,148,13.63,0.000%,.14836,1.75,0.02,12091.7
GET /items?categoryId=979,376,21,7,57,10.50,0.000%,.12480,1.52,0.02,12511.6
GET /items?categoryId=980,521,24,6,171,18.28,0.000%,.17292,2.39,0.03,14130.9
GET /items?categoryId=981,427,20,6,208,24.99,0.000%,.14172,1.79,0.02,12967.3
GET /items?categoryId=982,456,15,5,102,9.10,0.000%,.15135,1.77,0.02,11961.7
GET /items?categoryId=983,365,18,6,43,8.00,0.000%,.12115,1.48,0.02,12491.7
GET /items?categoryId=984,479,15,5,42,6.66,0.000%,.15898,2.13,0.03,13723.0
GET /items?categoryId=985,432,18,5,171,16.96,0.000%,.14338,1.96,0.02,14027.4
GET /items?categoryId=986,494,18,5,170,19.09,0.000%,.16396,1.82,0.03,11338.6
GET /items?categoryId=987,397,19,6,123,10.73,0.000%,.13177,1.66,0.02,12869.8
GET /items?categoryId=988,455,20,7,170,18.88,0.000%,.15102,2.09,0.02,14170.6
GET /items?categoryId=989,395,23,6,247,20.32,0.000%,.13110,1.70,0.02,13291.8
GET /items?categoryId=990,377,15,5,73,9.49,0.000%,.12513,1.51,0.02,12371.2
GET /items?categoryId=991,540,19,6,50,8.26,0.000%,.17923,2.30,0.03,13142.6
GET /items?categoryId=992,331,14,5,35,5.63,0.000%,.10986,1.45,0.02,13518.0
GET /items?categoryId=993,358,17,8,45,7.06,0.000%,.11882,1.68,0.02,14444.4
GET /items?categoryId=994,389,20,6,137,15.06,0.000%,.12911,1.61,0.02,12765.4
GET /items?categoryId=995,385,21,7,188,15.89,0.000%,.12779,1.55,0.02,12387.5
GET /items?categoryId=996,408,15,5,50,7.21,0.000%,.13542,1.67,0.02,12633.5
GET /items?categoryId=997,480,22,6,232,17.05,0.000%,.15932,2.26,0.03,14518.1
GET /items?categoryId=998,443,16,5,53,8.55,0.000%,.14703,1.75,0.02,12176.3
GET /items?categoryId=999,395,18,6,48,7.78,0.000%,.13110,1.55,0.02,12076.2
GET /items?categoryId=1000,450,17,6,49,6.14,0.000%,.14936,2.03,0.02,13946.6
GET /items?categoryId=1001,500,19,6,170,10.79,0.000%,.16595,2.24,0.03,13846.5
GET /items?categoryId=1002,377,19,7,44,8.82,0.000%,.12513,1.51,0.02,12350.0
GET /items?categoryId=1003,467,23,6,232,20.57,0.000%,.15500,2.00,0.02,13184.2
GET /items?categoryId=1004,412,20,5,177,21.72,0.000%,.13675,1.79,0.02,13380.3
GET /items?categoryId=1005,459,21,6,153,15.21,0.000%,.15235,2.06,0.02,13871.5
GET /items?categoryId=1006,492,17,5,55,8.97,0.000%,.16331,1.97,0.03,12379.9
GET /items?categoryId=1007,501,18,5,42,7.67,0.000%,.16629,2.11,0.03,13003.3
GET /items?categoryId=1008,341,15,5,39,6.82,0.000%,.11318,1.50,0.02,13565.5
GET /items?categoryId=1009,491,20,6,208,13.25,0.000%,.16297,2.20,0.03,13845.1
GET /items?categoryId=1010,430,20,5,190,27.59,0.000%,.14273,1.56,0.02,11226.0
GET /items?categoryId=1011,401,17,5,116,11.01,0.000%,.13310,1.70,0.02,13116.5
GET /items?categoryId=1012,374,22,7,207,18.83,0.000%,.12414,1.70,0.02,14005.2
GET /items?categoryId=1013,540,17,5,144,15.25,0.000%,.17923,2.31,0.03,13203.8
GET /items?categoryId=1014,450,16,6,97,10.22,0.000%,.14936,1.74,0.02,11932.2
GET /items?categoryId=1015,310,18,7,35,5.88,0.000%,.10289,1.45,0.02,14470.5
GET /items?categoryId=1016,486,14,5,28,4.75,0.000%,.16131,1.98,0.03,12545.2
GET /items?categoryId=1017,375,18,5,174,23.23,0.000%,.12447,1.67,0.02,13746.3
GET /items?categoryId=1018,339,21,6,266,23.97,0.000%,.11252,1.37,0.02,12460.6
GET /items?categoryId=1019,378,20,6,103,12.24,0.000%,.12546,1.59,0.02,13011.5
GET /items?categoryId=1020,435,21,8,176,17.07,0.000%,.14439,1.91,0.02,13531.0
GET /items?categoryId=1021,375,20,6,118,12.14,0.000%,.12447,1.72,0.02,14181.7
GET /items?categoryId=1022,388,18,5,131,15.66,0.000%,.12878,1.55,0.02,12337.9
GET /items?categoryId=1023,365,17,6,37,5.56,0.000%,.12115,1.42,0.02,12004.6
GET /items?categoryId=1024,411,18,6,58,7.76,0.000%,.13642,1.94,0.02,14580.6
GET /items?categoryId=1025,426,20,7,67,8.83,0.000%,.14140,1.84,0.02,13341.5
GET /items?categoryId=1026,503,21,6,209,28.21,0.000%,.16696,2.00,0.03,12275.2
GET /items?categoryId=1027,399,25,7,110,21.70,0.000%,.13244,1.63,0.02,12633.8
GET /items?categoryId=1028,501,19,6,179,14.27,0.000%,.16630,2.28,0.03,14057.7
GET /items?categoryId=1029,461,21,5,178,24.58,0.000%,.15302,1.94,0.02,12951.1
GET /items?categoryId=1030,433,18,7,39,6.28,0.000%,.14373,1.85,0.02,13149.0
GET /items?categoryId=1031,451,16,6,153,12.24,0.000%,.14969,1.92,0.02,13123.7
GET /items?categoryId=1032,433,17,7,39,6.25,0.000%,.14372,1.97,0.02,14038.9
GET /items?categoryId=1033,485,26,5,228,42.46,0.000%,.16098,1.94,0.03,12335.1
GET /items?categoryId=1034,445,20,6,59,7.60,0.000%,.14770,1.73,0.02,11997.5
GET /items?categoryId=1035,304,15,5,41,6.47,0.000%,.10090,1.40,0.02,14169.5
GET /items?categoryId=1036,425,19,7,47,6.72,0.000%,.14107,1.83,0.02,13317.8
GET /items?categoryId=1037,437,24,7,214,22.62,0.000%,.14505,1.87,0.02,13171.5
GET /items?categoryId=1038,445,19,5,106,10.96,0.000%,.14771,1.78,0.02,12322.8
GET /items?categoryId=1039,353,19,5,149,20.26,0.000%,.11716,1.62,0.02,14142.0
GET /items?categoryId=1040,489,21,6,163,12.53,0.000%,.16230,2.14,0.03,13471.5
GET /items?categoryId=1041,503,23,6,205,24.91,0.000%,.16695,2.13,0.03,13048.2
GET /items?categoryId=1042,422,18,6,59,7.77,0.000%,.14007,1.83,0.02,13366.9
GET /items?categoryId=1043,356,18,6,53,9.44,0.000%,.11816,1.44,0.02,12441.3
GET /items?categoryId=1044,515,21,7,223,20.70,0.000%,.17093,2.41,0.03,14443.8
GET /items?categoryId=1045,357,28,7,219,35.18,0.000%,.11849,1.43,0.02,12354.7
GET /items?categoryId=1046,389,17,5,128,11.11,0.000%,.12911,1.58,0.02,12539.3
GET /items?categoryId=1047,365,18,6,48,7.75,0.000%,.12114,1.55,0.02,13093.5
GET /items?categoryId=1048,499,23,6,220,16.96,0.000%,.16562,2.20,0.03,13586.1
GET /items?categoryId=1049,535,17,5,53,9.04,0.000%,.17757,2.25,0.03,12959.4
GET /items?categoryId=1050,409,16,6,57,7.59,0.000%,.13575,1.68,0.02,12648.0
GET /items?categoryId=1051,366,17,6,41,7.00,0.000%,.12147,1.63,0.02,13776.6
GET /items?categoryId=1052,423,23,5,187,30.31,0.000%,.14039,1.87,0.02,13648.8
GET /items?categoryId=1053,364,36,5,225,51.83,0.000%,.12081,1.53,0.02,12946.0
GET /items?categoryId=1055,359,18,7,83,8.68,0.000%,.11915,1.46,0.02,12578.8
GET /items?categoryId=1054,447,19,5,48,9.25,0.000%,.14836,1.90,0.02,13099.9
GET /items?categoryId=1056,479,21,7,155,20.25,0.000%,.15898,2.29,0.03,14740.7
GET /items?categoryId=1057,439,18,6,50,8.19,0.000%,.14570,1.72,0.02,12101.2
GET /items?categoryId=1058,430,15,5,39,6.16,0.000%,.14272,1.83,0.02,13145.5
GET /items?categoryId=1059,418,17,5,41,7.55,0.000%,.13873,1.85,0.02,13668.0
GET /items?categoryId=1060,477,14,4,35,5.99,0.000%,.15832,1.94,0.03,12545.4
GET /items?categoryId=1061,422,22,5,193,28.71,0.000%,.14006,1.81,0.02,13251.8
GET /items?categoryId=1062,458,18,5,71,12.52,0.000%,.15201,1.82,0.02,12228.2
GET /items?categoryId=1063,472,23,6,228,29.26,0.000%,.15666,2.02,0.03,13220.7
GET /items?categoryId=1064,343,22,5,177,26.40,0.000%,.11384,1.60,0.02,14386.2
GET /items?categoryId=1065,391,17,5,48,8.44,0.000%,.12977,1.57,0.02,12372.7
GET /items?categoryId=1066,485,17,5,74,11.83,0.000%,.16097,2.07,0.03,13171.6
GET /items?categoryId=1067,451,15,5,64,7.59,0.000%,.14968,1.70,0.02,11659.0
GET /items?categoryId=1068,490,18,6,120,9.60,0.000%,.16263,2.22,0.03,14006.0
GET /items?categoryId=1069,461,19,6,159,12.63,0.000%,.15300,2.08,0.02,13899.8
GET /items?categoryId=1070,373,15,5,201,12.15,0.000%,.12380,1.41,0.02,11626.0
GET /items?categoryId=1071,443,19,5,76,15.22,0.000%,.14703,1.93,0.02,13427.3
GET /items?categoryId=1072,498,21,6,196,23.03,0.000%,.16528,2.09,0.03,12979.1
GET /items?categoryId=1073,505,20,6,111,11.02,0.000%,.16760,2.14,0.03,13045.0
GET /items?categoryId=1074,351,13,5,33,4.93,0.000%,.11649,1.45,0.02,12715.6
GET /items?categoryId=1075,405,16,6,41,8.30,0.000%,.13442,1.73,0.02,13149.3
GET /items?categoryId=1076,472,17,5,188,11.85,0.000%,.15665,2.05,0.03,13409.6
GET /items?categoryId=1077,522,18,5,179,20.60,0.000%,.17324,2.13,0.03,12607.0
GET /items?categoryId=1078,386,22,7,215,22.43,0.000%,.12811,1.53,0.02,12199.0
GET /items?categoryId=1079,454,18,6,68,8.15,0.000%,.15067,2.04,0.02,13859.2
GET /items?categoryId=1080,440,23,6,196,20.26,0.000%,.14602,1.96,0.02,13746.9
GET /items?categoryId=1081,453,21,6,89,10.63,0.000%,.15033,1.94,0.02,13201.3
GET /items?categoryId=1082,392,18,7,40,6.30,0.000%,.13009,1.57,0.02,12387.7
GET /items?categoryId=1083,413,21,7,219,22.93,0.000%,.13707,1.82,0.02,13567.7
GET /items?categoryId=1084,393,17,5,176,15.21,0.000%,.13043,1.73,0.02,13588.1
GET /items?categoryId=1085,403,27,6,231,40.62,0.000%,.13374,1.65,0.02,12595.4
GET /items?categoryId=1086,433,20,5,132,12.68,0.000%,.14370,1.84,0.02,13133.0
GET /items?categoryId=1087,412,15,5,33,6.03,0.000%,.13673,1.70,0.02,12716.7
GET /items?categoryId=1088,355,18,5,187,22.37,0.000%,.11781,1.56,0.02,13598.9
GET /items?categoryId=1089,485,22,5,191,15.42,0.000%,.16095,2.16,0.03,13733.2
GET /items?categoryId=1090,340,24,6,107,20.81,0.000%,.11283,1.32,0.02,11994.2
GET /items?categoryId=1091,440,26,5,230,33.80,0.000%,.14602,1.94,0.02,13636.8
GET /items?categoryId=1092,423,21,7,220,22.72,0.000%,.14038,1.80,0.02,13161.7
GET /items?categoryId=1093,519,21,5,213,34.19,0.000%,.17223,2.26,0.03,13439.0
GET /items?categoryId=1094,373,22,7,179,26.83,0.000%,.12378,1.55,0.02,12842.5
GET /items?categoryId=1095,310,14,5,38,6.01,0.000%,.10288,1.21,0.02,12017.1
GET /items?categoryId=1096,360,18,6,39,6.61,0.000%,.11947,1.57,0.02,13443.0
GET /items?categoryId=1097,364,19,6,197,16.68,0.000%,.12079,1.69,0.02,14312.3
GET /items?categoryId=1098,475,16,5,65,10.81,0.000%,.15763,1.96,0.03,12732.3
GET /items?categoryId=1099,365,22,6,133,17.75,0.000%,.12113,1.43,0.02,12088.2
GET /items?categoryId=1100,453,26,6,223,30.20,0.000%,.15033,2.08,0.02,14201.1
GET /items?categoryId=1101,421,21,6,55,9.52,0.000%,.13971,1.82,0.02,13375.2
GET /items?categoryId=1102,492,21,6,211,14.77,0.000%,.16328,2.07,0.03,12955.7
GET /items?categoryId=1103,480,20,6,58,9.86,0.000%,.15930,2.08,0.03,13390.5
GET /items?categoryId=1104,453,19,6,165,19.07,0.000%,.15033,1.96,0.02,13340.9
GET /items?categoryId=1105,384,23,5,176,36.82,0.000%,.12743,1.71,0.02,13727.3
GET /items?categoryId=1106,517,21,6,106,14.01,0.000%,.17157,2.18,0.03,12996.4
GET /items?categoryId=1107,358,18,5,216,24.15,0.000%,.11880,1.42,0.02,12227.1
GET /items?categoryId=1108,494,16,6,87,9.52,0.000%,.16394,2.22,0.03,13883.9
GET /items?categoryId=1109,313,19,8,72,8.74,0.000%,.10387,1.27,0.02,12496.2
GET /items?categoryId=1110,355,17,5,101,10.59,0.000%,.11781,1.49,0.02,12969.7
GET /items?categoryId=1111,465,17,5,135,14.26,0.000%,.15431,1.85,0.02,12258.1
GET /items?categoryId=1112,388,16,5,90,8.77,0.000%,.12876,1.66,0.02,13181.1
GET /items?categoryId=1113,458,15,5,170,11.72,0.000%,.15198,1.99,0.02,13406.5
GET /items?categoryId=1114,494,18,5,156,14.36,0.000%,.16393,2.02,0.03,12621.7
GET /items?categoryId=1115,383,20,6,214,24.44,0.000%,.12710,1.51,0.02,12184.9
GET /items?categoryId=1116,493,20,5,218,15.15,0.000%,.16360,2.11,0.03,13216.2
GET /items?categoryId=1117,450,18,6,150,15.52,0.000%,.14933,1.88,0.02,12887.7
GET /items?categoryId=1118,410,19,5,178,17.21,0.000%,.13606,1.71,0.02,12857.8
GET /items?categoryId=1119,429,20,6,183,13.98,0.000%,.14236,1.82,0.02,13079.4
GET /items?categoryId=1120,358,17,6,42,6.27,0.000%,.11880,1.53,0.02,13221.0
GET /items?categoryId=1121,397,18,7,49,7.74,0.000%,.13174,1.71,0.02,13279.9
GET /items?categoryId=1122,394,29,6,191,43.28,0.000%,.13074,1.76,0.02,13772.1
GET /items?categoryId=1123,469,26,6,255,26.61,0.000%,.15563,2.01,0.02,13205.3
GET /items?categoryId=1124,326,22,6,194,26.93,1.840%,.10818,1.32,0.02,12514.0
GET /items?categoryId=1125,509,22,7,174,19.91,3.340%,.16890,2.21,0.03,13413.1
GET /items?categoryId=1126,385,19,4,193,24.70,0.000%,.12776,1.63,0.02,13069.9
GET /items?categoryId=1127,375,24,6,197,34.69,0.000%,.12444,1.62,0.02,13305.2
GET /items?categoryId=1128,412,19,6,53,9.47,1.214%,.13672,1.71,0.02,12831.5
GET /items?categoryId=1129,330,22,6,101,13.99,5.455%,.10951,1.36,0.02,12756.2
GET /items?categoryId=1130,348,19,5,100,13.90,9.483%,.11548,1.47,0.02,13028.4
GET /items?categoryId=1131,453,26,5,243,36.52,9.934%,.15032,1.81,0.02,12359.2
GET /items?categoryId=1132,348,22,5,193,31.07,8.908%,.11548,1.40,0.02,12407.1
GET /items?categoryId=1133,322,24,5,179,21.97,3.106%,.10685,1.32,0.02,12656.1
GET /items?categoryId=1134,459,17,5,105,13.00,2.614%,.15231,1.96,0.02,13207.6
GET /items?categoryId=1135,395,17,5,170,14.75,0.000%,.13107,1.63,0.02,12708.8
GET /items?categoryId=1136,388,22,6,170,25.95,0.000%,.12875,1.72,0.02,13650.9
GET /items?categoryId=1137,423,19,6,45,7.56,0.000%,.14037,1.75,0.02,12748.5
GET /items?categoryId=1138,365,20,6,90,13.31,4.658%,.12112,1.55,0.02,13130.8
GET /items?categoryId=1139,510,29,6,259,29.46,10.784%,.16922,2.14,0.02,12974.6
GET /items?categoryId=1140,387,27,6,241,23.70,8.269%,.12841,1.63,0.02,13011.2
GET /items?categoryId=1141,455,23,5,104,12.06,15.165%,.15098,1.55,0.02,10539.8
GET /items?categoryId=1142,366,23,7,80,12.18,13.388%,.12145,1.37,0.02,11571.9
GET /items?categoryId=1143,350,25,7,104,17.51,9.429%,.11614,1.24,0.02,10970.5
GET /items?categoryId=1144,456,16,6,117,10.04,2.412%,.15131,1.80,0.02,12190.8
GET /items?categoryId=1145,433,19,7,116,9.75,0.000%,.14368,1.86,0.02,13269.1
GET /items?categoryId=1146,424,18,5,246,23.05,4.717%,.14069,1.65,0.02,11976.0
GET /items?categoryId=1147,458,36,6,237,42.87,10.262%,.15197,1.96,0.02,13212.6
GET /items?categoryId=1148,502,26,5,288,35.98,11.753%,.16656,1.96,0.02,12019.3
GET /items?categoryId=1149,396,26,6,122,19.24,13.889%,.13140,1.41,0.02,10983.5
GET /items?categoryId=1150,394,23,5,88,15.70,12.944%,.13073,1.43,0.02,11202.7
GET /items?categoryId=1151,436,17,6,80,9.21,3.440%,.14467,1.72,0.02,12160.9
GET /items?categoryId=1152,414,20,6,164,25.09,0.000%,.13737,1.80,0.02,13411.6
GET /items?categoryId=1153,462,16,5,161,11.66,0.000%,.15330,1.84,0.02,12265.8
GET /items?categoryId=1154,428,19,5,132,18.18,3.505%,.14202,1.75,0.02,12611.1
GET /items?categoryId=1155,377,22,6,113,17.41,17.772%,.12509,1.31,0.02,10741.5
GET /items?categoryId=1156,519,30,5,211,33.21,16.185%,.17220,1.68,0.02,9975.2
GET /items?categoryId=1157,358,22,5,125,16.29,13.408%,.11878,1.33,0.02,11463.0
GET /items?categoryId=1158,451,23,6,87,11.19,11.973%,.14964,1.57,0.02,10765.4
GET /items?categoryId=1159,420,17,6,49,8.36,4.048%,.13936,1.64,0.02,12079.7
GET /items?categoryId=1160,433,19,6,122,15.84,0.000%,.14367,1.79,0.02,12774.7
GET /items?categoryId=1161,484,22,7,139,14.38,0.000%,.16059,2.10,0.03,13371.3
GET /items?categoryId=1162,427,20,6,231,23.54,3.747%,.14167,1.70,0.02,12308.8
GET /items?categoryId=1163,386,22,5,226,22.08,10.363%,.12807,1.49,0.02,11949.9
GET /items?categoryId=1164,473,32,6,270,41.06,16.068%,.15694,1.70,0.02,11123.2
GET /items?categoryId=1165,518,21,5,199,19.71,14.479%,.17187,1.89,0.02,11259.6
GET /items?categoryId=1166,429,23,6,107,17.16,11.422%,.14234,1.56,0.02,11252.1
GET /items?categoryId=1167,372,16,6,41,7.87,0.000%,.12342,1.56,0.02,12981.0
GET /items?categoryId=1168,361,20,6,176,19.48,0.000%,.11977,1.49,0.02,12777.4
GET /items?categoryId=1169,502,17,5,168,14.46,0.000%,.16655,2.13,0.03,13105.8
GET /items?categoryId=1170,459,21,5,280,30.95,3.268%,.15229,1.85,0.02,12470.8
GET /items?categoryId=1171,410,35,6,212,44.29,14.146%,.13602,1.52,0.02,11407.5
GET /items?categoryId=1172,408,28,5,234,38.40,23.775%,.13536,1.26,0.02,9569.4
GET /items?categoryId=1173,362,23,8,161,15.12,12.707%,.12010,1.24,0.02,10536.7
GET /items?categoryId=1174,445,16,5,59,9.44,2.921%,.14764,1.74,0.02,12067.6
GET /items?categoryId=1175,443,17,6,34,5.48,0.000%,.14697,1.87,0.02,13040.6
GET /items?categoryId=1176,495,15,4,96,7.47,0.000%,.16423,2.13,0.03,13293.7
GET /items?categoryId=1177,383,37,6,247,54.22,0.000%,.12706,1.55,0.02,12487.4
GET /items?categoryId=1178,439,34,4,258,51.37,7.973%,.14564,1.74,0.02,12222.8
GET /items?categoryId=1179,403,23,8,193,18.47,18.859%,.13370,1.40,0.02,10733.4
GET /items?categoryId=1180,371,21,5,176,16.72,15.903%,.12308,1.35,0.02,11234.6
GET /items?categoryId=1181,346,19,5,210,24.37,8.960%,.11479,1.13,0.02,10096.8
GET /items?categoryId=1182,364,16,5,62,10.55,3.571%,.12076,1.47,0.02,12458.2
GET /items?categoryId=1183,417,14,5,39,5.89,0.000%,.13834,1.68,0.02,12432.6
GET /items?categoryId=1184,384,15,5,42,7.52,0.000%,.12740,1.68,0.02,13476.6
GET /items?categoryId=1185,458,30,5,242,49.21,0.000%,.15194,1.97,0.02,13250.1
GET /items?categoryId=1186,376,32,6,191,36.24,7.447%,.12473,1.49,0.02,12220.7
GET /items?categoryId=1187,393,38,6,226,45.09,13.232%,.13038,1.53,0.02,12015.6
GET /items?categoryId=1188,367,19,5,97,14.95,17.166%,.12175,1.25,0.02,10549.6
GET /items?categoryId=1189,452,23,5,247,38.46,15.929%,.14995,1.61,0.02,10995.8
GET /items?categoryId=1190,373,22,5,82,12.09,4.290%,.12374,1.35,0.02,11193.9
GET /items?categoryId=1191,427,17,5,63,10.43,0.000%,.14165,1.75,0.02,12660.5
GET /items?categoryId=1192,360,19,6,44,7.49,0.000%,.11943,1.59,0.02,13648.5
GET /items?categoryId=1193,447,22,5,265,32.94,0.447%,.14829,1.90,0.02,13099.5
GET /items?categoryId=1194,381,30,6,196,40.51,8.136%,.12639,1.51,0.02,12266.8
GET /items?categoryId=1195,462,25,5,154,29.78,8.874%,.15326,1.81,0.02,12107.2
GET /items?categoryId=1196,453,30,4,167,35.94,10.596%,.15028,1.83,0.02,12497.2
GET /items?categoryId=1197,484,20,5,234,18.54,9.091%,.16056,1.62,0.02,10315.6
GET /items?categoryId=1198,404,26,8,234,30.60,6.931%,.13403,1.46,0.02,11166.4
GET /items?categoryId=1199,491,18,6,38,7.34,1.222%,.16289,2.08,0.03,13065.9
GET /items?categoryId=1200,330,14,5,38,6.08,0.000%,.10947,1.42,0.02,13302.7
GET /items?categoryId=1201,426,25,4,190,39.18,3.052%,.14132,1.80,0.02,13069.2
GET /items?categoryId=1202,475,23,5,217,35.07,9.263%,.15758,1.82,0.02,11824.8
GET /items?categoryId=1203,431,17,5,104,13.93,8.121%,.14298,1.78,0.02,12729.5
GET /items?categoryId=1204,341,22,5,134,20.82,9.971%,.11313,1.22,0.02,11077.7
GET /items?categoryId=1205,353,17,6,100,9.93,9.348%,.11711,1.08,0.02,9442.4
GET /items?categoryId=1206,401,17,5,232,19.44,5.985%,.13303,1.47,0.02,11311.6
GET /items?categoryId=1207,478,19,6,58,8.17,6.276%,.15858,1.79,0.02,11574.7
GET /items?categoryId=1208,454,17,5,179,15.36,0.881%,.15062,2.17,0.02,14750.3
GET /items?categoryId=1209,424,27,7,206,29.92,6.840%,.14067,1.63,0.02,11842.7
GET /items?categoryId=1210,395,17,4,224,14.74,9.620%,.13105,1.64,0.02,12825.7
GET /items?categoryId=1211,412,29,6,176,34.97,5.583%,.13669,1.64,0.02,12299.9
GET /items?categoryId=1212,462,19,5,161,19.67,0.000%,.15327,2.08,0.02,13912.8
GET /items?categoryId=1213,355,23,7,197,20.32,5.070%,.11778,1.35,0.02,11741.1
GET /items?categoryId=1214,508,27,5,223,42.11,6.299%,.16854,1.77,0.03,10754.9
GET /items?categoryId=1215,391,18,5,78,12.99,1.023%,.12972,1.67,0.02,13198.8
GET /items?categoryId=1216,345,26,6,211,34.09,1.449%,.11446,1.59,0.02,14193.9
GET /items?categoryId=1217,391,26,7,207,24.79,10.230%,.12972,1.59,0.02,12534.4
GET /items?categoryId=1218,355,23,8,227,20.43,9.296%,.11778,1.42,0.02,12372.9
GET /items?categoryId=1219,469,20,7,107,10.09,6.183%,.15560,1.98,0.02,12998.3
GET /items?categoryId=1220,396,18,5,103,12.36,0.000%,.13138,1.82,0.02,14196.4
GET /items?categoryId=1221,444,25,7,237,31.02,3.604%,.14731,1.66,0.02,11555.0
GET /items?categoryId=1222,486,28,5,260,42.91,8.436%,.16124,1.81,0.02,11498.5
GET /items?categoryId=1223,350,20,8,63,9.59,0.000%,.11612,1.42,0.02,12562.4
GET /items?categoryId=1224,507,19,6,99,11.46,0.000%,.16821,2.19,0.03,13334.5
GET /items?categoryId=1225,326,22,7,181,17.16,3.988%,.10816,1.42,0.02,13460.9
GET /items?categoryId=1226,501,28,5,189,34.33,8.982%,.16622,2.08,0.02,12830.3
GET /items?categoryId=1227,378,24,6,124,15.67,1.587%,.12541,1.62,0.02,13241.1
GET /items?categoryId=1228,410,24,5,383,43.31,1.220%,.13603,1.60,0.02,12033.5
GET /items?categoryId=1229,385,44,7,368,76.81,10.909%,.12774,1.40,0.02,11231.2
GET /items?categoryId=1230,435,26,7,251,28.21,0.690%,.14433,1.77,0.02,12575.3
GET /items?categoryId=1231,486,17,4,43,8.33,0.000%,.16126,2.03,0.03,12917.5
GET /items?categoryId=1232,415,20,6,90,13.15,1.446%,.13770,1.82,0.02,13528.8
GET /items?categoryId=1233,385,24,6,124,24.44,10.909%,.12775,1.56,0.02,12529.3
GET /items?categoryId=1234,541,22,5,160,27.75,7.209%,.17951,2.25,0.03,12848.6
GET /items?categoryId=1235,399,21,6,144,16.60,0.000%,.13239,1.66,0.02,12819.6
GET /items?categoryId=1236,416,30,6,205,34.94,7.212%,.13804,1.51,0.02,11205.7
GET /items?categoryId=1237,340,24,7,242,24.26,3.529%,.11282,1.43,0.02,12958.4
GET /items?categoryId=1238,522,15,5,114,11.15,0.000%,.17321,2.20,0.03,12978.6
GET /items?categoryId=1239,404,14,5,44,7.32,0.000%,.13406,1.73,0.02,13240.7
GET /items?categoryId=1240,386,17,7,98,8.82,1.036%,.12809,1.56,0.02,12487.1
GET /items?categoryId=1241,477,16,5,78,12.06,9.015%,.15829,1.90,0.02,12300.5
GET /items?categoryId=1242,479,22,6,186,19.52,7.933%,.15895,2.00,0.02,12903.9
GET /items?categoryId=1243,388,29,6,240,38.77,3.866%,.12875,1.62,0.02,12917.7
GET /items?categoryId=1244,505,23,5,240,25.40,8.911%,.16758,1.81,0.02,11039.1
GET /items?categoryId=1245,445,19,5,184,19.34,4.494%,.14767,1.74,0.02,12064.1
GET /items?categoryId=1246,488,15,5,59,9.01,0.000%,.16195,2.06,0.03,13046.1
GET /items?categoryId=1247,319,16,5,75,11.99,0.000%,.10587,1.32,0.02,12753.0
GET /items?categoryId=1248,406,14,5,55,7.04,0.000%,.13474,1.70,0.02,12940.3
GET /items?categoryId=1249,377,23,6,178,26.63,2.653%,.12511,1.58,0.02,12936.5
GET /items?categoryId=1250,458,28,6,243,37.03,8.734%,.15199,1.91,0.02,12864.8
GET /items?categoryId=1251,524,22,7,111,17.30,0.954%,.17391,2.20,0.03,12952.6
GET /items?categoryId=1252,399,23,7,209,20.23,10.777%,.13242,1.41,0.02,10868.7
GET /items?categoryId=1253,357,20,6,138,12.43,7.843%,.11849,1.28,0.02,11092.8
GET /items?categoryId=1254,420,17,5,196,16.60,2.857%,.13940,1.66,0.02,12219.3
GET /items?categoryId=1255,351,16,4,80,9.91,0.000%,.11649,1.40,0.02,12270.1
GET /items?categoryId=1256,409,18,6,49,8.26,0.000%,.13575,1.84,0.02,13886.5
GET /items?categoryId=1257,452,25,5,209,39.21,9.292%,.15002,1.75,0.02,11935.6
GET /items?categoryId=1258,365,27,6,227,25.96,5.205%,.12115,1.57,0.02,13300.8
GET /items?categoryId=1259,359,21,5,87,13.48,0.000%,.11915,1.49,0.02,12796.2
GET /items?categoryId=1260,506,22,6,264,27.66,0.198%,.16795,2.28,0.03,13909.8
GET /items?categoryId=1261,327,31,6,153,31.42,9.174%,.10854,1.14,0.02,10754.1
GET /items?categoryId=1262,421,24,6,164,23.66,5.701%,.13974,1.59,0.02,11642.8
GET /items?categoryId=1263,335,20,6,49,9.05,0.000%,.11119,1.40,0.02,12936.2
GET /items?categoryId=1264,526,16,5,53,8.33,0.000%,.17459,2.21,0.03,12954.9
GET /items?categoryId=1265,344,27,6,339,35.97,6.105%,.11418,1.51,0.02,13503.8
GET /items?categoryId=1266,471,23,5,187,29.85,9.130%,.15634,1.81,0.02,11856.1
GET /items?categoryId=1267,508,15,5,40,6.83,0.000%,.16862,2.16,0.03,13136.7
GET /items?categoryId=1268,447,17,5,264,18.90,0.000%,.14837,1.99,0.02,13747.2
GET /items?categoryId=1269,475,18,6,116,11.15,1.053%,.15767,1.95,0.02,12673.6
GET /items?categoryId=1270,394,27,5,257,43.75,6.853%,.13078,1.38,0.02,10774.3
GET /items?categoryId=1271,362,21,5,230,20.89,0.276%,.12016,1.57,0.02,13348.4
GET /items?categoryId=1272,440,18,5,215,14.70,0.000%,.14606,1.88,0.02,13169.6
GET /items?categoryId=1273,397,16,5,122,10.47,4.282%,.13178,1.52,0.02,11779.5
GET /items?categoryId=1274,474,20,5,148,20.83,7.806%,.15734,1.88,0.02,12240.6
GET /items?categoryId=1275,316,23,7,236,28.73,2.215%,.10490,1.38,0.02,13503.7
GET /items?categoryId=1276,411,17,5,49,9.57,0.000%,.13643,1.83,0.02,13698.8
GET /items?categoryId=1277,435,19,6,53,9.37,0.000%,.14440,1.80,0.02,12789.6
GET /items?categoryId=1278,385,22,6,109,15.94,4.675%,.12781,1.51,0.02,12067.6
GET /items?categoryId=1279,485,17,5,93,14.91,4.948%,.16100,1.88,0.02,11973.9
GET /items?categoryId=1280,337,32,6,224,46.53,0.000%,.11187,1.46,0.02,13347.6
GET /items?categoryId=1281,375,21,6,194,19.80,0.000%,.12449,1.72,0.02,14109.0
GET /items?categoryId=1282,463,23,5,344,43.49,5.184%,.15370,1.87,0.02,12485.6
GET /items?categoryId=1283,426,29,6,202,44.25,4.460%,.14141,1.71,0.02,12351.9
GET /items?categoryId=1284,322,17,6,72,9.52,0.000%,.10690,1.34,0.02,12874.5
GET /items?categoryId=1285,387,19,6,45,7.95,0.000%,.12847,1.68,0.02,13405.1
GET /items?categoryId=1286,377,13,6,45,5.63,0.000%,.12516,1.58,0.02,12955.1
GET /items?categoryId=1287,381,23,6,208,27.98,4.987%,.12648,1.43,0.02,11543.7
GET /items?categoryId=1288,350,21,7,198,25.46,1.143%,.11619,1.47,0.02,12977.1
GET /items?categoryId=1289,476,23,6,173,31.08,0.000%,.15802,1.97,0.03,12748.4
GET /items?categoryId=1290,482,22,7,268,29.23,1.037%,.16001,2.11,0.03,13532.0
GET /items?categoryId=1291,469,30,5,238,45.71,7.249%,.15570,1.87,0.02,12290.6
GET /items?categoryId=1292,340,24,6,198,25.33,0.000%,.11287,1.43,0.02,12997.8
GET /items?categoryId=1293,511,16,5,95,10.37,0.000%,.16964,2.24,0.03,13523.3
GET /items?categoryId=1294,483,18,7,39,6.88,0.000%,.16035,2.04,0.03,13016.0
GET /items?categoryId=1295,350,22,6,228,30.36,0.286%,.11620,1.53,0.02,13487.8
GET /items?categoryId=1296,485,18,5,179,23.85,2.680%,.16102,1.84,0.03,11724.7
GET /items?categoryId=1297,357,21,6,205,15.59,0.000%,.11852,1.56,0.02,13480.5
GET /items?categoryId=1298,450,16,5,74,10.14,0.000%,.14940,1.83,0.02,12575.2
GET /items?categoryId=1299,458,26,5,205,33.80,5.677%,.15205,1.88,0.02,12630.8
GET /items?categoryId=1300,448,24,7,193,28.70,0.000%,.14873,1.91,0.02,13158.6
GET /items?categoryId=1301,398,17,4,46,9.65,0.000%,.13214,1.69,0.02,13129.5
GET /items?categoryId=1302,503,14,4,218,12.72,0.000%,.16700,1.97,0.03,12094.9
GET /items?categoryId=1303,491,18,5,91,14.98,4.277%,.16302,2.00,0.02,12566.4
GET /items?categoryId=1304,401,21,5,123,18.07,7.481%,.13314,1.48,0.02,11419.3
GET /items?categoryId=1305,393,18,5,132,18.24,0.000%,.13048,1.54,0.02,12094.8
GET /items?categoryId=1306,512,20,6,130,13.40,0.977%,.16999,2.25,0.03,13563.5
GET /items?categoryId=1307,464,25,7,174,25.97,6.250%,.15406,2.01,0.02,13333.4
GET /items?categoryId=1308,456,17,5,114,15.23,0.000%,.15141,1.85,0.02,12505.9
GET /items?categoryId=1309,371,17,4,83,11.91,0.000%,.12319,1.57,0.02,13020.7
GET /items?categoryId=1310,398,25,7,254,37.02,0.000%,.13215,1.66,0.02,12896.8
GET /items?categoryId=1311,486,16,5,250,17.55,0.412%,.16137,2.08,0.03,13225.6
GET /items?categoryId=1312,369,31,5,247,50.47,4.607%,.12253,1.30,0.02,10860.3
GET /items?categoryId=1313,475,23,8,172,26.64,0.000%,.15773,2.01,0.03,13060.6
GET /items?categoryId=1314,405,27,7,165,32.89,0.000%,.13449,1.75,0.02,13340.4
GET /items?categoryId=1315,413,27,6,230,39.07,5.569%,.13714,1.86,0.02,13881.1
GET /items?categoryId=1316,509,20,5,149,20.73,0.000%,.16903,2.12,0.03,12833.9
GET /items?categoryId=1317,465,17,5,192,17.25,0.000%,.15442,1.86,0.02,12354.0
GET /items?categoryId=1318,373,18,5,61,11.19,0.000%,.12387,1.67,0.02,13813.2
GET /items?categoryId=1319,461,14,5,54,6.20,0.000%,.15309,1.98,0.02,13250.5
GET /items?categoryId=1320,448,17,4,175,19.45,1.786%,.14878,1.73,0.02,11900.9
GET /items?categoryId=1321,502,19,5,147,19.30,0.000%,.16670,2.19,0.03,13423.0
GET /items?categoryId=1322,406,17,5,100,11.87,0.000%,.13483,1.66,0.02,12581.5
GET /items?categoryId=1323,380,18,5,183,20.33,1.053%,.12620,1.65,0.02,13403.1
GET /items?categoryId=1324,464,18,5,154,17.84,0.000%,.15410,1.85,0.02,12271.0
GET /items?categoryId=1325,479,15,5,52,7.25,0.000%,.15908,1.97,0.03,12657.3
GET /items?categoryId=1326,455,18,6,48,8.23,0.000%,.15111,1.99,0.02,13497.2
GET /items?categoryId=1327,396,17,8,47,6.90,0.000%,.13152,1.72,0.02,13356.7
GET /items?categoryId=1328,392,23,6,256,45.09,1.786%,.13019,1.55,0.02,12185.8
GET /items?categoryId=1329,525,24,6,183,25.56,3.429%,.17437,2.15,0.03,12610.1
GET /items?categoryId=1330,335,16,5,68,11.06,1.791%,.11127,1.30,0.02,11959.6
GET /items?categoryId=1331,353,18,5,69,13.64,7.649%,.11725,1.55,0.02,13494.4
GET /items?categoryId=1332,414,24,6,186,25.25,1.932%,.13751,1.73,0.02,12858.5
GET /items?categoryId=1333,487,22,7,187,15.56,0.000%,.16176,2.06,0.03,13035.8
GET /items?categoryId=1334,512,14,5,57,7.34,0.000%,.17006,2.10,0.03,12657.6
GET /items?categoryId=1335,346,21,7,187,23.76,0.000%,.11493,1.50,0.02,13392.2
GET /items?categoryId=1336,384,15,4,72,11.14,0.000%,.12755,1.62,0.02,12969.8
GET /items?categoryId=1337,532,17,5,163,19.80,3.008%,.17672,2.07,0.03,12012.9
GET /items?categoryId=1338,405,17,6,134,16.77,1.235%,.13453,1.64,0.02,12519.7
GET /items?categoryId=1339,320,21,5,192,25.43,0.938%,.10630,1.40,0.02,13524.1
GET /items?categoryId=1340,504,20,5,222,23.68,0.000%,.16742,2.18,0.03,13317.9
GET /items?categoryId=1341,346,24,5,210,34.46,0.000%,.11494,1.41,0.02,12584.8
GET /items?categoryId=1342,390,20,4,207,26.02,0.000%,.12955,1.63,0.02,12844.9
GET /items?categoryId=1343,410,16,4,58,8.54,0.000%,.13621,1.72,0.02,12898.4
GET /items?categoryId=1344,314,14,5,57,7.82,0.000%,.10432,1.36,0.02,13383.4
GET /items?categoryId=1345,422,13,5,31,4.57,0.000%,.14019,1.65,0.02,12048.1
GET /items?categoryId=1346,461,23,7,181,28.20,0.000%,.15315,2.02,0.02,13538.3
GET /items?categoryId=1347,327,25,6,126,23.65,0.917%,.10863,1.29,0.02,12135.7
GET /items?categoryId=1348,309,21,5,151,14.06,0.000%,.10266,1.40,0.02,13972.0
GET /items?categoryId=1349,490,19,5,205,22.98,0.000%,.16279,2.07,0.03,13039.5
GET /items?categoryId=1350,419,20,5,175,21.94,0.000%,.13920,1.79,0.02,13194.8
GET /items?categoryId=1351,334,17,5,95,10.67,0.000%,.11097,1.33,0.02,12280.5
GET /items?categoryId=1352,447,15,5,47,6.98,0.000%,.14851,1.78,0.02,12285.0
GET /items?categoryId=1353,476,14,5,65,6.40,0.000%,.15814,2.06,0.03,13364.0
GET /items?categoryId=1354,444,13,6,66,5.67,0.000%,.14751,1.72,0.02,11973.2
GET /items?categoryId=1355,485,20,5,219,32.87,0.000%,.16114,2.06,0.03,13094.0
GET /items?categoryId=1356,376,19,7,114,14.52,0.000%,.12492,1.68,0.02,13765.8
GET /items?categoryId=1357,477,19,7,141,12.18,0.000%,.15848,2.08,0.03,13430.7
GET /items?categoryId=1358,474,18,5,250,20.54,0.000%,.15748,1.89,0.03,12296.8
GET /items?categoryId=1359,360,22,5,104,20.46,0.000%,.11961,1.51,0.02,12906.6
GET /items?categoryId=1360,364,16,5,98,12.37,0.000%,.12094,1.59,0.02,13421.3
GET /items?categoryId=1361,468,16,5,68,7.11,0.000%,.15549,1.95,0.02,12812.4
GET /items?categoryId=1362,465,17,7,52,6.55,0.000%,.15450,1.99,0.02,13171.3
GET /items?categoryId=1363,470,22,7,241,24.08,0.000%,.15616,1.96,0.02,12858.2
GET /items?categoryId=1364,438,15,5,84,8.90,0.000%,.14553,1.92,0.02,13480.5
GET /items?categoryId=1365,495,23,7,276,33.45,0.000%,.16447,2.20,0.03,13723.9
GET /items?categoryId=1366,406,22,6,214,22.64,0.000%,.13490,1.60,0.02,12156.3
GET /items?categoryId=1367,456,19,7,104,8.59,0.000%,.15151,2.00,0.02,13521.7
GET /items?categoryId=1368,466,14,5,111,8.19,0.000%,.15484,2.01,0.02,13304.5
GET /items?categoryId=1369,467,14,5,77,6.42,0.000%,.15517,1.89,0.02,12483.9
GET /items?categoryId=1370,332,23,8,239,25.64,0.000%,.11031,1.42,0.02,13149.4
GET /items?categoryId=1371,425,24,5,228,37.97,0.000%,.14121,1.70,0.02,12340.4
GET /items?categoryId=1372,435,18,5,208,18.98,0.000%,.14454,1.89,0.02,13400.9
GET /items?categoryId=1373,396,16,5,132,11.48,0.000%,.13158,1.61,0.02,12530.4
GET /items?categoryId=1374,436,19,5,185,22.00,0.000%,.14487,1.74,0.02,12319.4
GET /items?categoryId=1375,463,17,5,145,17.51,0.000%,.15384,1.98,0.02,13162.2
GET /items?categoryId=1376,410,18,7,51,7.72,0.000%,.13624,1.91,0.02,14321.8
GET /items?categoryId=1377,496,21,5,161,19.20,0.000%,.16481,2.05,0.03,12750.6
GET /items?categoryId=1378,397,25,6,160,20.15,0.000%,.13192,1.70,0.02,13171.0
GET /items?categoryId=1379,376,24,6,157,16.63,0.000%,.12494,1.59,0.02,13043.6
GET /items?categoryId=1380,441,19,7,93,8.23,0.000%,.14654,1.97,0.02,13751.1
GET /items?categoryId=1381,515,22,5,202,34.61,0.000%,.17113,2.23,0.03,13336.3
GET /items?categoryId=1382,386,22,5,156,26.70,0.000%,.12827,1.52,0.02,12165.0
GET /items?categoryId=1383,454,21,7,163,14.98,0.000%,.15086,1.99,0.02,13473.5
GET /items?categoryId=1384,447,15,5,67,8.75,0.000%,.14854,1.92,0.02,13220.5
GET /items?categoryId=1385,374,19,7,65,9.94,0.000%,.12428,1.54,0.02,12667.2
GET /items?categoryId=1386,425,19,5,210,16.37,0.000%,.14123,1.83,0.02,13297.3
GET /items?categoryId=1387,465,17,6,67,9.06,0.000%,.15453,1.90,0.02,12560.9
GET /items?categoryId=1388,422,16,6,48,8.50,0.000%,.14024,1.94,0.02,14138.2
GET /items?categoryId=1389,374,16,5,168,10.69,0.000%,.12429,1.52,0.02,12503.7
GET /items?categoryId=1390,511,26,6,169,21.06,0.000%,.16981,2.11,0.03,12734.9
GET /items?categoryId=1391,462,21,5,132,19.45,0.000%,.15353,1.98,0.02,13217.4
GET /items?categoryId=1392,351,16,5,66,9.93,0.000%,.11664,1.55,0.02,13578.2
GET /items?categoryId=1393,477,19,6,72,9.60,0.000%,.15852,2.04,0.03,13208.0
GET /items?categoryId=1394,370,21,6,164,14.12,0.000%,.12296,1.49,0.02,12447.6
GET /items?categoryId=1395,465,33,7,172,38.19,0.000%,.15454,1.98,0.02,13098.4
GET /items?categoryId=1396,435,15,5,53,6.76,0.000%,.14456,1.95,0.02,13793.5
GET /items?categoryId=1397,398,16,5,205,13.50,0.000%,.13227,1.56,0.02,12095.3
GET /items?categoryId=1398,436,16,5,169,10.35,0.000%,.14490,1.77,0.02,12492.0
GET /items?categoryId=1399,388,17,6,144,14.76,0.000%,.12895,1.63,0.02,12925.4
GET /items?categoryId=1400,355,21,8,163,16.18,0.000%,.11798,1.65,0.02,14299.3
GET /items?categoryId=1401,457,23,6,112,14.92,0.000%,.15188,2.00,0.02,13468.9
GET /items?categoryId=1402,393,19,5,166,21.53,0.000%,.13061,1.57,0.02,12310.9
GET /items?categoryId=1403,480,19,7,183,11.29,0.000%,.15952,2.05,0.03,13175.7
GET /items?categoryId=1404,407,16,5,60,8.73,0.000%,.13526,1.82,0.02,13752.3
GET /items?categoryId=1405,352,21,7,141,14.44,0.000%,.11699,1.52,0.02,13331.0
GET /items?categoryId=1406,416,22,7,163,18.02,0.000%,.13826,1.64,0.02,12136.6
GET /items?categoryId=1407,399,23,7,161,21.76,0.000%,.13261,1.73,0.02,13395.5
GET /items?categoryId=1408,510,20,6,107,13.93,0.000%,.16950,2.31,0.03,13945.5
GET /items?categoryId=1409,319,21,6,162,17.36,0.000%,.10602,1.32,0.02,12759.0
GET /items?categoryId=1410,464,24,6,204,26.54,0.000%,.15421,1.99,0.02,13239.3
GET /items?categoryId=1411,376,25,8,178,29.30,0.000%,.12497,1.58,0.02,12939.3
GET /items?categoryId=1412,371,21,5,158,26.74,0.000%,.12331,1.70,0.02,14126.3
GET /items?categoryId=1413,465,17,8,99,6.69,0.000%,.15455,1.96,0.02,12982.3
GET /items?categoryId=1414,417,15,5,128,10.96,0.000%,.13860,1.68,0.02,12388.8
GET /items?categoryId=1415,445,15,5,99,10.12,0.000%,.14790,1.87,0.02,12948.1
GET /items?categoryId=1416,384,19,8,65,9.14,0.000%,.12763,1.66,0.02,13335.5
GET /items?categoryId=1417,504,20,7,213,15.09,0.000%,.16752,2.15,0.03,13127.1
GET /items?categoryId=1418,359,18,5,167,18.07,0.000%,.11932,1.47,0.02,12593.9
GET /items?categoryId=1419,468,20,7,73,9.35,0.000%,.15555,2.04,0.02,13460.4
GET /items?categoryId=1420,397,18,7,42,6.68,0.000%,.13195,1.69,0.02,13079.7
GET /items?categoryId=1421,443,20,8,105,11.07,0.000%,.14724,1.88,0.02,13053.2
GET /items?categoryId=1422,456,18,8,159,15.06,0.000%,.15156,1.97,0.02,13286.0
GET /items?categoryId=1423,397,15,5,121,9.36,0.000%,.13196,1.71,0.02,13279.5
GET /items?categoryId=1424,326,17,5,78,11.16,0.000%,.10836,1.29,0.02,12157.1
GET /items?categoryId=1425,523,24,5,225,41.71,0.000%,.17383,2.24,0.03,13175.9
GET /items?categoryId=1426,331,15,5,54,8.76,0.000%,.11002,1.31,0.02,12195.1
GET /items?categoryId=1427,347,27,5,169,37.08,0.000%,.11534,1.59,0.02,14083.3
GET /items?categoryId=1428,440,16,5,129,13.16,0.000%,.14625,1.75,0.02,12264.5
GET /items?categoryId=1429,399,15,6,46,7.52,0.000%,.13262,1.66,0.02,12789.5
GET /items?categoryId=1430,381,17,5,125,15.32,0.000%,.12663,1.53,0.02,12348.5
GET /items?categoryId=1431,397,18,5,199,19.07,0.000%,.13195,1.74,0.02,13481.4
GET /items?categoryId=1432,356,22,8,221,16.88,0.000%,.11833,1.45,0.02,12531.4
GET /items?categoryId=1433,438,27,8,231,29.77,0.000%,.14559,2.03,0.02,14290.4
GET /items?categoryId=1434,389,20,7,72,9.71,0.000%,.12930,1.52,0.02,11999.3
GET /items?categoryId=1435,381,16,5,62,8.84,0.000%,.12664,1.73,0.02,13952.4
GET /items?categoryId=1436,453,24,8,167,20.34,0.000%,.15057,1.98,0.02,13470.3
GET /items?categoryId=1437,387,17,4,71,11.10,0.000%,.12863,1.57,0.02,12511.5
GET /items?categoryId=1438,501,22,7,208,26.27,0.000%,.16653,2.09,0.03,12880.9
GET /items?categoryId=1439,421,23,7,175,15.51,0.000%,.13994,1.81,0.02,13245.6
GET /items?categoryId=1440,492,23,7,259,24.60,0.000%,.16355,2.22,0.03,13907.4
GET /items?categoryId=1441,377,21,7,103,12.19,0.000%,.12532,1.58,0.02,12928.8
GET /items?categoryId=1442,496,23,7,125,17.25,0.000%,.16488,2.08,0.03,12916.6
GET /items?categoryId=1443,365,18,5,62,11.90,0.000%,.12133,1.52,0.02,12859.0
GET /items?categoryId=1444,460,29,9,212,38.90,0.000%,.15291,2.04,0.02,13647.6
GET /items?categoryId=1445,344,23,7,187,18.21,0.000%,.11435,1.52,0.02,13570.4
GET /items?categoryId=1446,418,22,8,105,13.32,0.000%,.13896,1.66,0.02,12250.0
GET /items?categoryId=1447,367,16,6,128,10.54,0.000%,.12200,1.63,0.02,13644.7
GET /items?categoryId=1448,337,27,5,212,40.51,0.000%,.11203,1.44,0.02,13128.1
GET /items?categoryId=1449,368,19,5,179,15.81,0.000%,.12234,1.58,0.02,13206.4
GET /items?categoryId=1450,382,22,8,91,14.20,0.000%,.12699,1.59,0.02,12796.4
GET /items?categoryId=1451,467,22,8,227,18.02,0.000%,.15525,1.96,0.02,12905.2
GET /items?categoryId=1452,494,23,6,237,28.29,0.000%,.16423,2.15,0.03,13399.3
GET /items?categoryId=1453,316,24,6,205,27.64,0.000%,.10506,1.46,0.02,14249.9
GET /items?categoryId=1454,469,15,5,49,8.08,0.000%,.15592,2.02,0.02,13244.3
GET /items?categoryId=1455,436,20,5,147,20.78,0.000%,.14495,1.69,0.02,11947.0
GET /items?categoryId=1456,389,31,5,241,51.40,0.000%,.12932,1.73,0.02,13671.2
GET /items?categoryId=1457,450,23,7,217,21.69,0.000%,.14960,1.97,0.02,13489.8
GET /items?categoryId=1458,512,14,5,57,6.33,0.000%,.17021,2.13,0.03,12843.5
GET /items?categoryId=1459,472,19,6,90,9.20,0.000%,.15692,2.00,0.03,13023.4
GET /items?categoryId=1460,370,23,5,125,22.81,0.000%,.12301,1.70,0.02,14135.9
GET /items?categoryId=1461,359,24,8,188,19.64,0.000%,.11935,1.49,0.02,12765.6
GET /items?categoryId=1462,394,23,7,124,21.54,0.000%,.13099,1.75,0.02,13708.6
GET /items?categoryId=1463,521,24,8,222,27.58,0.000%,.17321,2.18,0.03,12862.9
GET /items?categoryId=1464,394,28,7,242,33.48,0.000%,.13099,1.70,0.02,13283.8
GET /items?categoryId=1465,469,20,5,149,16.76,0.000%,.15593,2.06,0.02,13517.7
GET /items?categoryId=1466,514,17,5,166,12.12,0.000%,.17089,2.14,0.03,12851.5
GET /items?categoryId=1467,349,20,5,90,16.04,0.000%,.11604,1.42,0.02,12549.1
GET /items?categoryId=1468,338,19,5,64,12.04,0.000%,.11238,1.45,0.02,13230.9
GET /items?categoryId=1469,456,21,5,167,24.68,0.000%,.15161,1.83,0.02,12383.9
GET /items?categoryId=1470,434,21,8,155,10.75,0.000%,.14430,1.93,0.02,13703.1
GET /items?categoryId=1471,466,22,5,244,31.08,0.000%,.15493,1.88,0.02,12398.1
GET /items?categoryId=1472,337,21,7,61,11.50,0.000%,.11205,1.55,0.02,14123.3
GET /items?categoryId=1473,471,22,7,188,19.01,0.000%,.15660,1.98,0.03,12946.8
GET /items?categoryId=1474,457,17,5,90,8.39,0.000%,.15195,1.87,0.02,12586.2
GET /items?categoryId=1475,344,17,5,47,7.93,0.000%,.11438,1.56,0.02,13942.4
GET /items?categoryId=1476,378,21,7,74,11.41,0.000%,.12569,1.59,0.02,12968.9
GET /items?categoryId=1477,276,15,4,51,6.90,0.000%,.09177,1.18,0.01,13134.0
GET /items?categoryId=1478,423,26,6,216,24.46,0.000%,.14064,1.84,0.02,13363.9
GET /items?categoryId=1479,390,31,9,231,34.53,0.000%,.12967,1.63,0.02,12836.0
GET /items?categoryId=1480,495,27,8,222,27.19,0.000%,.16458,2.19,0.03,13636.8
GET /items?categoryId=1481,370,17,5,61,8.78,0.000%,.12302,1.54,0.02,12845.2
GET /items?categoryId=1482,445,24,8,155,20.17,0.000%,.14797,1.84,0.02,12762.4
GET /items?categoryId=1483,342,27,6,153,26.09,0.000%,.11372,1.39,0.02,12486.5
GET /items?categoryId=1484,530,19,7,94,9.72,0.000%,.17622,2.46,0.03,14276.7
GET /items?categoryId=1485,369,15,6,164,12.15,0.000%,.12269,1.51,0.02,12638.3
GET /items?categoryId=1486,365,20,5,200,24.78,0.000%,.12136,1.38,0.02,11676.4
GET /items?categoryId=1487,530,22,6,257,29.47,0.000%,.17622,2.19,0.03,12745.4
GET /items?categoryId=1488,433,24,7,154,16.09,0.000%,.14397,1.99,0.02,14142.6
GET /items?categoryId=1489,378,24,7,159,20.71,0.000%,.12568,1.57,0.02,12811.5
GET /items?categoryId=1490,361,19,8,55,7.41,0.000%,.12003,1.56,0.02,13296.5
GET /items?categoryId=1491,430,21,6,163,14.06,0.000%,.14298,1.82,0.02,13014.0
GET /items?categoryId=1492,351,19,7,41,6.36,0.000%,.11671,1.55,0.02,13598.1
GET /items?categoryId=1493,444,15,5,41,6.05,0.000%,.14763,1.87,0.02,12937.4
GET /items?categoryId=1494,514,17,5,158,14.43,0.000%,.17090,1.96,0.03,11757.2
GET /items?categoryId=1495,506,20,6,105,14.05,0.000%,.16824,2.20,0.03,13404.9
GET /items?categoryId=1496,480,21,7,202,14.86,0.000%,.15960,2.19,0.03,14064.8
GET /items?categoryId=1497,381,21,8,198,13.90,0.000%,.12668,1.59,0.02,12866.5
GET /items?categoryId=1498,416,23,8,90,14.91,0.000%,.13833,1.75,0.02,12966.4
GET /items?categoryId=1499,435,19,8,93,7.65,0.000%,.14464,1.89,0.02,13395.6
GET /items?categoryId=1500,474,16,5,108,10.61,0.000%,.15761,2.07,0.03,13471.4
GET /items?categoryId=1501,349,15,5,222,22.38,0.000%,.11605,1.39,0.02,12302.8
GET /items?categoryId=1502,328,27,5,222,40.41,0.000%,.10906,1.31,0.02,12276.4
GET /items?categoryId=1503,422,19,5,150,16.19,0.000%,.14032,1.83,0.02,13385.9
GET /items?categoryId=1504,494,28,6,206,34.13,0.000%,.16426,2.19,0.03,13654.3
GET /items?categoryId=1505,466,18,5,101,11.88,0.000%,.15495,1.94,0.02,12807.6
GET /items?categoryId=1506,412,15,5,64,6.50,0.000%,.13700,1.50,0.02,11214.1
GET /items?categoryId=1507,506,20,9,54,6.66,0.000%,.16826,2.33,0.03,14170.3
GET /items?categoryId=1508,364,19,6,137,13.69,0.000%,.12104,1.58,0.02,13364.6
GET /items?categoryId=1509,339,26,7,215,32.21,0.000%,.11273,1.45,0.02,13156.8
GET /items?categoryId=1510,343,22,8,242,22.24,0.000%,.11406,1.49,0.02,13341.9
GET /items?categoryId=1511,396,25,6,167,22.88,0.000%,.13168,1.58,0.02,12303.6
GET /items?categoryId=1512,423,21,5,172,13.83,0.000%,.14065,1.95,0.02,14228.0
GET /items?categoryId=1513,441,21,6,90,10.90,0.000%,.14665,1.92,0.02,13396.3
GET /items?categoryId=1514,443,14,5,67,6.41,0.000%,.14731,1.74,0.02,12105.8
GET /items?categoryId=1515,445,15,6,78,7.79,0.000%,.14798,1.95,0.02,13476.3
GET /items?categoryId=1516,477,15,5,109,6.96,0.000%,.15862,2.01,0.03,12999.6
GET /items?categoryId=1517,433,23,7,266,24.56,0.000%,.14398,1.88,0.02,13403.1
GET /items?categoryId=1518,461,16,5,257,13.86,0.000%,.15330,1.84,0.02,12298.6
GET /items?categoryId=1519,389,17,5,202,17.51,0.000%,.12935,1.62,0.02,12811.7
GET /items?categoryId=1520,383,26,7,206,32.72,0.000%,.12735,1.75,0.02,14061.1
GET /items?categoryId=1521,378,18,5,161,14.54,0.000%,.12570,1.60,0.02,13010.2
GET /items?categoryId=1522,404,21,7,50,8.48,0.000%,.13435,1.75,0.02,13322.0
GET /items?categoryId=1523,391,17,7,38,5.54,0.000%,.13002,1.58,0.02,12407.6
GET /items?categoryId=1524,431,17,5,86,9.90,0.000%,.14333,1.90,0.02,13544.3
GET /items?categoryId=1525,465,22,8,220,14.08,0.000%,.15463,1.97,0.02,13036.4
GET /items?categoryId=1526,399,22,6,109,15.52,0.000%,.13268,1.74,0.02,13444.0
GET /items?categoryId=1527,441,24,5,201,25.21,0.000%,.14664,1.88,0.02,13094.0
GET /items?categoryId=1528,494,25,7,206,30.99,0.000%,.16427,2.15,0.03,13374.6
GET /items?categoryId=1529,330,16,6,54,8.01,0.000%,.10974,1.45,0.02,13515.9
GET /items?categoryId=1530,452,20,5,192,12.21,0.000%,.15031,1.81,0.02,12353.4
GET /items?categoryId=1531,370,15,4,42,6.31,0.000%,.12304,1.53,0.02,12720.3
GET /items?categoryId=1532,421,18,7,38,5.45,0.000%,.14000,1.90,0.02,13896.5
GET /items?categoryId=1533,385,24,8,216,29.54,0.000%,.12803,1.79,0.02,14295.2
GET /items?categoryId=1534,482,22,7,148,13.63,0.000%,.16029,1.96,0.03,12490.0
GET /items?categoryId=1535,470,25,7,218,34.14,0.000%,.15629,1.93,0.02,12656.0
GET /items?categoryId=1536,502,23,6,218,29.42,0.000%,.16693,2.23,0.03,13649.1
GET /items?categoryId=1537,410,19,8,47,7.33,0.000%,.13635,1.75,0.02,13112.4
GET /items?categoryId=1538,458,18,5,264,19.39,0.000%,.15231,1.80,0.02,12074.0
GET /items?categoryId=1539,337,16,5,42,7.13,0.000%,.11207,1.29,0.02,11793.0
GET /items?categoryId=1540,399,16,5,211,17.55,0.000%,.13269,1.76,0.02,13569.8
GET /items?categoryId=1541,405,19,6,42,5.67,0.000%,.13468,1.82,0.02,13814.0
GET /items?categoryId=1542,450,23,6,195,23.46,0.000%,.14965,1.90,0.02,13003.2
GET /items?categoryId=1543,490,30,6,193,38.29,0.000%,.16294,2.04,0.03,12826.5
GET /items?categoryId=1544,438,17,7,60,8.25,0.000%,.14565,1.90,0.02,13351.7
GET /items?categoryId=1545,340,27,5,202,37.38,0.000%,.11307,1.57,0.02,14199.0
GET /items?categoryId=1546,535,17,6,166,10.44,0.000%,.17792,2.14,0.03,12294.9
GET /items?categoryId=1547,435,17,6,261,13.87,0.000%,.14466,1.74,0.02,12332.0
GET /items?categoryId=1548,393,20,7,113,11.14,0.000%,.13069,1.78,0.02,13978.2
GET /items?categoryId=1549,452,14,5,40,5.37,0.000%,.15031,1.90,0.02,12952.8
GET /items?categoryId=1550,330,20,6,111,9.89,0.000%,.10974,1.39,0.02,12989.3
GET /items?categoryId=1551,435,22,6,207,18.16,0.000%,.14466,1.83,0.02,12931.0
GET /items?categoryId=1552,457,26,6,214,24.30,0.000%,.15197,2.02,0.02,13611.1
GET /items?categoryId=1553,467,21,8,199,14.56,0.000%,.15530,2.07,0.02,13627.0
GET /items?categoryId=1554,443,24,6,236,23.83,0.000%,.14732,1.87,0.02,12991.2
GET /items?categoryId=1555,516,17,5,172,10.89,0.000%,.17159,2.10,0.03,12528.5
GET /items?categoryId=1556,503,15,5,95,7.04,0.000%,.16727,2.10,0.03,12875.8
GET /items?categoryId=1557,388,15,6,67,6.12,0.000%,.12903,1.72,0.02,13673.7
GET /items?categoryId=1558,387,21,8,132,13.79,0.000%,.12870,1.54,0.02,12242.9
GET /items?categoryId=1559,485,17,5,201,16.05,0.000%,.16128,2.13,0.03,13547.7
GET /items?categoryId=1560,346,16,6,138,15.94,0.000%,.11506,1.43,0.02,12752.8
GET /items?categoryId=1561,357,19,5,124,15.78,0.000%,.11872,1.50,0.02,12907.8
GET /items?categoryId=1562,410,24,7,271,29.36,0.000%,.13634,1.73,0.02,12988.7
GET /items?categoryId=1563,466,17,5,180,16.22,0.000%,.15496,1.87,0.02,12368.7
GET /items?categoryId=1564,333,23,8,110,15.62,0.000%,.11074,1.56,0.02,14416.7
GET /items?categoryId=1565,399,16,6,44,6.71,0.000%,.13269,1.72,0.02,13288.4
GET /items?categoryId=1566,385,15,6,37,5.31,0.000%,.12803,1.56,0.02,12510.2
GET /items?categoryId=1567,347,25,6,232,43.33,0.000%,.11540,1.33,0.02,11786.7
GET /items?categoryId=1568,528,24,4,242,37.92,0.000%,.17557,2.24,0.03,13078.0
GET /items?categoryId=1569,344,30,5,223,37.94,0.000%,.11440,1.43,0.02,12806.9
GET /items?categoryId=1570,476,25,6,268,23.23,0.000%,.15830,2.00,0.03,12952.5
GET /items?categoryId=1571,473,22,5,185,30.09,0.000%,.15729,2.02,0.03,13137.4
GET /items?categoryId=1572,383,21,6,175,16.18,0.000%,.12737,1.70,0.02,13636.8
GET /items?categoryId=1573,439,22,7,104,10.51,0.000%,.14599,1.84,0.02,12931.1
GET /items?categoryId=1574,476,28,8,218,23.01,0.000%,.15829,1.98,0.03,12820.6
GET /items?categoryId=1575,357,18,4,55,9.50,0.000%,.11873,1.40,0.02,12115.3
GET /items?categoryId=1576,455,20,5,201,13.23,0.000%,.15131,2.11,0.02,14268.3
GET /items?categoryId=1577,449,27,7,230,23.77,0.000%,.14932,1.97,0.02,13484.4
GET /items?categoryId=1578,422,17,6,165,12.11,0.000%,.14034,1.66,0.02,12090.8
GET /items?categoryId=1579,398,16,5,199,12.72,0.000%,.13236,1.68,0.02,12963.2
GET /items?categoryId=1580,470,23,7,195,16.90,0.000%,.15631,2.21,0.03,14501.6
GET /items?categoryId=1581,435,25,6,313,43.14,0.000%,.14467,1.76,0.02,12434.0
GET /items?categoryId=1582,502,23,5,126,23.60,0.000%,.16696,1.95,0.03,11944.4
GET /items?categoryId=1583,337,24,6,224,32.26,0.000%,.11208,1.42,0.02,12963.9
GET /items?categoryId=1584,455,32,7,251,36.08,0.000%,.15132,2.19,0.02,14808.9
GET /items?categoryId=1585,485,24,7,131,15.26,0.000%,.16130,1.99,0.03,12639.6
GET /items?categoryId=1586,507,25,6,292,32.06,0.000%,.16862,2.11,0.03,12815.5
GET /items?categoryId=1587,357,25,8,294,27.81,0.000%,.11874,1.56,0.02,13486.2
GET /items?categoryId=1588,386,26,7,124,21.48,0.000%,.12839,1.78,0.02,14227.0
GET /items?categoryId=1589,388,23,8,167,17.99,0.000%,.12906,1.62,0.02,12827.4
GET /items?categoryId=1590,382,23,6,173,30.33,0.000%,.12706,1.49,0.02,12023.9
GET /items?categoryId=1591,456,29,6,265,35.39,0.000%,.15167,1.89,0.02,12736.9
GET /items?categoryId=1592,505,33,9,236,33.28,0.000%,.16797,2.33,0.03,14189.6
GET /items?categoryId=1593,451,25,6,157,29.49,0.000%,.15002,1.84,0.02,12577.7
GET /items?categoryId=1594,466,20,5,145,20.79,0.000%,.15502,1.91,0.02,12636.8
GET /items?categoryId=1595,407,26,6,179,36.81,0.000%,.13540,1.81,0.02,13700.8
GET /items?categoryId=1596,386,38,9,465,78.73,0.000%,.12841,1.68,0.02,13370.7
GET /items?categoryId=1597,388,33,8,452,57.84,0.000%,.12908,1.63,0.02,12959.7
GET /items?categoryId=1598,372,36,6,287,60.48,0.000%,.12378,1.53,0.02,12646.8
GET /items?categoryId=1599,410,38,7,458,72.95,0.000%,.13642,1.71,0.02,12857.6
GET /items?categoryId=1600,346,31,6,417,54.88,0.000%,.11513,1.59,0.02,14111.4
GET /items?categoryId=1601,511,31,7,142,28.56,0.000%,.17004,2.11,0.03,12720.7
GET /items?categoryId=1602,517,27,5,244,41.79,0.000%,.17205,2.19,0.03,13030.8
GET /items?categoryId=1603,360,24,5,331,31.57,0.000%,.11981,1.50,0.02,12842.3
GET /items?categoryId=1604,492,29,8,408,38.86,0.000%,.16374,2.20,0.03,13760.9
GET /items?categoryId=1605,476,33,6,270,49.18,0.000%,.15844,1.93,0.03,12452.5
GET /items?categoryId=1606,426,53,7,518,108.64,0.000%,.14180,1.82,0.02,13146.5
GET /items?categoryId=1607,349,37,7,305,57.10,0.000%,.11618,1.52,0.02,13363.9
GET /items?categoryId=1608,385,22,6,218,23.77,0.000%,.12817,1.62,0.02,12922.8
GET /items?categoryId=1609,394,52,6,481,105.96,0.000%,.13118,1.71,0.02,13366.8
GET /items?categoryId=1610,489,35,6,244,49.15,0.000%,.16282,1.91,0.03,11981.7
GET /items?categoryId=1611,475,34,6,476,69.57,0.000%,.15817,1.91,0.03,12346.2
GET /items?categoryId=1612,478,36,8,450,64.07,0.000%,.15917,2.20,0.03,14134.1
GET /items?categoryId=1613,369,27,9,125,21.88,0.000%,.12290,1.46,0.02,12161.0
GET /items?categoryId=1614,504,16,5,109,10.37,0.000%,.16786,2.09,0.03,12734.0
GET /items?categoryId=1615,455,16,5,151,10.78,0.000%,.15153,2.08,0.02,14078.3
GET /items?categoryId=1616,342,22,7,134,13.42,0.000%,.11390,1.47,0.02,13257.7
GET /items?categoryId=1617,401,45,6,315,68.54,0.000%,.13355,1.68,0.02,12909.2
GET /items?categoryId=1618,362,29,6,133,25.91,0.000%,.12057,1.54,0.02,13038.5
GET /items?categoryId=1619,435,19,5,122,17.55,0.000%,.14489,1.89,0.02,13367.5
GET /items?categoryId=1620,423,32,8,258,38.77,0.000%,.14090,1.87,0.02,13572.0
GET /items?categoryId=1621,485,23,6,187,21.79,0.000%,.16154,1.99,0.03,12606.2
GET /items?categoryId=1622,431,25,7,234,22.98,0.000%,.14355,1.75,0.02,12455.1
GET /items?categoryId=1623,392,25,6,206,20.28,0.000%,.13057,1.72,0.02,13528.1
GET /items?categoryId=1624,455,19,5,188,18.64,0.000%,.15156,2.12,0.02,14353.1
GET /items?categoryId=1625,501,31,6,194,36.04,0.000%,.16688,2.02,0.03,12391.2
GET /items?categoryId=1626,399,18,5,85,12.72,0.000%,.13291,1.62,0.02,12502.4
GET /items?categoryId=1627,300,32,7,244,40.58,0.000%,.09994,1.30,0.02,13314.4
GET /items?categoryId=1628,367,38,6,307,62.71,0.000%,.12225,1.73,0.02,14451.1
GET /items?categoryId=1629,527,32,5,267,38.86,0.000%,.17555,2.20,0.03,12835.6
GET /items?categoryId=1630,438,26,8,183,20.99,0.000%,.14591,1.82,0.02,12789.3
GET /items?categoryId=1631,396,19,5,112,13.73,0.000%,.13192,1.74,0.02,13501.1
GET /items?categoryId=1632,498,22,8,122,18.08,0.000%,.16589,2.15,0.03,13268.7
GET /items?categoryId=1633,415,19,6,146,16.91,0.000%,.13825,1.63,0.02,12052.3
GET /items?categoryId=1634,495,29,7,294,47.39,0.000%,.16490,2.14,0.03,13264.4
GET /items?categoryId=1635,467,23,8,123,14.57,0.000%,.15558,2.05,0.02,13493.5
GET /items?categoryId=1636,347,25,9,183,22.39,0.000%,.11561,1.60,0.02,14198.8
GET /items?categoryId=1637,416,28,8,207,28.87,0.000%,.13859,1.69,0.02,12484.7
GET /items?categoryId=1638,428,28,6,244,31.92,0.000%,.14259,1.81,0.02,12992.7
GET /items?categoryId=1639,477,23,8,93,13.45,0.000%,.15891,2.08,0.03,13415.4
GET /items?categoryId=1640,317,17,6,68,9.26,0.000%,.10561,1.38,0.02,13354.3
GET /items?categoryId=1641,501,26,8,220,25.03,0.000%,.16691,2.19,0.03,13411.9
GET /items?categoryId=1642,387,18,5,56,10.03,0.000%,.12893,1.53,0.02,12151.9
GET /items?categoryId=1643,346,19,5,127,15.43,0.000%,.11527,1.42,0.02,12589.7
GET /items?categoryId=1644,488,18,6,125,13.33,0.000%,.16258,2.11,0.03,13266.6
GET /items?categoryId=1645,337,37,7,235,47.28,0.000%,.11227,1.43,0.02,13026.8
GET /items?categoryId=1646,497,24,6,112,14.42,0.000%,.16557,2.15,0.03,13297.2
GET /items?categoryId=1647,418,18,5,74,10.42,0.000%,.13926,1.67,0.02,12284.4
GET /items?categoryId=1648,450,18,6,92,13.21,0.000%,.14992,2.03,0.02,13878.3
GET /items?categoryId=1649,426,16,5,220,11.14,0.000%,.14193,1.70,0.02,12281.4
GET /items?categoryId=1650,491,21,8,212,12.22,0.000%,.16358,2.08,0.03,13010.7
GET /items?categoryId=1651,486,22,7,118,13.26,0.000%,.16191,2.15,0.03,13593.6
GET /items?categoryId=1652,307,31,7,269,42.33,0.000%,.10227,1.34,0.02,13393.0
GET /items?categoryId=1653,425,31,6,267,46.91,0.000%,.14158,1.88,0.02,13581.8
GET /items?categoryId=1654,422,21,7,144,13.32,0.000%,.14059,1.76,0.02,12791.2
GET /items?categoryId=1655,465,23,7,142,21.30,0.000%,.15491,1.97,0.02,12992.0
GET /items?categoryId=1656,432,26,8,129,22.73,0.000%,.14392,1.83,0.02,13014.1
GET /items?categoryId=1657,321,26,7,177,23.55,0.000%,.10694,1.38,0.02,13176.5
GET /items?categoryId=1658,488,24,8,215,12.55,0.000%,.16257,2.11,0.03,13272.0
GET /items?categoryId=1659,335,23,7,94,12.57,0.000%,.11161,1.45,0.02,13265.2
GET /items?categoryId=1660,433,21,8,66,8.18,0.000%,.14425,1.89,0.02,13426.4
GET /items?categoryId=1661,472,22,5,252,22.56,0.000%,.15725,2.00,0.03,13053.8
GET /items?categoryId=1662,438,22,8,64,8.97,0.000%,.14592,1.93,0.02,13572.4
GET /items?categoryId=1663,502,25,8,156,15.36,0.000%,.16724,2.20,0.03,13441.8
GET /items?categoryId=1664,325,20,5,163,18.99,0.000%,.10828,1.30,0.02,12289.0
GET /items?categoryId=1665,424,18,5,76,12.74,0.000%,.14126,1.79,0.02,12957.2
GET /items?categoryId=1666,344,18,6,105,14.01,0.000%,.11461,1.45,0.02,12929.1
GET /items?categoryId=1667,442,17,5,51,6.98,0.000%,.14726,1.95,0.02,13562.6
GET /items?categoryId=1668,308,23,8,238,25.41,0.000%,.10262,1.19,0.02,11858.1
GET /items?categoryId=1669,414,20,9,111,8.50,0.000%,.13793,1.85,0.02,13728.3
GET /items?categoryId=1670,472,21,5,165,17.80,0.000%,.15725,2.09,0.03,13597.8
GET /items?categoryId=1671,434,18,6,53,8.71,0.000%,.14459,1.76,0.02,12440.6
GET /items?categoryId=1672,327,28,9,131,22.21,0.000%,.10895,1.42,0.02,13354.1
GET /items?categoryId=1673,354,24,9,134,16.67,0.000%,.11794,1.44,0.02,12484.7
GET /items?categoryId=1674,369,25,6,145,15.56,0.000%,.12294,1.67,0.02,13924.3
GET /items?categoryId=1675,503,23,9,79,12.07,0.000%,.16758,2.15,0.03,13154.9
GET /items?categoryId=1676,435,22,6,217,19.74,0.000%,.14493,1.96,0.02,13857.5
GET /items?categoryId=1677,475,25,5,141,23.51,0.000%,.15825,1.84,0.03,11931.8
GET /items?categoryId=1678,468,28,9,150,24.02,0.000%,.15592,2.04,0.02,13401.1
GET /items?categoryId=1679,392,26,7,150,14.79,0.000%,.13061,1.81,0.02,14204.7
GET /items?categoryId=1680,365,23,8,93,13.47,0.000%,.12161,1.43,0.02,12075.2
GET /items?categoryId=1681,340,21,8,118,14.35,0.000%,.11329,1.56,0.02,14059.0
GET /items?categoryId=1682,416,23,5,193,29.87,0.000%,.13861,1.58,0.02,11678.5
GET /items?categoryId=1683,468,26,6,260,30.08,0.000%,.15594,2.04,0.02,13377.1
GET /items?categoryId=1684,425,27,7,183,21.33,0.000%,.14162,1.88,0.02,13580.6
GET /items?categoryId=1685,424,27,5,281,36.18,0.000%,.14129,1.70,0.02,12344.6
GET /items?categoryId=1686,360,22,8,91,10.16,0.000%,.11997,1.55,0.02,13234.2
GET /items?categoryId=1687,529,23,5,131,17.98,0.000%,.17629,2.26,0.03,13125.2
GET /items?categoryId=1688,364,25,8,121,14.56,0.000%,.12130,1.72,0.02,14507.5
GET /items?categoryId=1689,480,21,8,76,9.39,0.000%,.15996,2.01,0.03,12898.5
GET /items?categoryId=1690,466,21,8,254,15.12,0.000%,.15529,1.93,0.02,12722.3
GET /items?categoryId=1691,508,28,7,238,26.61,0.000%,.16929,2.25,0.03,13598.3
GET /items?categoryId=1692,497,25,7,215,17.97,0.000%,.16563,2.24,0.03,13818.9
GET /items?categoryId=1693,315,17,6,48,7.71,0.000%,.10498,1.21,0.02,11756.8
GET /items?categoryId=1694,329,23,6,131,18.25,0.000%,.10965,1.37,0.02,12826.1
GET /items?categoryId=1695,422,23,6,106,15.28,0.000%,.14064,1.85,0.02,13462.9
GET /items?categoryId=1696,403,32,6,180,28.48,0.000%,.13431,1.86,0.02,14144.8
GET /items?categoryId=1697,475,25,8,121,20.27,0.000%,.15831,1.97,0.03,12771.6
GET /items?categoryId=1698,499,20,4,172,18.33,0.000%,.16630,2.05,0.03,12593.8
GET /items?categoryId=1699,410,19,5,215,18.64,0.000%,.13665,1.83,0.02,13750.8
GET /items?categoryId=1700,496,29,7,210,24.31,0.000%,.16532,2.28,0.03,14150.8
GET /items?categoryId=1701,362,20,7,101,16.94,0.000%,.12066,1.37,0.02,11598.8
GET /items?categoryId=1702,520,17,5,135,11.57,0.000%,.17332,2.03,0.03,11972.2
GET /items?categoryId=1703,475,20,7,143,9.13,0.000%,.15833,2.18,0.03,14126.4
GET /items?categoryId=1704,488,26,5,210,24.47,0.000%,.16266,2.11,0.03,13269.6
GET /items?categoryId=1705,467,22,7,94,13.19,0.000%,.15567,1.86,0.02,12229.9
GET /items?categoryId=1706,398,17,6,54,10.16,0.000%,.13267,1.69,0.02,13071.0
GET /items?categoryId=1707,413,23,7,133,18.74,0.000%,.13767,2.01,0.02,14947.0
GET /items?categoryId=1708,427,24,6,152,25.70,0.000%,.14234,1.65,0.02,11894.1
GET /items?categoryId=1709,435,18,6,79,11.19,0.000%,.14501,1.79,0.02,12662.1
GET /items?categoryId=1710,388,19,6,117,18.48,0.000%,.12934,1.63,0.02,12878.2
GET /items?categoryId=1711,378,23,6,214,26.13,0.000%,.12601,1.72,0.02,13974.3
GET /items?categoryId=1712,381,22,6,182,22.77,0.000%,.12702,1.60,0.02,12861.1
GET /items?categoryId=1713,412,20,6,142,16.67,0.000%,.13735,1.71,0.02,12758.5
GET /items?categoryId=1714,370,19,6,85,14.00,0.000%,.12335,1.48,0.02,12254.2
GET /items?categoryId=1715,325,21,7,73,8.45,0.000%,.10835,1.53,0.02,14423.9
GET /items?categoryId=1716,416,25,5,203,33.11,0.000%,.13869,1.72,0.02,12702.6
GET /items?categoryId=1717,450,23,7,133,14.00,0.000%,.15003,1.84,0.02,12525.8
GET /items?categoryId=1718,390,20,6,151,18.76,0.000%,.13002,1.65,0.02,13001.3
GET /items?categoryId=1719,422,19,6,141,16.46,0.000%,.14070,1.86,0.02,13515.6
GET /items?categoryId=1720,395,20,7,81,12.58,0.000%,.13170,1.82,0.02,14120.2
GET /items?categoryId=1721,414,25,5,164,33.99,0.000%,.13804,1.60,0.02,11850.8
GET /items?categoryId=1722,414,21,8,125,10.80,0.000%,.13804,1.80,0.02,13340.7
GET /items?categoryId=1723,352,21,6,56,10.33,0.000%,.11737,1.59,0.02,13914.5
GET /items?categoryId=1724,442,28,6,183,38.88,0.000%,.14738,1.94,0.02,13475.0
GET /items?categoryId=1725,376,21,5,265,36.33,0.000%,.12537,1.47,0.02,11971.7
GET /items?categoryId=1726,494,21,6,265,24.59,0.000%,.16471,2.00,0.03,12464.6
GET /items?categoryId=1727,396,21,7,136,13.93,0.000%,.13205,1.86,0.02,14432.9
GET /items?categoryId=1728,381,20,7,55,8.16,0.000%,.12705,1.62,0.02,13076.7
GET /items?categoryId=1729,340,14,6,37,5.58,0.000%,.11338,1.44,0.02,13026.2
GET /items?categoryId=1730,424,25,6,189,22.12,0.000%,.14139,1.81,0.02,13121.1
GET /items?categoryId=1731,444,25,7,158,23.76,0.000%,.14806,1.92,0.02,13249.6
GET /items?categoryId=1732,385,20,5,151,17.78,0.000%,.12838,1.66,0.02,13221.9
GET /items?categoryId=1733,383,21,5,157,22.19,0.000%,.12772,1.57,0.02,12613.9
GET /items?categoryId=1734,354,22,8,84,10.46,0.000%,.11806,1.54,0.02,13316.9
GET /items?categoryId=1735,503,19,5,208,19.93,0.000%,.16775,2.14,0.03,13039.0
GET /items?categoryId=1736,468,24,8,154,16.45,0.000%,.15607,2.12,0.02,13926.9
GET /items?categoryId=1737,408,22,7,61,10.20,0.000%,.13607,1.72,0.02,12937.7
GET /items?categoryId=1738,424,21,7,74,10.71,0.000%,.14140,1.82,0.02,13180.9
GET /items?categoryId=1739,494,20,5,140,15.96,0.000%,.16475,2.09,0.03,13013.5
GET /items?categoryId=1740,466,29,7,218,29.64,0.000%,.15541,2.04,0.02,13417.1
GET /items?categoryId=1741,399,25,8,136,23.26,0.000%,.13307,1.67,0.02,12820.1
GET /items?categoryId=1742,465,24,7,103,17.64,0.000%,.15509,1.97,0.02,12975.7
GET /items?categoryId=1743,391,23,5,243,25.25,0.000%,.13041,1.76,0.02,13812.2
GET /items?categoryId=1744,369,24,7,113,14.32,0.000%,.12308,1.66,0.02,13808.2
GET /items?categoryId=1745,387,31,7,255,40.63,0.000%,.12908,1.62,0.02,12860.8
GET /items?categoryId=1746,510,23,8,182,18.13,0.000%,.17012,2.14,0.03,12858.2
GET /items?categoryId=1747,508,21,5,162,22.13,0.000%,.16945,2.23,0.03,13457.3
GET /items?categoryId=1748,427,24,7,163,20.66,0.000%,.14244,1.89,0.02,13578.9
GET /items?categoryId=1749,381,17,5,69,9.78,0.000%,.12710,1.52,0.02,12254.8
GET /items?categoryId=1750,381,24,5,297,45.12,0.000%,.12710,1.44,0.02,11610.1
GET /items?categoryId=1751,508,29,7,298,40.54,0.000%,.16946,2.35,0.03,14203.8
GET /items?categoryId=1752,379,21,5,145,22.32,0.000%,.12644,1.60,0.02,12938.1
GET /items?categoryId=1753,482,21,5,105,18.99,0.000%,.16080,1.87,0.03,11878.9
GET /items?categoryId=1754,405,25,8,162,25.96,0.000%,.13512,1.82,0.02,13767.8
GET /items?categoryId=1755,391,21,4,170,21.72,0.000%,.13045,1.64,0.02,12877.7
GET /items?categoryId=1756,382,26,8,221,21.26,0.000%,.12746,1.61,0.02,12937.4
GET /items?categoryId=1757,465,25,7,99,16.01,0.000%,.15515,1.99,0.02,13160.0
GET /items?categoryId=1758,402,32,8,279,42.11,0.000%,.13413,1.73,0.02,13173.5
GET /items?categoryId=1759,497,20,5,152,17.10,0.000%,.16583,2.20,0.03,13606.1
GET /items?categoryId=1761,373,28,5,395,63.54,0.000%,.12446,1.54,0.02,12697.9
GET /items?categoryId=1760,309,24,7,100,16.21,0.000%,.10311,1.36,0.02,13493.8
GET /items?categoryId=1762,418,35,6,362,71.17,0.000%,.13948,1.58,0.02,11567.5
GET /items?categoryId=1763,425,19,5,125,17.27,0.000%,.14183,1.93,0.02,13946.4
GET /items?categoryId=1764,493,26,8,224,21.98,0.000%,.16452,2.12,0.03,13208.2
GET /items?categoryId=1765,463,20,5,101,14.54,0.000%,.15452,1.79,0.02,11873.8
GET /items?categoryId=1766,460,26,6,278,44.74,0.000%,.15352,1.98,0.02,13240.0
GET /items?categoryId=1767,471,26,6,261,47.79,0.000%,.15719,2.00,0.03,13039.8
GET /items?categoryId=1768,414,22,9,63,9.49,0.000%,.13818,1.68,0.02,12414.4
GET /items?categoryId=1769,399,26,5,149,21.52,0.000%,.13317,1.71,0.02,13113.3
GET /items?categoryId=1770,459,25,6,210,16.75,0.000%,.15320,2.09,0.02,13991.4
GET /items?categoryId=1771,443,23,5,235,22.88,0.000%,.14786,1.83,0.02,12666.5
GET /items?categoryId=1772,385,23,5,152,23.70,0.000%,.12851,1.60,0.02,12730.6
GET /items?categoryId=1773,473,25,6,266,26.04,0.000%,.15788,1.97,0.03,12768.8
GET /items?categoryId=1774,389,23,6,164,26.96,0.000%,.12985,1.73,0.02,13615.9
GET /items?categoryId=1775,503,15,5,57,7.74,0.000%,.16790,2.09,0.03,12753.7
GET /items?categoryId=1776,435,19,6,75,9.96,0.000%,.14520,1.83,0.02,12928.3
GET /items?categoryId=1777,446,19,5,152,16.21,0.000%,.14888,1.86,0.02,12791.2
GET /items?categoryId=1778,390,21,6,209,21.39,0.000%,.13018,1.73,0.02,13573.9
GET /items?categoryId=1779,423,20,5,239,17.39,0.000%,.14120,1.60,0.02,11632.7
GET /items?categoryId=1780,336,25,6,179,24.02,0.000%,.11217,1.49,0.02,13627.5
GET /items?categoryId=1781,329,18,5,60,12.13,0.000%,.10983,1.33,0.02,12438.2
GET /items?categoryId=1782,499,21,4,147,20.06,0.000%,.16658,2.28,0.03,13988.2
GET /items?categoryId=1783,449,19,6,95,14.02,0.000%,.14989,1.79,0.02,12244.9
GET /items?categoryId=1784,427,21,6,64,9.75,0.000%,.14256,1.89,0.02,13608.5
GET /items?categoryId=1785,326,21,7,197,13.53,0.000%,.10883,1.38,0.02,13002.7
GET /items?categoryId=1786,357,32,7,202,36.09,0.000%,.11918,1.59,0.02,13631.7
GET /items?categoryId=1787,404,29,7,147,25.29,0.000%,.13488,1.76,0.02,13355.7
GET /items?categoryId=1788,454,21,5,79,11.96,0.000%,.15158,1.96,0.02,13213.8
GET /items?categoryId=1789,350,21,6,178,20.39,0.000%,.11686,1.47,0.02,12857.6
GET /items?categoryId=1790,365,22,5,129,26.71,0.000%,.12187,1.58,0.02,13251.0
GET /items?categoryId=1791,514,24,5,155,20.25,0.000%,.17162,2.30,0.03,13696.0
GET /items?categoryId=1792,361,18,5,162,14.02,0.000%,.12054,1.47,0.02,12525.8
GET /items?categoryId=1793,442,21,6,218,14.81,0.000%,.14758,1.82,0.02,12631.2
GET /items?categoryId=1794,361,26,6,166,27.03,0.000%,.12054,1.71,0.02,14529.4
GET /items?categoryId=1795,451,17,5,66,10.79,0.000%,.15059,1.88,0.02,12817.5
GET /items?categoryId=1796,458,24,6,115,15.00,0.000%,.15293,1.97,0.02,13215.8
GET /items?categoryId=1797,449,19,6,110,16.61,0.000%,.14993,1.88,0.02,12819.3
GET /items?categoryId=1798,512,24,5,256,43.25,0.000%,.17097,2.25,0.03,13501.9
GET /items?categoryId=1799,424,30,6,154,30.23,0.000%,.14159,1.86,0.02,13427.1
GET /items?categoryId=1800,469,29,5,199,25.68,0.000%,.15662,1.94,0.03,12704.0
GET /items?categoryId=1801,443,18,6,106,13.48,0.000%,.14795,1.78,0.02,12304.0
GET /items?categoryId=1802,391,19,6,105,17.71,0.000%,.13058,1.73,0.02,13590.4
GET /items?categoryId=1803,508,25,5,238,37.10,0.000%,.16966,2.09,0.03,12590.6
GET /items?categoryId=1804,479,26,6,248,27.26,0.000%,.15997,2.03,0.03,12973.6
GET /items?categoryId=1805,389,19,5,116,12.30,0.000%,.12993,1.75,0.02,13756.9
GET /items?categoryId=1806,487,20,6,118,19.08,0.000%,.16266,2.12,0.03,13357.8
GET /items?categoryId=1807,444,23,6,158,25.79,0.000%,.14830,1.79,0.02,12385.6
GET /items?categoryId=1808,318,27,5,270,42.73,0.000%,.10622,1.41,0.02,13584.5
GET /items?categoryId=1809,350,33,5,251,57.76,0.000%,.11691,1.32,0.02,11584.8
GET /items?categoryId=1810,393,22,5,257,17.05,0.000%,.13127,1.74,0.02,13552.1
GET /items?categoryId=1811,471,18,4,78,12.34,0.000%,.15733,2.01,0.03,13102.1
GET /items?categoryId=1812,312,20,5,164,17.22,0.000%,.10422,1.32,0.02,12989.2
GET /items?categoryId=1813,474,27,6,196,29.82,0.000%,.15834,2.00,0.03,12939.1
GET /items?categoryId=1814,481,16,6,70,8.79,0.000%,.16068,2.01,0.03,12830.7
GET /items?categoryId=1815,487,19,6,218,15.23,0.000%,.16269,2.12,0.03,13356.4
GET /items?categoryId=1816,448,28,6,174,22.14,0.000%,.14967,1.87,0.02,12821.4
GET /items?categoryId=1817,504,26,5,173,20.72,0.000%,.16838,2.19,0.03,13341.2
GET /items?categoryId=1818,448,24,6,125,19.40,0.000%,.14967,1.99,0.02,13601.4
GET /items?categoryId=1819,475,17,5,59,10.16,0.000%,.15869,2.03,0.03,13116.1
GET /items?categoryId=1820,432,19,5,148,19.01,0.000%,.14433,1.71,0.02,12134.2
GET /items?categoryId=1821,386,20,5,203,20.43,0.000%,.12896,1.67,0.02,13259.8
GET /items?categoryId=1822,435,21,7,57,8.79,0.000%,.14533,1.85,0.02,13018.6
GET /items?categoryId=1823,422,23,5,208,29.91,0.000%,.14099,1.88,0.02,13636.7
GET /items?categoryId=1824,464,26,5,167,28.62,0.000%,.15503,1.77,0.02,11707.6
GET /items?categoryId=1825,393,29,6,174,26.61,0.000%,.13131,1.74,0.02,13565.1
GET /items?categoryId=1826,353,24,8,116,14.17,0.000%,.11795,1.57,0.02,13610.3
GET /items?categoryId=1827,450,18,5,82,11.55,0.000%,.15036,1.84,0.02,12529.7
GET /items?categoryId=1828,455,19,5,201,19.60,0.000%,.15203,1.90,0.02,12803.0
GET /items?categoryId=1829,391,37,8,216,47.60,0.000%,.13065,1.74,0.02,13613.1
GET /items?categoryId=1830,508,24,7,193,21.18,0.000%,.16975,2.28,0.03,13726.6
GET /items?categoryId=1831,487,28,6,213,34.85,0.000%,.16273,2.11,0.03,13252.4
GET /items?categoryId=1832,361,29,6,163,28.23,0.000%,.12063,1.48,0.02,12541.2
GET /items?categoryId=1833,377,21,6,115,18.39,0.000%,.12598,1.54,0.02,12494.2
GET /items?categoryId=1834,404,25,7,133,17.02,0.000%,.13501,1.83,0.02,13876.5
GET /items?categoryId=1835,450,16,5,51,8.25,0.000%,.15037,1.88,0.02,12799.8
GET /items?categoryId=1836,406,16,6,64,9.45,0.000%,.13568,1.58,0.02,11893.1
GET /items?categoryId=1837,474,25,7,189,27.44,0.000%,.15840,2.18,0.03,14081.4
GET /items?categoryId=1838,442,25,9,188,26.79,0.000%,.14771,1.95,0.02,13552.2
GET /items?categoryId=1839,477,22,6,202,20.64,0.000%,.15941,1.93,0.03,12385.1
GET /items?categoryId=1840,424,29,6,204,37.10,0.000%,.14169,1.92,0.02,13877.2
GET /items?categoryId=1841,490,29,7,171,25.07,0.000%,.16375,2.19,0.03,13668.2
GET /items?categoryId=1842,444,27,8,152,25.91,0.000%,.14838,1.95,0.02,13478.3
GET /items?categoryId=1843,405,18,5,79,13.07,0.000%,.13535,1.61,0.02,12154.7
GET /items?categoryId=1844,295,17,6,197,17.15,0.000%,.09859,1.15,0.02,11965.4
GET /items?categoryId=1845,540,26,7,166,23.23,0.000%,.18047,2.37,0.03,13437.6
GET /items?categoryId=1846,339,25,7,224,20.99,0.000%,.11329,1.53,0.02,13857.2
GET /items?categoryId=1847,395,24,7,182,18.45,0.000%,.13201,1.59,0.02,12325.1
GET /items?categoryId=1848,291,26,5,176,38.63,0.000%,.09726,1.21,0.02,12734.6
GET /items?categoryId=1849,429,24,6,127,21.30,0.000%,.14338,1.96,0.02,13968.1
GET /items?categoryId=1850,465,28,5,152,21.23,0.000%,.15541,2.10,0.02,13816.2
GET /items?categoryId=1851,356,29,7,166,21.05,0.000%,.11898,1.36,0.02,11680.2
GET /items?categoryId=1852,363,17,6,134,12.07,0.000%,.12132,1.59,0.02,13381.9
GET /items?categoryId=1853,427,18,6,207,21.46,0.000%,.14271,1.80,0.02,12941.0
GET /items?categoryId=1854,373,26,8,110,19.95,0.000%,.12467,1.67,0.02,13733.2
GET /items?categoryId=1855,432,33,7,238,30.76,0.000%,.14438,1.81,0.02,12862.4
GET /items?categoryId=1856,448,30,6,161,27.94,0.000%,.14974,2.00,0.02,13659.2
GET /items?categoryId=1858,445,20,6,169,21.12,0.000%,.14874,1.95,0.02,13413.3
GET /items?categoryId=1857,298,24,5,112,16.10,0.000%,.09960,1.23,0.02,12598.7
GET /items?categoryId=1859,374,23,6,92,16.04,0.000%,.12500,1.61,0.02,13154.8
GET /items?categoryId=1860,408,27,5,154,25.41,0.000%,.13637,1.82,0.02,13633.1
GET /items?categoryId=1861,439,26,6,266,41.31,0.000%,.14673,1.81,0.02,12605.9
GET /items?categoryId=1862,386,33,6,269,55.41,0.000%,.12902,1.75,0.02,13897.6
GET /items?categoryId=1863,348,23,6,140,24.03,0.000%,.11632,1.38,0.02,12147.4
GET /items?categoryId=1864,523,21,6,65,10.79,0.000%,.17482,2.21,0.03,12922.2
GET /items?categoryId=1865,452,22,5,164,30.10,0.000%,.15109,1.97,0.02,13384.8
GET /items?categoryId=1866,495,16,6,72,9.12,0.000%,.16546,2.09,0.03,12933.5
GET /items?categoryId=1867,370,24,6,193,16.63,0.000%,.12368,1.63,0.02,13498.0
GET /items?categoryId=1868,337,27,5,148,18.93,0.000%,.11265,1.47,0.02,13342.2
GET /items?categoryId=1869,374,26,5,171,30.27,0.000%,.12502,1.58,0.02,12981.9
GET /items?categoryId=1870,408,24,5,72,11.04,0.000%,.13639,1.77,0.02,13266.3
GET /items?categoryId=1871,360,17,6,58,8.21,0.000%,.12034,1.48,0.02,12570.8
GET /items?categoryId=1872,470,17,5,209,16.36,0.000%,.15711,1.94,0.03,12629.6
GET /items?categoryId=1873,439,16,5,68,8.08,0.000%,.14675,1.84,0.02,12831.1
GET /items?categoryId=1874,421,24,6,182,20.40,0.000%,.14073,1.90,0.02,13825.0
GET /items?categoryId=1875,416,21,5,74,10.41,0.000%,.13906,1.70,0.02,12536.3
GET /items?categoryId=1876,425,23,6,147,17.26,0.000%,.14207,1.79,0.02,12898.0
GET /items?categoryId=1877,381,23,6,203,23.43,0.000%,.12737,1.72,0.02,13846.5
GET /items?categoryId=1878,435,27,8,154,19.86,0.000%,.14542,1.88,0.02,13255.8
GET /items?categoryId=1879,365,28,7,128,23.74,0.000%,.12202,1.58,0.02,13221.3
GET /items?categoryId=1880,408,25,6,176,20.01,0.000%,.13639,1.72,0.02,12888.2
GET /items?categoryId=1881,352,20,5,111,19.18,0.000%,.11768,1.58,0.02,13731.5
GET /items?categoryId=1882,503,22,6,160,15.70,0.000%,.16815,2.20,0.03,13393.4
GET /items?categoryId=1883,314,21,7,72,9.08,0.000%,.10497,1.32,0.02,12864.0
GET /items?categoryId=1884,408,16,6,65,8.89,0.000%,.13640,1.69,0.02,12694.8
GET /items?categoryId=1885,344,25,6,175,19.87,0.000%,.11501,1.39,0.02,12386.5
GET /items?categoryId=1886,475,24,6,192,22.34,0.000%,.15880,2.23,0.03,14349.7
GET /items?categoryId=1887,336,22,6,102,17.39,0.000%,.11234,1.37,0.02,12526.7
GET /items?categoryId=1888,435,22,6,242,24.74,0.000%,.14543,1.75,0.02,12291.6
GET /items?categoryId=1889,452,20,5,241,24.64,0.000%,.15112,1.83,0.02,12371.5
GET /items?categoryId=1890,317,22,7,78,11.20,0.000%,.10599,1.48,0.02,14275.7
GET /items?categoryId=1891,453,22,5,168,27.59,0.000%,.15146,1.96,0.02,13222.0
GET /items?categoryId=1892,463,27,6,173,24.45,0.000%,.15480,1.89,0.02,12503.9
GET /items?categoryId=1893,488,21,6,212,14.97,0.000%,.16316,2.23,0.03,14021.3
GET /items?categoryId=1894,336,22,6,202,21.15,0.000%,.11234,1.40,0.02,12752.6
GET /items?categoryId=1895,441,22,5,162,21.65,0.000%,.14745,1.90,0.02,13218.6
GET /items?categoryId=1896,453,36,9,206,38.55,0.000%,.15146,1.89,0.02,12757.2
GET /items?categoryId=1897,458,24,7,105,14.71,0.000%,.15314,1.93,0.02,12927.4
GET /items?categoryId=1898,464,26,8,190,28.48,0.000%,.15515,2.10,0.02,13884.2
GET /items?categoryId=1899,453,31,7,200,38.68,0.000%,.15147,2.05,0.02,13850.4
GET /items?categoryId=1900,390,21,6,92,12.89,0.000%,.13041,1.55,0.02,12187.2
GET /items?categoryId=1901,373,18,5,200,20.26,0.000%,.12472,1.51,0.02,12358.4
GET /items?categoryId=1902,393,15,5,61,9.35,0.000%,.13141,1.73,0.02,13503.0
GET /items?categoryId=1903,418,21,6,239,15.63,0.000%,.13977,1.87,0.02,13719.4
GET /items?categoryId=1904,452,23,5,169,20.76,0.000%,.15114,1.90,0.02,12865.8
GET /items?categoryId=1905,442,20,6,148,16.86,0.000%,.14780,1.84,0.02,12734.4
GET /items?categoryId=1906,340,21,7,58,10.75,0.000%,.11370,1.52,0.02,13679.1
GET /items?categoryId=1907,477,22,8,203,13.01,0.000%,.15951,2.06,0.03,13217.5
GET /items?categoryId=1908,393,23,8,61,10.40,0.000%,.13142,1.77,0.02,13761.8
GET /items?categoryId=1909,362,23,6,186,30.89,0.000%,.12105,1.36,0.02,11513.6
GET /items?categoryId=1910,465,21,6,192,13.41,0.000%,.15550,2.08,0.02,13672.8
GET /items?categoryId=1911,369,16,5,166,13.73,0.000%,.12340,1.62,0.02,13458.5
GET /items?categoryId=1912,469,28,6,187,26.42,0.000%,.15684,1.92,0.03,12564.4
GET /items?categoryId=1913,487,21,5,189,22.99,0.000%,.16286,2.00,0.03,12577.1
GET /items?categoryId=1914,375,23,8,82,11.43,0.000%,.12540,1.67,0.02,13632.0
GET /items?categoryId=1915,484,17,5,79,9.27,0.000%,.16186,2.07,0.03,13068.0
GET /items?categoryId=1916,376,18,5,69,11.30,0.000%,.12575,1.48,0.02,12043.8
GET /items?categoryId=1917,519,20,5,219,19.45,0.000%,.17357,2.24,0.03,13244.6
GET /items?categoryId=1918,418,16,5,79,8.64,0.000%,.13979,1.69,0.02,12408.3
GET /items?categoryId=1919,463,24,8,233,19.49,0.000%,.15484,2.04,0.02,13487.6
GET /items?categoryId=1920,406,22,7,86,12.52,0.000%,.13578,1.79,0.02,13499.5
GET /items?categoryId=1921,417,25,7,114,15.61,0.000%,.13946,1.81,0.02,13313.0
GET /items?categoryId=1922,373,25,5,126,26.87,0.000%,.12474,1.52,0.02,12447.4
GET /items?categoryId=1923,508,22,6,110,13.09,0.000%,.16989,2.23,0.03,13420.7
GET /items?categoryId=1924,456,20,5,104,15.89,0.000%,.15251,1.85,0.02,12434.6
GET /items?categoryId=1925,477,28,6,213,39.64,0.000%,.15953,1.91,0.03,12267.0
GET /items?categoryId=1926,403,25,7,260,21.40,0.000%,.13478,1.78,0.02,13558.0
GET /items?categoryId=1927,420,26,5,131,16.86,0.000%,.14047,1.77,0.02,12875.9
GET /items?categoryId=1928,327,18,5,70,10.54,0.000%,.10937,1.47,0.02,13791.2
GET /items?categoryId=1929,360,17,6,64,9.13,0.000%,.12040,1.59,0.02,13480.7
GET /items?categoryId=1930,321,30,9,163,26.36,0.000%,.10736,1.37,0.02,13065.6
GET /items?categoryId=1931,484,26,7,114,21.00,0.000%,.16188,2.04,0.03,12891.0
GET /items?categoryId=1932,481,22,8,91,13.20,0.000%,.16087,2.19,0.03,13915.8
GET /items?categoryId=1933,471,22,5,235,31.95,0.000%,.15753,1.90,0.03,12374.8
GET /items?categoryId=1934,398,19,5,173,15.62,0.000%,.13312,1.61,0.02,12362.0
GET /items?categoryId=1935,395,16,5,56,7.59,0.000%,.13212,1.71,0.02,13220.5
GET /items?categoryId=1936,421,19,5,117,13.68,0.000%,.14081,1.57,0.02,11441.1
GET /items?categoryId=1937,475,18,6,62,8.72,0.000%,.15887,2.01,0.03,12973.7
GET /items?categoryId=1938,443,25,9,184,20.28,0.000%,.14817,1.99,0.02,13781.5
GET /items?categoryId=1939,434,18,6,172,13.00,0.000%,.14516,1.81,0.02,12782.2
GET /items?categoryId=1940,335,23,5,212,34.37,0.000%,.11205,1.35,0.02,12320.2
GET /items?categoryId=1941,415,25,5,212,39.40,0.000%,.13881,1.79,0.02,13221.4
GET /items?categoryId=1942,485,20,5,122,18.12,0.000%,.16222,2.05,0.03,12917.1
GET /items?categoryId=1943,442,19,5,88,14.96,0.000%,.14784,1.81,0.02,12566.4
GET /items?categoryId=1944,417,21,8,85,11.41,0.000%,.13948,1.86,0.02,13649.3
GET /items?categoryId=1945,365,24,7,126,16.30,0.000%,.12209,1.51,0.02,12687.5
GET /items?categoryId=1946,419,20,4,186,15.78,0.000%,.14015,1.83,0.02,13337.6
GET /items?categoryId=1947,355,29,9,207,26.36,0.000%,.11875,1.53,0.02,13231.2
GET /items?categoryId=1948,410,34,8,181,36.06,0.000%,.13714,1.77,0.02,13182.5
GET /items?categoryId=1949,457,22,5,201,21.42,0.000%,.15286,1.83,0.02,12249.0
GET /items?categoryId=1950,355,18,5,65,11.39,0.000%,.11875,1.63,0.02,14062.7
GET /items?categoryId=1951,459,17,5,60,9.91,0.000%,.15354,1.94,0.02,12943.3
GET /items?categoryId=1952,352,15,5,39,5.87,0.000%,.11775,1.49,0.02,12923.4
GET /items?categoryId=1953,533,17,5,83,11.29,0.000%,.17830,2.10,0.03,12076.9
GET /items?categoryId=1954,442,18,5,83,13.34,0.000%,.14786,1.94,0.02,13443.7
GET /items?categoryId=1955,418,32,8,217,39.57,0.000%,.13983,1.87,0.02,13679.6
GET /items?categoryId=1956,386,21,6,223,21.88,0.000%,.12912,1.63,0.02,12964.2
GET /items?categoryId=1957,415,30,6,182,30.01,0.000%,.13882,1.69,0.02,12440.1
GET /items?categoryId=1958,410,17,6,134,13.62,0.000%,.13716,1.86,0.02,13870.7
GET /items?categoryId=1959,323,17,7,50,6.86,0.000%,.10805,1.38,0.02,13124.1
GET /items?categoryId=1960,354,14,5,31,5.09,0.000%,.11842,1.49,0.02,12924.3
GET /items?categoryId=1961,503,13,5,37,5.20,0.000%,.16827,1.89,0.03,11486.3
GET /items?categoryId=1962,390,15,5,134,9.17,0.000%,.13047,1.75,0.02,13760.2
GET /items?categoryId=1963,406,21,6,199,19.95,0.000%,.13582,1.84,0.02,13836.0
GET /items?categoryId=1964,349,26,6,235,32.18,0.000%,.11675,1.55,0.02,13570.3
GET /items?categoryId=1965,368,19,5,191,20.73,0.000%,.12310,1.39,0.02,11551.1
GET /items?categoryId=1966,434,23,5,135,16.50,0.000%,.14518,1.88,0.02,13288.1
GET /items?categoryId=1967,493,15,5,147,10.77,0.000%,.16492,2.20,0.03,13641.1
GET /items?categoryId=1968,378,13,5,26,4.73,0.000%,.12645,1.64,0.02,13276.2
GET /items?categoryId=1969,505,18,7,36,5.64,0.000%,.16893,2.17,0.03,13160.5
GET /items?categoryId=1970,490,25,5,185,38.23,0.000%,.16391,2.00,0.03,12519.0
GET /items?categoryId=1971,365,26,7,199,32.39,0.000%,.12210,1.64,0.02,13774.9
GET /items?categoryId=1972,453,25,6,197,32.92,0.000%,.15154,1.94,0.02,13124.8
GET /items?categoryId=1973,411,23,6,163,17.94,0.000%,.13748,1.69,0.02,12598.9
GET /items?categoryId=1974,485,26,6,149,24.86,0.000%,.16224,2.15,0.03,13577.4
GET /items?categoryId=1975,488,20,6,61,8.04,0.000%,.16324,2.20,0.03,13821.6
GET /items?categoryId=1976,312,19,5,47,8.11,0.000%,.10437,1.32,0.02,12918.9
GET /items?categoryId=1977,497,17,7,46,5.77,0.000%,.16625,2.15,0.03,13231.7
GET /items?categoryId=1978,338,19,6,172,14.81,0.000%,.11306,1.46,0.02,13251.7
GET /items?categoryId=1979,507,15,5,186,13.17,0.000%,.16959,2.19,0.03,13242.8
GET /items?categoryId=1980,450,18,5,212,24.80,0.000%,.15053,1.89,0.02,12867.0
GET /items?categoryId=1981,356,17,5,97,9.46,0.000%,.11909,1.44,0.02,12417.6
GET /items?categoryId=1982,391,21,6,50,8.06,0.000%,.13079,1.70,0.02,13322.0
GET /items?categoryId=1983,324,19,5,118,20.40,0.000%,.10838,1.42,0.02,13447.7
GET /items?categoryId=1984,391,20,7,44,6.69,0.000%,.13079,1.71,0.02,13371.1
GET /items?categoryId=1985,479,18,6,68,7.23,0.000%,.16022,2.04,0.03,13019.6
GET /items?categoryId=1986,460,28,6,254,40.19,0.000%,.15387,1.92,0.02,12793.7
GET /items?categoryId=1987,439,15,5,45,6.72,0.000%,.14684,2.00,0.02,13942.4
GET /items?categoryId=1988,417,16,6,221,17.71,0.000%,.13949,1.69,0.02,12393.0
GET /items?categoryId=1989,425,19,6,211,26.95,0.000%,.14216,1.83,0.02,13197.6
GET /items?categoryId=1990,447,17,6,192,12.46,0.000%,.14952,1.87,0.02,12812.0
GET /items?categoryId=1991,453,17,5,140,11.21,0.000%,.15153,1.93,0.02,13065.2
GET /items?categoryId=1992,403,17,5,140,15.95,0.000%,.13480,1.60,0.02,12120.5
GET /items?categoryId=1993,439,17,5,157,15.64,0.000%,.14684,1.86,0.02,12999.0
GET /items?categoryId=1994,346,16,5,79,7.16,0.000%,.11574,1.48,0.02,13091.9
GET /items?categoryId=1995,440,24,7,172,24.65,0.000%,.14717,1.93,0.02,13460.7
GET /items?categoryId=1996,472,22,6,219,16.16,0.000%,.15788,1.98,0.03,12827.9
GET /items?categoryId=1997,420,16,6,172,17.81,0.000%,.14048,1.67,0.02,12175.5
GET /items?categoryId=1998,389,29,6,170,31.71,0.000%,.13012,1.77,0.02,13897.2
GET /items?categoryId=1999,376,18,6,47,10.52,0.000%,.12577,1.66,0.02,13529.0
GET /items?categoryId=2000,445,29,5,322,57.89,2.022%,.14885,1.83,0.02,12592.5
TOTAL,1321733,16,0,563,21.79,0.399%,392.11744,3567.18,59.22,9315.6
