Label,# Samples,Average,Median,90% Line,95% Line,99% Line,Min,Max,Error %,Throughput,Received KB/sec,Sent KB/sec
GET /items?categoryId=1,370,21,14,30,51,101,5,563,0.000%,.18225,0.89,0.03
GET /items/{id},262113,8,3,18,29,99,0,483,0.255%,122.83025,34.13,16.32
GET /items?categoryId=2,363,14,12,25,28,38,6,39,0.000%,.17906,1.08,0.03
GET /items?categoryId=3,348,15,11,22,23,107,5,191,0.000%,.17177,1.03,0.03
GET /items?categoryId=4,370,22,12,29,78,195,5,211,0.000%,.18271,0.97,0.03
GET /items?categoryId=5,301,15,13,24,29,38,5,44,0.000%,.14869,0.79,0.02
GET /items?categoryId=6,349,26,13,26,193,200,6,204,0.000%,.17244,0.87,0.03
GET /items?categoryId=7,284,13,10,22,28,39,6,40,0.000%,.14036,0.81,0.02
GET /items?categoryId=8,358,16,12,27,33,122,5,142,0.000%,.17698,1.08,0.03
GET /items?categoryId=9,342,14,11,24,27,46,5,154,0.000%,.16911,0.88,0.03
GET /items?categoryId=10,404,17,12,33,38,47,5,168,0.000%,.19981,1.23,0.03
GET /items?categoryId=11,396,14,12,24,27,34,5,209,0.000%,.19590,1.20,0.03
GET /items?categoryId=12,299,17,12,31,37,157,5,177,0.000%,.14795,0.91,0.02
GET /items?categoryId=13,316,15,12,29,35,54,5,73,0.000%,.15639,0.96,0.02
GET /items?categoryId=14,389,16,13,22,26,37,5,285,0.000%,.19255,1.19,0.03
GET /items?categoryId=15,363,24,12,37,65,285,5,295,0.000%,.17970,1.10,0.03
GET /items?categoryId=16,272,14,11,27,28,36,6,42,0.000%,.13468,0.83,0.02
GET /items?categoryId=17,275,13,11,23,28,39,5,40,0.000%,.13618,0.74,0.02
GET /items?categoryId=18,323,14,11,28,32,43,5,90,0.000%,.15996,0.98,0.03
GET /items?categoryId=19,385,16,12,29,31,75,5,266,0.000%,.19070,1.18,0.03
GET /items?categoryId=20,353,14,12,26,30,40,5,40,0.000%,.17487,1.07,0.03
GET /items?categoryId=21,381,15,12,24,32,39,5,145,0.000%,.18877,1.17,0.03
GET /items?categoryId=22,432,15,11,28,36,49,6,228,0.000%,.21406,1.13,0.03
GET /items?categoryId=23,311,20,12,39,49,147,5,159,0.000%,.15412,0.90,0.02
GET /items?categoryId=24,352,14,11,25,33,55,5,62,0.000%,.17445,1.05,0.03
GET /items?categoryId=25,323,15,12,30,32,42,5,43,0.000%,.16010,0.86,0.03
GET /items?categoryId=26,356,17,14,26,31,39,5,265,0.000%,.17648,0.93,0.03
GET /items?categoryId=27,397,21,14,33,39,178,5,197,0.000%,.19682,1.13,0.03
GET /items?categoryId=28,275,14,11,23,31,72,5,157,0.000%,.13635,0.85,0.02
GET /items?categoryId=29,283,16,11,20,27,207,5,295,0.000%,.14033,0.79,0.02
GET /items?categoryId=30,336,18,14,32,48,73,5,95,0.000%,.16663,1.03,0.03
GET /items?categoryId=31,337,16,14,31,35,45,5,47,0.000%,.16714,0.97,0.03
GET /items?categoryId=32,375,17,12,27,29,134,5,153,0.000%,.18599,1.15,0.03
GET /items?categoryId=33,341,15,13,22,26,62,5,72,0.000%,.16915,1.05,0.03
GET /items?categoryId=34,329,18,12,28,47,154,5,174,0.000%,.16321,0.95,0.03
GET /items?categoryId=35,355,15,13,26,32,46,5,96,0.000%,.17613,0.99,0.03
GET /items?categoryId=36,318,18,12,32,33,245,5,289,0.000%,.15779,0.92,0.02
GET /items?categoryId=37,269,19,12,31,35,245,5,247,0.000%,.13349,0.83,0.02
GET /items?categoryId=38,293,13,11,24,28,37,5,37,0.000%,.14541,0.87,0.02
GET /items?categoryId=39,369,16,13,23,30,35,5,214,0.000%,.18314,1.13,0.03
GET /items?categoryId=40,355,14,13,22,27,32,5,35,0.000%,.17621,0.91,0.03
GET /items?categoryId=41,236,13,11,21,27,35,5,83,0.000%,.11714,0.62,0.02
GET /items?categoryId=42,318,14,12,22,24,80,5,113,0.000%,.15786,0.99,0.02
GET /items?categoryId=43,424,16,14,30,33,41,5,64,0.000%,.21049,1.32,0.03
GET /items?categoryId=44,342,17,15,28,57,59,5,63,0.000%,.16980,0.92,0.03
GET /items?categoryId=45,235,15,12,26,33,58,5,100,0.000%,.11668,0.72,0.02
GET /items?categoryId=46,284,14,12,25,28,33,5,44,0.000%,.14102,0.88,0.02
GET /items?categoryId=47,336,23,12,31,48,201,5,209,0.000%,.16685,1.04,0.03
GET /items?categoryId=48,310,23,14,29,37,208,5,208,0.000%,.15396,0.95,0.02
GET /items?categoryId=49,367,16,14,27,31,43,5,44,0.000%,.18227,1.13,0.03
GET /items?categoryId=50,309,16,13,30,40,51,4,102,0.000%,.15347,0.93,0.02
GET /items?categoryId=51,320,30,12,31,260,292,5,293,0.000%,.15894,0.98,0.02
GET /items?categoryId=52,323,15,13,24,30,40,5,291,0.000%,.16045,0.99,0.03
GET /items?categoryId=53,443,14,13,23,29,36,5,40,0.000%,.22007,1.36,0.03
GET /items?categoryId=54,283,14,12,23,33,38,5,39,0.000%,.14060,0.87,0.02
GET /items?categoryId=55,346,21,12,22,65,177,5,182,0.000%,.17190,1.07,0.03
GET /items?categoryId=56,380,21,13,32,41,169,5,172,0.000%,.18881,1.11,0.03
GET /items?categoryId=57,338,15,14,23,35,41,5,45,0.000%,.16795,1.04,0.03
GET /items?categoryId=58,383,18,12,28,37,162,5,246,0.000%,.19032,1.18,0.03
GET /items?categoryId=59,291,19,13,24,44,150,5,181,0.000%,.14461,0.90,0.02
GET /items?categoryId=60,311,14,12,26,34,46,5,46,0.000%,.15455,0.82,0.02
GET /items?categoryId=61,401,14,13,23,28,38,5,49,0.000%,.19928,1.19,0.03
GET /items?categoryId=62,325,14,13,24,27,35,5,42,0.000%,.16153,0.97,0.03
GET /items?categoryId=63,392,17,13,32,37,52,5,166,0.000%,.19484,1.18,0.03
GET /items?categoryId=64,397,19,17,38,45,47,5,177,0.000%,.19733,1.11,0.03
GET /items?categoryId=65,330,19,15,33,38,133,6,173,0.000%,.16404,0.88,0.03
GET /items?categoryId=66,394,18,13,28,32,139,6,201,0.000%,.19585,1.21,0.03
GET /items?categoryId=67,268,19,12,22,49,173,5,202,0.000%,.13323,0.75,0.02
GET /items?categoryId=68,412,14,12,24,29,36,4,39,0.000%,.20483,1.15,0.03
GET /items?categoryId=69,387,16,13,26,35,38,6,38,0.000%,.19241,1.19,0.03
GET /items?categoryId=70,253,13,11,25,28,36,5,38,0.000%,.12579,0.64,0.02
GET /items?categoryId=71,312,22,13,27,61,284,5,298,0.000%,.15513,0.96,0.02
GET /items?categoryId=72,284,32,12,45,222,274,4,275,0.000%,.14122,0.81,0.02
GET /items?categoryId=73,290,17,13,24,31,176,5,202,0.000%,.14421,0.73,0.02
GET /items?categoryId=74,320,16,13,30,32,42,5,64,0.000%,.15914,0.95,0.03
GET /items?categoryId=75,394,14,12,25,32,43,5,163,0.000%,.19592,1.22,0.03
GET /items?categoryId=76,413,16,13,29,34,83,5,150,0.000%,.20538,1.27,0.03
GET /items?categoryId=77,283,13,12,24,31,39,5,39,0.000%,.14075,0.74,0.02
GET /items?categoryId=78,338,12,12,19,20,25,5,27,0.000%,.16811,1.04,0.03
GET /items?categoryId=79,280,11,11,17,22,27,5,139,0.000%,.13926,0.74,0.02
GET /items?categoryId=80,342,20,11,27,44,233,5,240,0.000%,.17011,1.05,0.03
GET /items?categoryId=81,313,18,13,26,44,171,5,198,0.000%,.15569,0.96,0.02
GET /items?categoryId=82,329,13,12,20,26,39,5,44,0.000%,.16366,0.99,0.03
GET /items?categoryId=83,280,13,12,22,26,34,5,35,0.000%,.13929,0.87,0.02
GET /items?categoryId=84,320,16,11,26,34,191,5,200,0.000%,.15918,0.82,0.03
GET /items?categoryId=85,359,15,13,23,31,37,5,52,0.000%,.17859,1.10,0.03
GET /items?categoryId=86,351,15,14,28,34,37,5,38,0.000%,.17462,1.08,0.03
GET /items?categoryId=87,311,15,12,22,26,40,5,301,0.000%,.15473,0.78,0.02
GET /items?categoryId=88,272,15,12,19,25,38,5,301,0.000%,.13533,0.84,0.02
GET /items?categoryId=89,410,18,12,28,37,180,5,181,0.000%,.20398,1.27,0.03
GET /items?categoryId=90,294,17,13,33,37,50,5,52,0.000%,.14629,0.74,0.02
GET /items?categoryId=91,368,15,12,29,36,49,5,54,0.000%,.18311,0.94,0.03
GET /items?categoryId=92,366,16,12,25,36,147,5,209,0.000%,.18210,1.13,0.03
GET /items?categoryId=93,395,15,12,27,33,50,4,209,0.000%,.19654,1.22,0.03
GET /items?categoryId=94,299,17,17,29,35,45,5,50,0.000%,.14879,0.92,0.02
GET /items?categoryId=95,330,20,14,29,35,194,4,245,0.000%,.16421,1.02,0.03
GET /items?categoryId=96,318,16,12,25,34,139,5,174,0.000%,.15824,0.98,0.02
GET /items?categoryId=97,375,16,13,26,38,50,5,190,0.000%,.18662,1.16,0.03
GET /items?categoryId=98,340,16,13,33,40,50,5,130,0.000%,.16921,0.91,0.03
GET /items?categoryId=99,421,18,13,33,40,92,5,126,0.000%,.20953,1.29,0.03
GET /items?categoryId=100,373,19,12,31,40,217,5,219,0.000%,.18563,1.16,0.03
GET /items?categoryId=101,381,16,13,27,35,47,5,191,0.000%,.18961,1.19,0.03
GET /items?categoryId=102,412,15,12,24,32,55,5,192,0.000%,.20505,1.15,0.03
GET /items?categoryId=103,356,14,12,26,34,44,4,57,0.000%,.17720,1.11,0.03
GET /items?categoryId=104,272,13,12,18,21,45,5,55,0.000%,.13539,0.69,0.02
GET /items?categoryId=105,408,15,12,25,36,81,4,113,0.000%,.20308,1.26,0.03
GET /items?categoryId=106,377,16,12,24,49,111,5,160,0.000%,.18767,1.15,0.03
GET /items?categoryId=107,339,19,12,27,39,206,4,213,0.000%,.16873,0.90,0.03
GET /items?categoryId=108,257,14,11,22,33,35,5,210,0.000%,.12793,0.75,0.02
GET /items?categoryId=109,402,14,13,26,32,39,5,41,0.000%,.20011,1.19,0.03
GET /items?categoryId=110,447,13,12,21,25,39,5,40,0.000%,.22252,1.39,0.04
GET /items?categoryId=111,300,13,12,20,25,33,4,45,0.000%,.14935,0.78,0.02
GET /items?categoryId=112,372,13,12,19,24,66,5,96,0.000%,.18519,1.05,0.03
GET /items?categoryId=113,345,21,14,30,63,157,5,214,0.000%,.17176,1.07,0.03
GET /items?categoryId=114,441,16,14,24,27,54,4,72,0.000%,.21956,1.17,0.03
GET /items?categoryId=115,360,15,12,27,31,48,5,86,0.000%,.17925,1.12,0.03
GET /items?categoryId=116,355,15,13,23,34,39,5,202,0.000%,.17674,1.10,0.03
GET /items?categoryId=117,403,15,13,25,28,41,5,41,0.000%,.20065,1.16,0.03
GET /items?categoryId=118,355,14,12,25,29,38,5,41,0.000%,.17676,1.10,0.03
GET /items?categoryId=119,260,16,12,41,47,50,5,50,0.000%,.12946,0.81,0.02
GET /items?categoryId=120,328,12,12,18,22,31,5,35,0.000%,.16332,1.02,0.03
GET /items?categoryId=121,318,23,14,37,72,153,5,191,0.000%,.15835,0.99,0.03
GET /items?categoryId=122,366,16,13,28,32,46,5,98,0.000%,.18225,1.15,0.03
GET /items?categoryId=123,302,15,13,25,33,64,5,154,0.000%,.15039,0.85,0.02
GET /items?categoryId=124,370,17,13,25,30,130,4,169,0.000%,.18424,1.09,0.03
GET /items?categoryId=125,345,16,14,26,38,52,5,53,0.000%,.17179,1.01,0.03
GET /items?categoryId=126,311,15,14,27,32,41,5,41,0.000%,.15487,0.97,0.02
GET /items?categoryId=127,402,13,12,21,25,36,4,36,0.000%,.20018,1.24,0.03
GET /items?categoryId=128,305,14,12,23,27,40,5,46,0.000%,.15188,0.95,0.02
GET /items?categoryId=129,419,15,13,27,34,45,5,147,0.000%,.20866,1.30,0.03
GET /items?categoryId=130,421,16,14,27,32,44,5,144,0.000%,.20966,1.31,0.03
GET /items?categoryId=131,396,15,13,26,32,36,5,121,0.000%,.19722,1.23,0.03
GET /items?categoryId=132,348,20,13,26,39,185,5,194,0.000%,.17330,1.00,0.03
GET /items?categoryId=133,460,15,14,23,25,54,5,151,0.000%,.22908,1.22,0.04
GET /items?categoryId=134,360,15,12,25,36,51,5,60,0.000%,.17929,0.91,0.03
GET /items?categoryId=135,312,15,12,27,32,45,6,58,0.000%,.15539,0.97,0.02
GET /items?categoryId=136,282,14,14,23,25,28,6,29,0.000%,.14045,0.88,0.02
GET /items?categoryId=137,308,14,12,23,34,42,5,101,0.000%,.15340,0.87,0.02
GET /items?categoryId=138,404,18,14,34,40,92,6,113,0.000%,.20122,1.25,0.03
GET /items?categoryId=139,361,13,11,20,23,28,5,39,0.000%,.17981,0.94,0.03
GET /items?categoryId=140,282,19,12,31,41,146,4,226,0.000%,.14045,0.81,0.02
GET /items?categoryId=141,354,16,14,26,33,54,5,55,0.000%,.17630,1.10,0.03
GET /items?categoryId=142,421,15,14,25,28,36,4,56,0.000%,.20969,1.28,0.03
GET /items?categoryId=143,287,13,11,22,25,30,5,34,0.000%,.14295,0.90,0.02
GET /items?categoryId=144,401,13,11,22,28,34,4,38,0.000%,.19973,1.17,0.03
GET /items?categoryId=145,306,45,14,224,226,230,5,233,0.000%,.15242,0.95,0.02
GET /items?categoryId=146,425,18,12,25,34,224,5,227,0.000%,.21169,1.17,0.03
GET /items?categoryId=147,338,13,11,22,26,56,5,56,0.000%,.16836,1.06,0.03
GET /items?categoryId=148,366,20,12,28,52,193,5,203,0.000%,.18230,1.14,0.03
GET /items?categoryId=149,430,15,12,22,34,97,4,114,0.000%,.21418,1.19,0.03
GET /items?categoryId=150,422,12,10,20,26,38,5,39,0.000%,.21020,1.24,0.03
GET /items?categoryId=151,385,13,12,20,23,31,4,70,0.000%,.19177,1.20,0.03
GET /items?categoryId=152,368,17,11,22,51,130,4,165,0.000%,.18331,0.99,0.03
GET /items?categoryId=153,404,16,11,28,41,116,4,137,0.000%,.20124,1.09,0.03
GET /items?categoryId=154,355,17,10,21,27,198,4,209,0.000%,.17682,0.92,0.03
GET /items?categoryId=155,308,16,10,25,29,188,4,234,0.000%,.15342,0.85,0.02
GET /items?categoryId=156,413,16,13,27,33,37,5,180,0.000%,.20572,1.29,0.03
GET /items?categoryId=157,314,15,12,30,34,45,5,74,0.000%,.15641,0.98,0.02
GET /items?categoryId=158,407,13,11,22,28,39,5,51,0.000%,.20274,1.27,0.03
GET /items?categoryId=159,285,14,11,26,34,51,5,52,0.000%,.14197,0.88,0.02
GET /items?categoryId=160,344,23,12,32,53,225,5,235,0.000%,.17136,1.07,0.03
GET /items?categoryId=161,436,14,12,23,30,43,5,48,0.000%,.21719,1.36,0.03
GET /items?categoryId=162,302,13,11,26,28,39,5,40,0.000%,.15045,0.94,0.02
GET /items?categoryId=163,369,14,11,21,32,66,5,89,0.000%,.18382,1.04,0.03
GET /items?categoryId=164,346,16,12,29,37,74,5,196,0.000%,.17236,1.08,0.03
GET /items?categoryId=165,394,15,13,27,31,39,4,40,0.000%,.19627,1.02,0.03
GET /items?categoryId=166,387,13,10,26,34,44,4,60,0.000%,.19279,1.02,0.03
GET /items?categoryId=167,301,28,11,34,226,227,4,227,0.000%,.14995,0.78,0.02
GET /items?categoryId=168,375,14,12,25,30,47,5,47,0.000%,.18682,1.03,0.03
GET /items?categoryId=169,415,15,12,28,40,58,4,64,0.000%,.20675,1.30,0.03
GET /items?categoryId=170,328,18,11,27,30,199,5,214,0.000%,.16339,1.00,0.03
GET /items?categoryId=171,274,19,12,38,48,112,4,214,0.000%,.13649,0.74,0.02
GET /items?categoryId=172,294,16,13,27,38,148,4,153,0.000%,.14646,0.89,0.02
GET /items?categoryId=173,403,14,11,27,38,46,4,180,0.000%,.20076,1.11,0.03
GET /items?categoryId=174,380,15,12,24,33,46,5,194,0.000%,.18930,1.18,0.03
GET /items?categoryId=175,363,14,12,27,34,42,4,63,0.000%,.18084,1.09,0.03
GET /items?categoryId=176,354,14,13,23,28,45,5,64,0.000%,.17636,1.10,0.03
GET /items?categoryId=177,262,12,11,21,24,41,4,51,0.000%,.13053,0.70,0.02
GET /items?categoryId=178,422,21,11,27,170,182,4,217,0.000%,.21022,1.07,0.03
GET /items?categoryId=179,300,15,12,23,40,42,4,194,0.000%,.14945,0.93,0.02
GET /items?categoryId=180,367,14,12,22,30,41,4,48,0.000%,.18283,0.93,0.03
GET /items?categoryId=181,315,19,15,24,49,182,5,209,0.000%,.15693,0.98,0.02
GET /items?categoryId=182,278,15,12,25,35,50,5,90,0.000%,.13850,0.86,0.02
GET /items?categoryId=183,296,13,11,23,29,34,4,96,0.000%,.14747,0.75,0.02
GET /items?categoryId=184,270,13,12,21,23,25,5,29,0.000%,.13452,0.84,0.02
GET /items?categoryId=185,303,13,13,19,20,23,5,28,0.000%,.15096,0.95,0.02
GET /items?categoryId=186,361,12,12,19,20,24,5,28,0.000%,.17986,1.13,0.03
GET /items?categoryId=187,336,12,12,19,21,25,6,26,0.000%,.16741,1.04,0.03
GET /items?categoryId=188,328,15,11,25,42,46,4,221,0.000%,.16341,0.87,0.03
GET /items?categoryId=189,339,14,12,21,26,39,5,50,0.000%,.16889,1.05,0.03
GET /items?categoryId=190,312,15,12,22,25,82,4,106,0.000%,.15544,0.83,0.02
GET /items?categoryId=191,423,13,12,22,26,34,5,52,0.000%,.21074,1.10,0.03
GET /items?categoryId=192,344,14,13,23,26,32,5,36,0.000%,.17139,1.08,0.03
GET /items?categoryId=193,370,13,12,21,23,34,5,36,0.000%,.18434,1.15,0.03
GET /items?categoryId=194,346,12,11,20,24,32,4,32,0.000%,.17239,1.08,0.03
GET /items?categoryId=195,349,16,12,20,23,215,5,226,0.000%,.17387,1.09,0.03
GET /items?categoryId=196,288,29,12,31,211,226,5,226,0.000%,.14348,0.75,0.02
GET /items?categoryId=197,305,15,12,28,34,46,5,47,0.000%,.15195,0.95,0.02
GET /items?categoryId=198,394,14,11,22,25,46,4,211,0.000%,.19629,1.05,0.03
GET /items?categoryId=199,395,25,12,33,73,233,5,235,0.000%,.19680,1.23,0.03
GET /items?categoryId=200,360,14,12,22,27,44,4,76,0.000%,.17936,0.95,0.03
GET /items?categoryId=201,382,14,13,24,28,35,5,38,0.000%,.19032,1.19,0.03
GET /items?categoryId=202,301,13,11,22,27,35,5,40,0.000%,.14997,0.94,0.02
GET /items?categoryId=203,393,14,12,22,24,31,5,204,0.000%,.19578,1.23,0.03
GET /items?categoryId=204,270,16,12,27,37,50,5,232,0.000%,.13451,0.85,0.02
GET /items?categoryId=205,368,24,13,28,171,176,5,183,0.000%,.18333,1.16,0.03
GET /items?categoryId=206,420,17,10,29,48,175,4,214,0.000%,.20924,1.24,0.03
GET /items?categoryId=207,411,16,12,29,48,50,5,215,0.000%,.20476,1.28,0.03
GET /items?categoryId=208,393,13,12,23,25,33,5,35,0.000%,.19580,1.14,0.03
GET /items?categoryId=209,343,15,13,25,32,49,5,71,0.000%,.17089,1.07,0.03
GET /items?categoryId=210,371,13,13,20,22,36,5,58,0.000%,.18484,1.16,0.03
GET /items?categoryId=211,430,17,14,26,32,51,5,206,0.000%,.21422,1.35,0.03
GET /items?categoryId=212,427,17,13,30,37,45,5,218,0.000%,.21273,1.34,0.03
GET /items?categoryId=213,330,16,12,29,36,50,5,195,0.000%,.16441,0.84,0.03
GET /items?categoryId=214,384,15,12,24,28,42,5,195,0.000%,.19131,1.20,0.03
GET /items?categoryId=215,359,14,11,22,32,37,5,40,0.000%,.17886,1.00,0.03
GET /items?categoryId=216,326,13,13,21,23,25,4,33,0.000%,.16242,1.02,0.03
GET /items?categoryId=217,313,12,11,21,24,29,5,29,0.000%,.15595,0.96,0.02
GET /items?categoryId=218,287,13,12,22,24,30,4,34,0.000%,.14299,0.82,0.02
GET /items?categoryId=219,443,15,12,26,32,69,5,192,0.000%,.22069,1.23,0.03
GET /items?categoryId=220,341,32,13,86,218,235,4,246,0.000%,.16988,1.01,0.03
GET /items?categoryId=221,283,20,11,38,48,166,5,168,0.000%,.14099,0.80,0.02
GET /items?categoryId=222,357,18,11,30,36,165,4,191,0.000%,.17786,0.97,0.03
GET /items?categoryId=223,353,15,13,27,30,85,5,115,0.000%,.17587,1.11,0.03
GET /items?categoryId=224,404,13,12,23,26,38,5,39,0.000%,.20127,1.26,0.03
GET /items?categoryId=225,404,13,12,20,21,34,5,37,0.000%,.20128,1.27,0.03
GET /items?categoryId=226,284,13,12,21,25,32,5,39,0.000%,.14149,0.89,0.02
GET /items?categoryId=227,315,17,12,23,25,200,5,209,0.000%,.15692,0.99,0.02
GET /items?categoryId=228,405,20,14,28,43,200,5,207,0.000%,.20176,1.27,0.03
GET /items?categoryId=229,325,17,13,25,30,152,5,182,0.000%,.16191,1.02,0.03
GET /items?categoryId=230,367,19,12,28,43,172,5,208,0.000%,.18284,1.15,0.03
GET /items?categoryId=231,426,14,12,23,28,36,5,60,0.000%,.21223,1.29,0.03
GET /items?categoryId=232,310,13,12,20,23,27,5,35,0.000%,.15444,0.97,0.02
GET /items?categoryId=233,271,13,13,19,25,30,5,33,0.000%,.13501,0.77,0.02
GET /items?categoryId=234,431,14,13,22,25,33,6,35,0.000%,.21472,1.35,0.03
GET /items?categoryId=235,333,22,11,23,34,253,5,259,0.000%,.16588,0.97,0.03
GET /items?categoryId=236,382,18,13,24,39,245,5,256,0.000%,.19029,1.20,0.03
GET /items?categoryId=237,280,25,14,53,73,174,5,209,0.000%,.13949,0.87,0.02
GET /items?categoryId=238,424,24,14,46,66,211,6,223,0.000%,.21122,1.33,0.03
GET /items?categoryId=239,429,15,13,26,33,46,6,52,0.000%,.21371,1.35,0.03
GET /items?categoryId=240,304,14,12,24,28,38,6,46,0.000%,.15144,0.95,0.02
GET /items?categoryId=241,352,13,12,26,27,31,5,39,0.000%,.17535,1.06,0.03
GET /items?categoryId=242,288,13,12,20,29,41,5,48,0.000%,.14347,0.90,0.02
GET /items?categoryId=243,428,14,12,26,31,40,4,89,0.000%,.21321,1.30,0.03
GET /items?categoryId=244,326,14,12,24,33,45,5,46,0.000%,.16240,0.89,0.03
GET /items?categoryId=245,299,16,13,24,35,88,6,142,0.000%,.14895,0.94,0.02
GET /items?categoryId=246,353,16,12,23,26,50,5,158,0.000%,.17586,1.10,0.03
GET /items?categoryId=247,413,17,13,25,40,81,5,184,0.000%,.20574,1.29,0.03
GET /items?categoryId=248,392,14,13,24,27,35,5,39,0.000%,.19528,1.23,0.03
GET /items?categoryId=249,392,13,12,21,24,35,5,37,0.000%,.19528,1.22,0.03
GET /items?categoryId=250,398,14,12,23,26,37,4,45,0.000%,.19827,1.11,0.03
GET /items?categoryId=251,402,16,13,27,35,59,5,65,0.000%,.20026,1.25,0.03
GET /items?categoryId=252,298,13,13,20,24,53,4,54,0.000%,.14845,0.90,0.02
GET /items?categoryId=253,383,15,14,25,33,52,5,55,0.000%,.19079,1.20,0.03
GET /items?categoryId=254,344,17,14,28,41,102,5,131,0.000%,.17137,1.04,0.03
GET /items?categoryId=255,394,17,14,28,36,46,5,81,0.000%,.19628,1.24,0.03
GET /items?categoryId=256,297,14,12,26,32,51,4,66,0.000%,.14796,0.90,0.02
GET /items?categoryId=257,355,14,12,22,25,35,5,48,0.000%,.17685,1.11,0.03
GET /items?categoryId=258,296,14,12,24,26,37,6,38,0.000%,.14746,0.93,0.02
GET /items?categoryId=259,359,14,12,24,29,32,5,37,0.000%,.17885,1.12,0.03
GET /items?categoryId=260,380,16,11,20,29,179,5,223,0.000%,.18931,1.09,0.03
GET /items?categoryId=261,358,13,12,20,23,26,5,58,0.000%,.17835,1.12,0.03
GET /items?categoryId=262,299,15,13,22,31,34,5,164,0.000%,.14896,0.94,0.02
GET /items?categoryId=263,366,20,13,28,70,173,5,174,0.000%,.18234,1.15,0.03
GET /items?categoryId=264,366,13,12,26,30,38,4,39,0.000%,.18234,1.08,0.03
GET /items?categoryId=265,422,17,13,30,37,77,5,96,0.000%,.21024,1.33,0.03
GET /items?categoryId=266,291,13,12,23,26,40,4,41,0.000%,.14498,0.79,0.02
GET /items?categoryId=267,333,27,14,26,157,252,5,256,0.000%,.16590,1.05,0.03
GET /items?categoryId=268,413,16,13,21,28,135,5,228,0.000%,.20576,1.30,0.03
GET /items?categoryId=269,323,13,12,21,23,30,5,38,0.000%,.16092,1.02,0.03
GET /items?categoryId=270,369,13,12,22,23,30,4,30,0.000%,.18385,1.08,0.03
GET /items?categoryId=271,372,15,12,24,36,37,4,201,0.000%,.18534,1.04,0.03
GET /items?categoryId=272,288,16,12,29,32,97,5,101,0.000%,.14349,0.90,0.02
GET /items?categoryId=273,431,15,12,31,36,46,5,49,0.000%,.21473,1.36,0.03
GET /items?categoryId=274,388,19,13,33,37,213,4,245,0.000%,.19331,1.22,0.03
GET /items?categoryId=275,380,16,12,29,37,146,4,185,0.000%,.18933,1.03,0.03
GET /items?categoryId=276,340,14,12,23,28,43,5,52,0.000%,.16940,1.06,0.03
GET /items?categoryId=277,389,13,11,21,25,33,4,52,0.000%,.19382,1.11,0.03
GET /items?categoryId=278,345,16,12,23,26,176,5,183,0.000%,.17189,1.08,0.03
GET /items?categoryId=279,418,15,11,29,35,131,4,177,0.000%,.20827,1.09,0.03
GET /items?categoryId=280,407,14,11,24,28,32,4,281,0.000%,.20279,1.25,0.03
GET /items?categoryId=281,377,17,11,23,30,281,4,296,0.000%,.18784,1.09,0.03
GET /items?categoryId=282,380,16,13,28,35,48,5,96,0.000%,.18934,1.19,0.03
GET /items?categoryId=283,287,23,13,81,98,101,5,105,0.000%,.14300,0.90,0.02
GET /items?categoryId=284,387,16,14,26,30,60,5,107,0.000%,.19283,1.22,0.03
GET /items?categoryId=285,376,16,13,31,38,51,5,53,0.000%,.18735,1.18,0.03
GET /items?categoryId=286,294,16,13,22,33,59,5,225,0.000%,.14649,0.92,0.02
GET /items?categoryId=287,351,16,12,25,35,54,5,183,0.000%,.17489,1.10,0.03
GET /items?categoryId=288,311,19,14,34,42,53,5,179,0.000%,.15497,0.97,0.02
GET /items?categoryId=289,356,15,13,29,33,39,5,47,0.000%,.17739,0.97,0.03
GET /items?categoryId=290,287,14,13,24,28,39,5,48,0.000%,.14301,0.90,0.02
GET /items?categoryId=291,430,13,12,22,27,46,4,47,0.000%,.21426,1.20,0.03
GET /items?categoryId=292,411,18,13,34,48,55,5,127,0.000%,.20479,1.29,0.03
GET /items?categoryId=293,300,14,12,22,33,45,4,74,0.000%,.14949,0.89,0.02
GET /items?categoryId=294,334,15,13,23,28,43,5,63,0.000%,.16643,1.05,0.03
GET /items?categoryId=295,287,15,11,31,34,49,4,171,0.000%,.14301,0.73,0.02
GET /items?categoryId=296,403,14,12,26,29,38,4,59,0.000%,.20081,1.14,0.03
GET /items?categoryId=297,341,15,13,23,31,97,5,100,0.000%,.16992,1.07,0.03
GET /items?categoryId=298,370,16,13,29,32,36,5,82,0.000%,.18437,1.16,0.03
GET /items?categoryId=299,397,15,13,25,32,48,5,49,0.000%,.19782,1.24,0.03
GET /items?categoryId=300,303,13,12,21,23,26,5,105,0.000%,.15098,0.91,0.02
GET /items?categoryId=301,403,18,14,34,46,78,5,102,0.000%,.20082,1.26,0.03
GET /items?categoryId=302,325,15,13,25,32,36,6,47,0.000%,.16195,1.02,0.03
GET /items?categoryId=303,323,17,14,30,36,58,5,173,0.000%,.16095,1.01,0.03
GET /items?categoryId=304,374,15,13,28,33,41,5,46,0.000%,.18637,1.17,0.03
GET /items?categoryId=305,427,13,12,23,25,35,4,41,0.000%,.21278,1.16,0.03
GET /items?categoryId=306,359,15,12,29,34,52,4,114,0.000%,.17889,1.06,0.03
GET /items?categoryId=307,402,14,12,25,28,43,4,53,0.000%,.20032,1.22,0.03
GET /items?categoryId=308,364,18,13,25,34,142,5,151,0.000%,.18139,1.14,0.03
GET /items?categoryId=309,341,16,13,28,32,38,5,39,0.000%,.16993,1.07,0.03
GET /items?categoryId=310,407,14,12,21,33,45,4,130,0.000%,.20281,1.20,0.03
GET /items?categoryId=311,394,17,13,31,41,54,5,116,0.000%,.19634,1.23,0.03
GET /items?categoryId=312,278,14,12,24,30,37,4,38,0.000%,.13853,0.79,0.02
GET /items?categoryId=313,410,15,13,25,30,41,4,43,0.000%,.20431,1.19,0.03
GET /items?categoryId=314,426,15,12,24,30,46,5,116,0.000%,.21228,1.33,0.03
GET /items?categoryId=315,350,16,15,27,30,55,4,70,0.000%,.17441,0.98,0.03
GET /items?categoryId=316,355,14,12,21,26,47,5,131,0.000%,.17691,0.95,0.03
GET /items?categoryId=317,358,14,10,35,41,57,4,58,0.000%,.17840,1.06,0.03
GET /items?categoryId=318,295,15,11,25,34,49,4,210,0.000%,.14701,0.81,0.02
GET /items?categoryId=319,340,14,11,23,37,43,5,43,0.000%,.16943,0.87,0.03
GET /items?categoryId=320,307,12,11,19,26,43,5,48,0.000%,.15299,0.86,0.02
GET /items?categoryId=321,332,13,11,24,30,41,5,53,0.000%,.16545,0.93,0.03
GET /items?categoryId=322,278,12,11,18,22,27,5,29,0.000%,.13854,0.87,0.02
GET /items?categoryId=323,384,13,10,20,31,100,4,118,0.000%,.19136,1.14,0.03
GET /items?categoryId=324,311,12,10,20,29,32,4,33,0.000%,.15498,0.81,0.02
GET /items?categoryId=325,287,11,9,19,27,31,4,32,0.000%,.14302,0.74,0.02
GET /items?categoryId=326,387,13,11,22,27,56,4,68,0.000%,.19285,1.10,0.03
GET /items?categoryId=327,294,18,11,24,56,217,4,217,0.000%,.14651,0.91,0.02
GET /items?categoryId=328,337,13,11,21,27,57,4,58,0.000%,.16794,1.04,0.03
GET /items?categoryId=329,288,12,11,20,25,31,4,32,0.000%,.14352,0.73,0.02
GET /items?categoryId=330,326,13,12,21,25,37,6,38,0.000%,.16246,1.02,0.03
GET /items?categoryId=331,378,12,11,21,27,36,5,76,0.000%,.18837,1.03,0.03
GET /items?categoryId=332,311,15,15,24,29,31,5,32,0.000%,.15499,0.98,0.02
GET /items?categoryId=333,321,14,12,25,30,38,6,106,0.000%,.15997,1.01,0.03
GET /items?categoryId=334,368,14,13,25,29,39,5,42,0.000%,.18339,1.15,0.03
GET /items?categoryId=335,257,15,13,26,32,40,6,98,0.000%,.12808,0.81,0.02
GET /items?categoryId=336,382,21,12,33,51,210,5,223,0.000%,.19037,0.98,0.03
GET /items?categoryId=337,317,15,12,29,37,40,5,46,0.000%,.15798,0.99,0.02
GET /items?categoryId=338,400,14,13,24,30,38,5,40,0.000%,.19934,1.25,0.03
GET /items?categoryId=339,269,13,12,22,26,29,5,33,0.000%,.13406,0.84,0.02
GET /items?categoryId=340,358,15,13,22,25,86,5,109,0.000%,.17841,1.12,0.03
GET /items?categoryId=341,353,18,13,23,26,111,6,117,0.000%,.17592,1.11,0.03
GET /items?categoryId=342,348,13,11,24,32,37,4,49,0.000%,.17343,0.91,0.03
GET /items?categoryId=343,407,14,12,22,33,51,6,53,0.000%,.20283,1.27,0.03
GET /items?categoryId=344,319,20,11,39,68,170,5,184,0.000%,.15898,0.91,0.03
GET /items?categoryId=345,391,17,13,27,53,118,5,119,0.000%,.19486,1.22,0.03
GET /items?categoryId=346,380,16,14,26,31,49,5,52,0.000%,.18938,1.19,0.03
GET /items?categoryId=347,327,12,11,19,21,35,5,41,0.000%,.16297,0.96,0.03
GET /items?categoryId=348,419,12,11,19,23,36,4,41,0.000%,.20882,1.16,0.03
GET /items?categoryId=349,399,16,12,27,35,96,5,99,0.000%,.19885,1.02,0.03
GET /items?categoryId=350,393,14,12,26,27,52,5,93,0.000%,.19586,1.18,0.03
GET /items?categoryId=351,327,17,13,19,23,198,5,206,0.000%,.16296,1.02,0.03
GET /items?categoryId=352,414,17,14,29,38,56,6,201,0.000%,.20632,1.30,0.03
GET /items?categoryId=353,342,13,12,22,28,53,5,72,0.000%,.17045,1.01,0.03
GET /items?categoryId=354,364,16,15,25,36,38,6,45,0.000%,.18141,1.14,0.03
GET /items?categoryId=355,286,15,13,27,37,48,5,63,0.000%,.14254,0.90,0.02
GET /items?categoryId=356,427,13,12,21,24,35,5,54,0.000%,.21280,1.14,0.03
GET /items?categoryId=357,338,13,11,23,25,35,4,35,0.000%,.16845,0.92,0.03
GET /items?categoryId=358,338,19,12,31,46,131,4,132,0.000%,.16845,0.93,0.03
GET /items?categoryId=359,409,18,11,42,49,107,5,143,0.000%,.20384,1.11,0.03
GET /items?categoryId=360,290,16,12,32,42,51,6,52,0.000%,.14453,0.91,0.02
GET /items?categoryId=361,315,13,12,19,25,37,5,40,0.000%,.15699,0.82,0.02
GET /items?categoryId=362,413,14,10,21,28,121,5,125,0.000%,.20583,1.27,0.03
GET /items?categoryId=363,417,17,12,26,33,124,5,140,0.000%,.20783,1.07,0.03
GET /items?categoryId=364,439,14,13,22,30,62,4,86,0.000%,.21879,1.17,0.03
GET /items?categoryId=365,335,15,13,25,32,56,5,60,0.000%,.16696,1.05,0.03
GET /items?categoryId=366,399,17,12,28,37,162,5,234,0.000%,.19886,1.19,0.03
GET /items?categoryId=367,297,15,11,24,27,36,4,175,0.000%,.14802,0.92,0.02
GET /items?categoryId=368,280,13,11,23,26,45,5,89,0.000%,.13955,0.72,0.02
GET /items?categoryId=369,336,15,14,24,28,40,6,41,0.000%,.16746,1.05,0.03
GET /items?categoryId=370,315,15,12,32,47,70,5,71,0.000%,.15699,0.82,0.02
GET /items?categoryId=371,344,17,12,27,34,138,5,145,0.000%,.17145,0.98,0.03
GET /items?categoryId=372,268,13,11,23,27,30,4,33,0.000%,.13357,0.75,0.02
GET /items?categoryId=373,378,13,12,20,23,33,5,38,0.000%,.18840,1.16,0.03
GET /items?categoryId=374,313,15,12,24,30,60,6,78,0.000%,.15600,0.98,0.02
GET /items?categoryId=375,419,17,15,28,39,62,5,107,0.000%,.20883,1.31,0.03
GET /items?categoryId=376,396,17,15,32,49,57,5,58,0.000%,.19737,1.24,0.03
GET /items?categoryId=377,352,17,14,28,38,61,6,121,0.000%,.17544,1.10,0.03
GET /items?categoryId=378,321,20,14,37,57,117,5,121,0.000%,.15999,1.00,0.03
GET /items?categoryId=379,305,15,14,23,26,35,5,42,0.000%,.15202,0.96,0.02
GET /items?categoryId=380,407,18,14,31,38,119,6,123,0.000%,.20285,1.28,0.03
GET /items?categoryId=381,323,14,12,23,28,37,5,88,0.000%,.16099,0.92,0.03
GET /items?categoryId=382,366,23,13,26,42,235,6,243,0.000%,.18242,1.14,0.03
GET /items?categoryId=383,400,13,11,22,28,41,5,106,0.000%,.19936,1.15,0.03
GET /items?categoryId=384,313,16,14,28,31,40,6,42,0.000%,.15601,0.98,0.02
GET /items?categoryId=385,403,15,14,24,32,53,5,54,0.000%,.20086,1.24,0.03
GET /items?categoryId=386,432,16,13,27,38,55,6,130,0.000%,.21532,1.35,0.03
GET /items?categoryId=387,288,15,13,21,31,36,5,130,0.000%,.14355,0.74,0.02
GET /items?categoryId=388,324,17,14,30,38,126,5,130,0.000%,.16149,1.00,0.03
GET /items?categoryId=389,328,20,14,34,52,132,6,135,0.000%,.16348,1.03,0.03
GET /items?categoryId=390,358,17,13,25,39,57,6,224,0.000%,.17843,1.13,0.03
GET /items?categoryId=391,322,14,11,25,30,52,5,52,0.000%,.16050,0.92,0.03
GET /items?categoryId=392,329,17,13,28,31,44,6,165,0.000%,.16399,1.03,0.03
GET /items?categoryId=393,387,16,14,26,30,83,6,88,0.000%,.19289,1.21,0.03
GET /items?categoryId=394,286,16,15,25,38,42,6,70,0.000%,.14255,0.89,0.02
GET /items?categoryId=395,334,17,14,27,36,55,6,131,0.000%,.16648,1.05,0.03
GET /items?categoryId=396,368,16,14,25,29,38,6,38,0.000%,.18342,1.15,0.03
GET /items?categoryId=397,335,19,15,25,33,178,6,200,0.000%,.16698,1.05,0.03
GET /items?categoryId=398,398,17,13,27,45,128,4,158,0.000%,.19838,1.20,0.03
GET /items?categoryId=399,328,16,14,28,34,44,6,63,0.000%,.16349,1.03,0.03
GET /items?categoryId=400,389,15,12,21,39,119,5,147,0.000%,.19389,1.00,0.03
GET /items?categoryId=401,317,15,14,25,32,56,4,57,0.000%,.15801,0.87,0.02
GET /items?categoryId=402,337,15,13,24,30,35,5,39,0.000%,.16797,1.05,0.03
GET /items?categoryId=403,369,13,11,23,29,47,5,65,0.000%,.18393,1.08,0.03
GET /items?categoryId=404,407,20,18,30,40,64,6,140,0.000%,.20287,1.28,0.03
GET /items?categoryId=405,385,19,13,30,51,198,5,200,0.000%,.19191,1.12,0.03
GET /items?categoryId=406,392,18,14,27,35,126,6,137,0.000%,.19539,1.23,0.03
GET /items?categoryId=407,408,14,12,21,27,72,5,192,0.000%,.20337,1.18,0.03
GET /items?categoryId=408,307,17,12,36,72,74,5,76,0.000%,.15302,0.89,0.02
GET /items?categoryId=409,263,15,12,23,42,55,5,72,0.000%,.13109,0.78,0.02
GET /items?categoryId=410,378,15,14,23,29,48,6,59,0.000%,.18841,1.18,0.03
GET /items?categoryId=411,305,13,12,19,22,55,5,55,0.000%,.15203,0.84,0.02
GET /items?categoryId=412,332,18,14,27,36,75,6,184,0.000%,.16548,1.04,0.03
GET /items?categoryId=413,356,27,18,51,82,176,6,227,0.000%,.17745,1.12,0.03
GET /items?categoryId=414,355,16,14,27,33,46,5,137,0.000%,.17695,0.97,0.03
GET /items?categoryId=415,297,27,15,30,152,166,6,172,0.000%,.14805,0.93,0.02
GET /items?categoryId=416,370,21,17,31,45,109,5,150,0.000%,.18443,1.16,0.03
GET /items?categoryId=417,330,16,13,28,31,41,5,70,0.000%,.16449,0.96,0.03
GET /items?categoryId=418,381,16,14,28,36,44,5,45,0.000%,.18991,1.20,0.03
GET /items?categoryId=419,401,15,13,27,36,38,5,38,0.000%,.19988,1.26,0.03
GET /items?categoryId=420,415,15,12,23,25,53,5,237,0.000%,.20686,1.06,0.03
GET /items?categoryId=421,367,19,13,35,52,59,6,138,0.000%,.18294,1.16,0.03
GET /items?categoryId=422,311,18,15,29,42,76,6,92,0.000%,.15502,0.98,0.02
GET /items?categoryId=423,331,18,15,25,37,112,6,159,0.000%,.16499,1.03,0.03
GET /items?categoryId=424,453,21,19,34,49,63,6,145,0.000%,.22580,1.42,0.04
GET /items?categoryId=425,315,15,13,23,29,52,6,54,0.000%,.15702,0.95,0.02
GET /items?categoryId=426,282,13,12,21,22,30,5,33,0.000%,.14057,0.82,0.02
GET /items?categoryId=427,302,15,14,23,27,45,5,57,0.000%,.15054,0.95,0.02
GET /items?categoryId=428,445,19,13,29,37,151,7,214,0.000%,.22181,1.39,0.04
GET /items?categoryId=429,306,15,12,23,36,51,5,152,0.000%,.15253,0.80,0.02
GET /items?categoryId=430,290,27,12,117,145,153,6,153,0.000%,.14456,0.75,0.02
GET /items?categoryId=431,326,21,14,35,52,135,5,142,0.000%,.16250,1.02,0.03
GET /items?categoryId=432,374,19,14,31,42,137,6,154,0.000%,.18643,1.17,0.03
GET /items?categoryId=433,280,21,18,30,51,122,6,152,0.000%,.13957,0.88,0.02
GET /items?categoryId=434,352,15,13,23,31,50,4,105,0.000%,.17546,1.04,0.03
GET /items?categoryId=435,357,13,12,19,23,26,5,28,0.000%,.17796,1.00,0.03
GET /items?categoryId=436,312,17,13,30,39,68,4,172,0.000%,.15553,0.94,0.02
GET /items?categoryId=437,414,15,13,25,29,44,5,46,0.000%,.20637,1.18,0.03
GET /items?categoryId=438,368,17,13,29,36,46,5,175,0.000%,.18344,1.09,0.03
GET /items?categoryId=439,371,20,13,30,44,164,5,179,0.000%,.18494,1.16,0.03
GET /items?categoryId=440,450,15,13,25,31,39,5,160,0.000%,.22431,1.21,0.04
GET /items?categoryId=441,276,17,15,29,41,70,6,104,0.000%,.13758,0.86,0.02
GET /items?categoryId=442,332,18,16,32,41,49,6,83,0.000%,.16550,1.04,0.03
GET /items?categoryId=443,308,17,15,25,28,52,6,156,0.000%,.15354,0.97,0.02
GET /items?categoryId=444,298,16,13,24,46,62,5,177,0.000%,.14855,0.89,0.02
GET /items?categoryId=445,405,16,14,23,27,45,6,46,0.000%,.20188,1.27,0.03
GET /items?categoryId=446,291,16,15,25,32,34,8,38,0.000%,.14506,0.92,0.02
GET /items?categoryId=447,399,15,13,22,38,57,4,151,0.000%,.19890,1.14,0.03
GET /items?categoryId=448,397,15,13,25,32,51,4,57,0.000%,.19790,1.08,0.03
GET /items?categoryId=449,378,16,14,27,38,58,6,59,0.000%,.18842,1.18,0.03
GET /items?categoryId=450,414,17,14,28,34,40,6,52,0.000%,.20637,1.30,0.03
GET /items?categoryId=451,362,21,13,38,66,180,5,211,0.000%,.18045,1.01,0.03
GET /items?categoryId=452,374,18,15,31,38,48,5,191,0.000%,.18643,1.00,0.03
GET /items?categoryId=453,333,15,14,25,28,37,5,41,0.000%,.16599,0.85,0.03
GET /items?categoryId=454,354,16,14,25,30,35,6,224,0.000%,.17646,1.10,0.03
GET /items?categoryId=455,352,18,14,24,33,131,5,159,0.000%,.17547,1.05,0.03
GET /items?categoryId=456,429,18,15,31,40,53,5,58,0.000%,.21385,1.35,0.03
GET /items?categoryId=457,360,26,15,37,59,238,6,252,0.000%,.17945,1.13,0.03
GET /items?categoryId=458,308,23,13,34,49,235,5,251,0.000%,.15353,0.84,0.02
GET /items?categoryId=459,378,20,15,37,47,76,6,139,0.000%,.18842,1.18,0.03
GET /items?categoryId=460,343,17,15,29,32,49,5,101,0.000%,.17098,1.07,0.03
GET /items?categoryId=461,395,20,15,33,48,56,4,248,0.000%,.19690,1.01,0.03
GET /items?categoryId=462,327,19,15,28,39,65,7,183,0.000%,.16301,1.03,0.03
GET /items?categoryId=463,307,16,13,30,38,53,5,55,0.000%,.15303,0.80,0.02
GET /items?categoryId=464,326,18,17,31,38,47,6,54,0.000%,.16251,1.02,0.03
GET /items?categoryId=465,293,15,13,27,40,47,5,54,0.000%,.14606,0.78,0.02
GET /items?categoryId=466,375,17,15,25,29,46,6,174,0.000%,.18693,1.18,0.03
GET /items?categoryId=467,307,17,13,34,46,66,5,67,0.000%,.15303,0.87,0.02
GET /items?categoryId=468,317,15,14,21,28,47,6,58,0.000%,.15802,0.99,0.02
GET /items?categoryId=469,253,29,14,52,204,213,5,215,0.000%,.12612,0.69,0.02
GET /items?categoryId=470,371,20,15,32,48,134,6,244,0.000%,.18493,1.16,0.03
GET /items?categoryId=471,328,17,15,28,32,42,6,126,0.000%,.16350,1.01,0.03
GET /items?categoryId=472,281,17,16,30,32,56,5,58,0.000%,.14007,0.89,0.02
GET /items?categoryId=473,331,17,15,26,34,49,6,58,0.000%,.16500,1.04,0.03
GET /items?categoryId=474,382,15,13,24,31,52,5,56,0.000%,.19043,1.09,0.03
GET /items?categoryId=475,324,18,14,30,32,53,5,55,0.000%,.16151,1.02,0.03
GET /items?categoryId=476,325,17,14,34,35,43,6,45,0.000%,.16201,1.02,0.03
GET /items?categoryId=477,305,17,14,30,33,59,6,91,0.000%,.15203,0.95,0.02
GET /items?categoryId=478,331,21,16,29,37,189,6,189,0.000%,.16500,1.04,0.03
GET /items?categoryId=479,325,16,14,29,31,38,6,39,0.000%,.16201,1.02,0.03
GET /items?categoryId=480,385,20,17,33,42,90,6,101,0.000%,.19192,1.21,0.03
GET /items?categoryId=481,322,14,14,24,26,41,5,42,0.000%,.16051,0.97,0.03
GET /items?categoryId=482,369,14,13,20,26,43,5,43,0.000%,.18395,1.14,0.03
GET /items?categoryId=483,288,17,15,34,39,43,6,102,0.000%,.14356,0.90,0.02
GET /items?categoryId=484,339,14,13,22,25,34,5,36,0.000%,.16899,0.89,0.03
GET /items?categoryId=485,347,20,13,29,47,164,5,167,0.000%,.17297,0.97,0.03
GET /items?categoryId=486,259,19,15,36,44,48,6,50,0.000%,.12911,0.81,0.02
GET /items?categoryId=487,402,16,14,29,39,45,5,61,0.000%,.20039,1.24,0.03
GET /items?categoryId=488,302,14,12,25,35,36,6,37,0.000%,.15054,0.90,0.02
GET /items?categoryId=489,335,20,16,37,45,58,6,72,0.000%,.16699,1.05,0.03
GET /items?categoryId=490,260,16,15,25,35,47,6,50,0.000%,.12961,0.70,0.02
GET /items?categoryId=491,407,18,15,32,35,49,6,54,0.000%,.20288,1.28,0.03
GET /items?categoryId=492,293,14,13,20,24,40,5,51,0.000%,.14606,0.76,0.02
GET /items?categoryId=493,249,23,16,37,111,140,6,178,0.000%,.12412,0.78,0.02
GET /items?categoryId=494,350,19,14,41,51,65,5,136,0.000%,.17447,0.97,0.03
GET /items?categoryId=495,406,19,15,40,51,59,6,69,0.000%,.20239,1.27,0.03
GET /items?categoryId=496,279,18,17,30,39,47,6,55,0.000%,.13908,0.88,0.02
GET /items?categoryId=497,285,19,15,40,42,97,5,103,0.000%,.14207,0.82,0.02
GET /items?categoryId=498,278,19,15,28,47,99,7,100,0.000%,.13858,0.87,0.02
GET /items?categoryId=499,309,16,13,24,37,51,5,84,0.000%,.15403,0.95,0.02
GET /items?categoryId=500,367,15,13,24,31,51,5,109,0.000%,.18294,0.98,0.03
GET /items?categoryId=501,339,19,13,33,64,82,6,128,0.000%,.16899,1.00,0.03
GET /items?categoryId=502,367,15,12,34,35,36,5,39,0.000%,.18294,1.06,0.03
GET /items?categoryId=503,332,23,16,48,58,75,6,76,0.000%,.16550,1.04,0.03
GET /items?categoryId=504,315,14,12,24,28,42,5,45,0.000%,.15703,0.93,0.02
GET /items?categoryId=505,296,14,12,20,33,47,5,56,0.000%,.14755,0.87,0.02
GET /items?categoryId=506,290,16,13,21,43,45,6,59,0.000%,.14456,0.91,0.02
GET /items?categoryId=507,375,16,14,23,35,54,6,55,0.000%,.18693,1.18,0.03
GET /items?categoryId=508,335,23,16,49,79,112,6,171,0.000%,.16699,1.05,0.03
GET /items?categoryId=509,257,20,17,28,50,85,5,135,0.000%,.12811,0.81,0.02
GET /items?categoryId=510,382,20,17,34,50,81,7,93,0.000%,.19042,1.19,0.03
GET /items?categoryId=511,374,20,17,31,48,81,6,82,0.000%,.18643,1.18,0.03
GET /items?categoryId=512,248,17,13,29,45,47,5,48,0.000%,.12363,0.63,0.02
GET /items?categoryId=513,245,18,15,29,40,48,7,49,0.000%,.12213,0.77,0.02
GET /items?categoryId=514,353,17,13,32,38,54,6,177,0.000%,.17597,1.07,0.03
GET /items?categoryId=515,387,28,15,48,134,176,7,177,0.000%,.19291,1.22,0.03
GET /items?categoryId=516,336,18,16,30,35,45,6,95,0.000%,.16749,1.05,0.03
GET /items?categoryId=517,376,23,16,41,55,95,5,152,0.000%,.18743,1.01,0.03
GET /items?categoryId=518,324,21,20,36,43,48,6,55,0.000%,.16151,1.02,0.03
GET /items?categoryId=519,304,18,15,30,35,72,5,73,0.000%,.15154,0.81,0.02
GET /items?categoryId=520,223,21,15,43,57,71,8,71,0.000%,.11117,0.70,0.02
GET /items?categoryId=521,373,19,14,41,54,67,6,68,0.000%,.18594,1.17,0.03
GET /items?categoryId=522,362,20,16,41,51,65,6,101,0.000%,.18046,1.14,0.03
GET /items?categoryId=523,272,17,14,29,35,44,6,84,0.000%,.13559,0.85,0.02
GET /items?categoryId=524,320,17,13,30,53,73,5,73,0.000%,.15952,0.88,0.03
GET /items?categoryId=525,254,17,13,35,38,42,5,47,0.000%,.12663,0.78,0.02
GET /items?categoryId=526,278,22,17,40,46,123,5,161,0.000%,.13859,0.82,0.02
GET /items?categoryId=527,265,21,21,34,39,54,7,60,0.000%,.13211,0.83,0.02
GET /items?categoryId=528,373,18,14,32,45,49,5,50,0.000%,.18594,1.00,0.03
GET /items?categoryId=529,326,18,15,32,43,58,6,64,0.000%,.16252,1.02,0.03
GET /items?categoryId=530,345,24,17,33,109,121,7,124,0.000%,.17200,1.08,0.03
GET /items?categoryId=531,351,18,13,29,36,86,5,98,0.000%,.17499,1.08,0.03
GET /items?categoryId=532,283,15,12,27,47,49,5,51,0.000%,.14109,0.84,0.02
GET /items?categoryId=533,304,21,15,35,72,158,6,166,0.000%,.15156,0.95,0.02
GET /items?categoryId=534,348,27,14,73,148,164,5,166,0.000%,.17350,1.01,0.03
GET /items?categoryId=535,358,20,13,44,69,94,5,119,0.000%,.17848,1.04,0.03
GET /items?categoryId=536,294,21,17,33,45,75,6,86,0.000%,.14658,0.92,0.02
GET /items?categoryId=537,366,17,17,24,27,41,6,55,0.000%,.18247,1.15,0.03
GET /items?categoryId=538,271,20,17,28,38,78,6,133,0.000%,.13511,0.85,0.02
GET /items?categoryId=539,319,16,14,25,37,43,7,53,0.000%,.15904,1.00,0.03
GET /items?categoryId=540,354,14,13,25,26,45,5,48,0.000%,.17648,1.01,0.03
GET /items?categoryId=541,239,15,15,21,25,37,7,39,0.000%,.11916,0.75,0.02
GET /items?categoryId=542,306,18,13,24,53,167,6,178,0.000%,.15256,0.87,0.02
GET /items?categoryId=543,342,26,16,47,73,161,7,168,0.000%,.17051,1.08,0.03
GET /items?categoryId=544,264,21,17,41,48,73,6,75,0.000%,.13162,0.82,0.02
GET /items?categoryId=545,293,19,16,25,39,70,7,87,0.000%,.14607,0.92,0.02
GET /items?categoryId=546,359,25,20,37,61,111,8,118,0.000%,.17898,1.13,0.03
GET /items?categoryId=547,263,18,16,27,30,40,7,57,0.000%,.13112,0.83,0.02
GET /items?categoryId=548,372,19,15,36,47,71,6,74,0.000%,.18547,1.17,0.03
GET /items?categoryId=549,292,16,14,30,33,49,6,54,0.000%,.14558,0.86,0.02
GET /items?categoryId=550,367,31,16,56,185,192,6,196,0.000%,.18297,1.15,0.03
GET /items?categoryId=551,408,18,15,31,36,50,6,166,0.000%,.20341,1.28,0.03
GET /items?categoryId=552,352,16,14,27,30,37,5,39,0.000%,.17549,0.92,0.03
GET /items?categoryId=553,251,17,15,23,31,60,6,89,0.000%,.12514,0.79,0.02
GET /items?categoryId=554,313,28,17,67,113,119,6,122,0.000%,.15605,0.98,0.02
GET /items?categoryId=555,339,20,17,29,41,76,5,95,0.000%,.16902,1.06,0.03
GET /items?categoryId=556,382,19,16,32,44,74,7,75,0.000%,.19045,1.20,0.03
GET /items?categoryId=557,199,14,13,20,27,45,5,46,0.000%,.09921,0.56,0.02
GET /items?categoryId=558,333,21,15,39,75,140,8,155,0.000%,.16602,1.04,0.03
GET /items?categoryId=559,371,18,14,29,48,83,5,85,0.000%,.18496,0.99,0.03
GET /items?categoryId=560,341,19,14,34,44,167,5,192,0.000%,.17001,0.97,0.03
GET /items?categoryId=561,226,29,16,38,183,213,7,216,0.000%,.11268,0.71,0.02
GET /items?categoryId=562,230,19,15,34,40,79,7,82,0.000%,.11467,0.72,0.02
GET /items?categoryId=563,338,21,17,43,51,81,6,82,0.000%,.16851,1.06,0.03
GET /items?categoryId=564,260,23,20,43,55,75,6,79,0.000%,.12963,0.82,0.02
GET /items?categoryId=565,349,19,16,33,39,57,5,59,0.000%,.17400,1.05,0.03
GET /items?categoryId=566,323,22,18,33,39,162,6,170,0.000%,.16104,1.01,0.03
GET /items?categoryId=567,280,25,17,42,92,164,5,170,0.000%,.13959,0.85,0.02
GET /items?categoryId=568,330,23,18,33,57,184,7,189,0.000%,.16452,1.04,0.03
GET /items?categoryId=569,351,21,14,49,54,108,5,169,0.000%,.17499,0.92,0.03
GET /items?categoryId=570,290,20,15,38,42,62,7,65,0.000%,.14459,0.92,0.02
GET /items?categoryId=571,413,15,13,27,31,43,5,71,0.000%,.20592,1.11,0.03
GET /items?categoryId=572,350,17,14,33,37,55,6,55,0.000%,.17451,1.09,0.03
GET /items?categoryId=573,254,19,16,29,36,115,5,129,0.000%,.12664,0.74,0.02
GET /items?categoryId=574,356,18,15,30,41,63,6,73,0.000%,.17749,1.01,0.03
GET /items?categoryId=575,408,29,17,35,184,186,5,204,0.000%,.20342,1.16,0.03
GET /items?categoryId=576,269,20,18,44,50,52,8,63,0.000%,.13411,0.84,0.02
GET /items?categoryId=577,305,24,19,40,45,146,8,147,0.000%,.15207,0.96,0.02
GET /items?categoryId=578,273,18,14,32,44,67,6,68,0.000%,.13611,0.79,0.02
GET /items?categoryId=579,363,18,14,35,38,53,6,55,0.000%,.18099,1.03,0.03
GET /items?categoryId=580,375,20,14,45,57,83,5,85,0.000%,.18697,1.05,0.03
GET /items?categoryId=581,274,26,15,46,51,189,7,215,0.000%,.13661,0.86,0.02
GET /items?categoryId=582,319,26,14,51,153,170,5,183,0.000%,.15905,0.85,0.03
GET /items?categoryId=583,275,25,17,45,79,162,5,164,0.000%,.13712,0.77,0.02
GET /items?categoryId=584,314,20,17,38,51,60,6,116,0.000%,.15656,0.99,0.02
GET /items?categoryId=585,305,14,14,20,27,47,5,50,0.000%,.15208,0.89,0.02
GET /items?categoryId=586,251,20,15,27,40,126,6,135,0.000%,.12515,0.79,0.02
GET /items?categoryId=587,319,15,13,25,31,43,5,47,0.000%,.15905,0.91,0.03
GET /items?categoryId=588,307,20,15,37,53,74,7,76,0.000%,.15308,0.96,0.02
GET /items?categoryId=589,366,20,13,28,35,237,4,238,0.000%,.18249,1.09,0.03
GET /items?categoryId=590,313,19,12,21,53,215,5,216,0.000%,.15607,0.85,0.02
GET /items?categoryId=591,350,26,13,59,115,154,5,163,0.000%,.17451,0.90,0.03
GET /items?categoryId=592,322,29,20,67,87,121,6,139,0.000%,.16055,1.01,0.03
GET /items?categoryId=593,289,26,21,51,71,109,7,113,0.000%,.14409,0.90,0.02
GET /items?categoryId=594,243,17,14,24,38,71,5,164,0.000%,.12116,0.65,0.02
GET /items?categoryId=595,348,32,17,54,158,188,4,191,0.000%,.17352,0.89,0.03
GET /items?categoryId=596,307,19,16,35,41,51,6,56,0.000%,.15307,0.96,0.02
GET /items?categoryId=597,380,16,14,24,28,67,5,89,0.000%,.18947,1.16,0.03
GET /items?categoryId=598,258,16,14,22,41,66,5,91,0.000%,.12864,0.81,0.02
GET /items?categoryId=599,302,16,13,30,46,70,5,70,0.000%,.15058,0.77,0.02
GET /items?categoryId=600,322,18,13,37,43,51,5,183,0.000%,.16055,0.86,0.03
GET /items?categoryId=601,283,21,17,51,53,68,6,139,0.000%,.14111,0.89,0.02
GET /items?categoryId=602,278,15,14,24,29,32,6,63,0.000%,.13861,0.74,0.02
GET /items?categoryId=603,345,20,16,35,43,125,5,165,0.000%,.17202,1.04,0.03
GET /items?categoryId=604,330,20,17,36,42,70,5,71,0.000%,.16454,0.87,0.03
GET /items?categoryId=605,290,18,15,24,54,80,5,88,0.000%,.14460,0.84,0.02
GET /items?categoryId=606,279,15,12,22,35,52,5,66,0.000%,.13912,0.79,0.02
GET /items?categoryId=607,361,17,14,32,37,64,4,64,0.000%,.18000,0.92,0.03
GET /items?categoryId=608,341,20,16,29,57,75,6,212,0.000%,.17003,1.07,0.03
GET /items?categoryId=609,310,19,14,39,44,144,4,190,0.000%,.15457,0.94,0.02
GET /items?categoryId=610,296,19,17,30,41,58,7,84,0.000%,.14759,0.93,0.02
GET /items?categoryId=611,314,16,13,31,38,69,5,72,0.000%,.15656,0.97,0.02
GET /items?categoryId=612,270,23,17,38,72,119,5,130,0.000%,.13463,0.74,0.02
GET /items?categoryId=613,304,18,14,29,38,76,5,105,0.000%,.15158,0.93,0.02
GET /items?categoryId=614,245,16,14,28,35,68,5,68,0.000%,.12216,0.72,0.02
GET /items?categoryId=615,282,16,14,23,45,58,5,67,0.000%,.14061,0.82,0.02
GET /items?categoryId=616,220,27,16,28,95,270,6,271,0.000%,.10970,0.69,0.02
GET /items?categoryId=617,367,20,14,41,55,97,7,98,0.000%,.18299,1.15,0.03
GET /items?categoryId=618,303,20,13,49,71,121,5,171,0.000%,.15108,0.92,0.02
GET /items?categoryId=619,272,18,13,28,44,140,5,185,0.000%,.13563,0.74,0.02
GET /items?categoryId=620,266,22,18,32,62,72,7,185,0.000%,.13264,0.84,0.02
GET /items?categoryId=621,371,19,16,31,39,61,6,180,0.000%,.18499,1.16,0.03
GET /items?categoryId=622,367,27,22,53,73,116,6,122,0.000%,.18299,1.15,0.03
GET /items?categoryId=623,246,21,17,35,48,49,6,219,0.000%,.12266,0.77,0.02
GET /items?categoryId=624,268,19,15,27,48,85,5,86,0.000%,.13363,0.76,0.02
GET /items?categoryId=625,341,21,19,35,42,71,7,85,0.000%,.17003,1.07,0.03
GET /items?categoryId=626,330,20,16,34,50,72,6,74,0.000%,.16455,1.03,0.03
GET /items?categoryId=627,327,22,17,38,56,63,6,152,0.000%,.16305,1.03,0.03
GET /items?categoryId=628,242,21,15,38,63,135,6,153,0.000%,.12067,0.76,0.02
GET /items?categoryId=629,330,18,15,35,40,94,5,111,0.000%,.16455,0.92,0.03
GET /items?categoryId=630,356,24,15,52,64,128,7,232,0.000%,.17751,1.11,0.03
GET /items?categoryId=631,285,21,17,39,55,81,6,84,0.000%,.14211,0.89,0.02
GET /items?categoryId=632,375,20,17,33,43,73,4,126,0.000%,.18699,1.04,0.03
GET /items?categoryId=633,299,15,14,26,28,42,4,83,0.000%,.14909,0.83,0.02
GET /items?categoryId=634,355,22,16,40,56,130,6,198,0.000%,.17701,1.12,0.03
GET /items?categoryId=635,272,18,17,30,38,41,6,49,0.000%,.13563,0.85,0.02
GET /items?categoryId=636,267,14,13,21,27,32,4,39,0.000%,.13313,0.68,0.02
GET /items?categoryId=637,394,26,18,40,55,211,6,212,0.000%,.19646,1.24,0.03
GET /items?categoryId=638,291,22,17,41,52,89,6,91,0.000%,.14510,0.91,0.02
GET /items?categoryId=639,313,19,17,34,45,50,6,80,0.000%,.15607,0.98,0.02
GET /items?categoryId=640,233,20,13,25,112,126,5,131,0.000%,.11618,0.60,0.02
GET /items?categoryId=641,404,21,16,37,54,120,5,132,0.000%,.20144,1.19,0.03
GET /items?categoryId=642,349,29,20,53,104,180,7,182,0.000%,.17402,1.09,0.03
GET /items?categoryId=643,257,25,18,45,58,179,6,182,0.000%,.12815,0.80,0.02
GET /items?categoryId=644,241,16,15,24,51,53,5,54,0.000%,.12017,0.73,0.02
GET /items?categoryId=645,330,33,17,93,194,214,7,219,0.000%,.16455,1.04,0.03
GET /items?categoryId=646,345,21,17,29,45,98,7,99,0.000%,.17202,1.08,0.03
GET /items?categoryId=647,328,24,17,43,80,155,6,156,0.000%,.16355,1.02,0.03
GET /items?categoryId=648,266,18,15,26,52,79,6,87,0.000%,.13264,0.83,0.02
GET /items?categoryId=649,376,19,17,30,35,73,6,90,0.000%,.18749,1.17,0.03
GET /items?categoryId=650,284,26,15,42,77,222,5,223,0.000%,.14161,0.84,0.02
GET /items?categoryId=651,304,22,16,42,52,124,5,209,0.000%,.15158,0.83,0.02
GET /items?categoryId=652,310,22,14,48,78,124,4,126,0.000%,.15457,0.82,0.02
GET /items?categoryId=653,297,21,19,41,45,66,6,86,0.000%,.14810,0.93,0.02
GET /items?categoryId=654,380,20,18,40,49,65,5,196,0.000%,.18948,0.97,0.03
GET /items?categoryId=655,314,28,18,40,49,252,6,267,0.000%,.15657,0.98,0.02
GET /items?categoryId=656,322,37,18,74,241,301,6,302,0.000%,.16056,1.01,0.03
GET /items?categoryId=657,357,20,14,36,64,86,5,88,0.000%,.17801,1.07,0.03
GET /items?categoryId=658,340,28,18,49,72,177,6,208,0.000%,.16953,1.07,0.03
GET /items?categoryId=659,352,28,22,55,63,131,6,132,0.000%,.17552,1.11,0.03
GET /items?categoryId=660,264,20,16,39,49,53,6,81,0.000%,.13164,0.83,0.02
GET /items?categoryId=661,380,23,19,48,52,69,7,76,0.000%,.18948,1.20,0.03
GET /items?categoryId=662,381,18,14,30,48,148,5,221,0.000%,.18998,1.15,0.03
GET /items?categoryId=663,276,17,14,29,33,50,5,180,0.000%,.13763,0.72,0.02
GET /items?categoryId=664,272,21,18,39,55,58,6,60,0.000%,.13563,0.85,0.02
GET /items?categoryId=665,304,21,19,34,44,68,9,69,0.000%,.15159,0.95,0.02
GET /items?categoryId=666,354,18,15,30,35,81,5,177,0.000%,.17652,1.01,0.03
GET /items?categoryId=667,292,18,14,29,34,62,5,97,0.000%,.14561,0.76,0.02
GET /items?categoryId=668,280,26,18,47,87,128,7,162,0.000%,.13962,0.88,0.02
GET /items?categoryId=669,392,23,15,33,68,243,5,245,0.000%,.19547,1.02,0.03
GET /items?categoryId=670,345,23,21,39,45,71,5,93,0.000%,.17204,1.06,0.03
GET /items?categoryId=671,283,19,17,36,42,47,5,53,0.000%,.14112,0.77,0.02
GET /items?categoryId=672,401,19,17,36,40,54,5,80,0.000%,.19996,1.19,0.03
GET /items?categoryId=673,283,23,20,41,62,72,7,80,0.000%,.14112,0.89,0.02
GET /items?categoryId=674,332,21,16,40,61,74,5,223,0.000%,.16555,0.94,0.03
GET /items?categoryId=675,331,25,19,43,61,178,7,188,0.000%,.16506,1.04,0.03
GET /items?categoryId=676,267,21,17,38,44,62,7,114,0.000%,.13314,0.83,0.02
GET /items?categoryId=677,352,24,17,37,70,149,6,151,0.000%,.17553,0.98,0.03
GET /items?categoryId=678,340,24,16,38,105,133,5,141,0.000%,.16955,0.87,0.03
GET /items?categoryId=679,396,23,18,43,57,89,6,90,0.000%,.19747,1.25,0.03
GET /items?categoryId=680,267,20,16,37,42,153,4,186,0.000%,.13315,0.69,0.02
GET /items?categoryId=681,349,24,18,55,61,80,5,190,0.000%,.17404,1.01,0.03
GET /items?categoryId=682,255,27,19,43,93,192,5,244,0.000%,.12717,0.67,0.02
GET /items?categoryId=683,355,25,20,44,56,94,7,112,0.000%,.17704,1.11,0.03
GET /items?categoryId=684,320,22,17,49,53,94,6,95,0.000%,.15958,1.01,0.03
GET /items?categoryId=685,268,22,14,46,77,132,4,133,0.000%,.13365,0.80,0.02
GET /items?categoryId=686,274,25,19,53,59,115,6,152,0.000%,.13664,0.86,0.02
GET /items?categoryId=687,353,23,19,48,58,64,7,73,0.000%,.17604,1.11,0.03
GET /items?categoryId=688,312,20,14,32,42,226,5,228,0.000%,.15560,0.80,0.02
GET /items?categoryId=689,319,21,18,36,47,80,4,227,0.000%,.15909,0.98,0.03
GET /items?categoryId=690,235,26,17,52,85,93,6,208,0.000%,.11720,0.74,0.02
GET /items?categoryId=691,417,22,17,46,56,82,5,89,0.000%,.20797,1.31,0.03
GET /items?categoryId=692,267,25,18,49,91,124,6,127,0.000%,.13316,0.84,0.02
GET /items?categoryId=693,278,23,16,46,62,88,6,91,0.000%,.13865,0.88,0.02
GET /items?categoryId=694,310,21,17,45,51,71,8,119,0.000%,.15461,0.97,0.02
GET /items?categoryId=695,332,30,19,69,104,135,6,226,0.000%,.16558,1.04,0.03
GET /items?categoryId=696,261,20,16,38,46,67,6,69,0.000%,.13017,0.82,0.02
GET /items?categoryId=697,271,18,16,34,50,71,6,81,0.000%,.13516,0.71,0.02
GET /items?categoryId=698,326,27,18,52,62,162,7,218,0.000%,.16259,1.02,0.03
GET /items?categoryId=699,333,21,16,48,55,72,5,102,0.000%,.16608,0.85,0.03
GET /items?categoryId=700,333,19,16,26,36,113,5,277,0.000%,.16608,0.91,0.03
GET /items?categoryId=701,365,32,17,60,229,274,5,276,0.000%,.18204,1.08,0.03
GET /items?categoryId=702,285,19,14,34,55,79,5,79,0.000%,.14214,0.76,0.02
GET /items?categoryId=703,310,22,15,39,59,132,5,160,0.000%,.15461,0.81,0.02
GET /items?categoryId=704,316,29,20,54,86,143,7,152,0.000%,.15761,0.99,0.02
GET /items?categoryId=705,336,22,16,41,62,113,6,113,0.000%,.16758,1.06,0.03
GET /items?categoryId=706,269,27,15,83,99,133,5,178,0.000%,.13417,0.77,0.02
GET /items?categoryId=707,330,23,16,43,52,122,4,182,0.000%,.16459,0.92,0.03
GET /items?categoryId=708,377,22,16,43,71,115,5,188,0.000%,.18803,1.01,0.03
GET /items?categoryId=709,332,21,15,48,57,100,5,104,0.000%,.16559,0.91,0.03
GET /items?categoryId=710,230,24,19,46,59,96,6,110,0.000%,.11472,0.72,0.02
GET /items?categoryId=711,394,21,17,38,49,66,6,66,0.000%,.19651,1.24,0.03
GET /items?categoryId=712,259,30,18,41,50,277,6,280,0.000%,.12918,0.81,0.02
GET /items?categoryId=713,331,40,18,135,228,238,6,239,0.000%,.16509,1.04,0.03
GET /items?categoryId=714,346,21,16,44,60,79,5,186,0.000%,.17258,0.95,0.03
GET /items?categoryId=715,338,22,17,42,57,87,7,89,0.000%,.16859,1.06,0.03
GET /items?categoryId=716,287,20,14,30,86,117,5,117,0.000%,.14315,0.82,0.02
GET /items?categoryId=717,341,23,15,34,82,259,4,275,0.000%,.17008,0.91,0.03
GET /items?categoryId=718,339,35,15,36,234,247,5,257,0.000%,.16909,0.90,0.03
GET /items?categoryId=719,277,25,18,42,83,118,6,193,0.000%,.13817,0.87,0.02
GET /items?categoryId=720,275,23,18,36,45,82,7,161,0.000%,.13716,0.87,0.02
GET /items?categoryId=721,368,25,19,47,59,102,6,258,0.000%,.18355,1.16,0.03
GET /items?categoryId=722,311,27,19,45,98,153,5,191,0.000%,.15512,0.80,0.02
GET /items?categoryId=723,302,22,20,38,41,50,7,54,0.000%,.15064,0.95,0.02
GET /items?categoryId=724,282,24,16,40,44,198,7,198,0.000%,.14066,0.89,0.02
GET /items?categoryId=725,305,25,14,63,87,151,5,225,0.000%,.15213,0.80,0.02
GET /items?categoryId=726,332,24,17,37,88,105,6,124,0.000%,.16560,1.04,0.03
GET /items?categoryId=727,359,24,17,42,85,98,6,110,0.000%,.17907,1.12,0.03
GET /items?categoryId=728,301,25,15,34,118,209,5,213,0.000%,.15014,0.86,0.02
GET /items?categoryId=729,261,27,20,50,100,157,5,219,0.000%,.13019,0.73,0.02
GET /items?categoryId=730,292,24,18,43,72,120,5,215,0.000%,.14565,0.78,0.02
GET /items?categoryId=731,297,25,21,41,50,122,7,189,0.000%,.14815,0.93,0.02
GET /items?categoryId=732,247,24,20,41,55,76,7,91,0.000%,.12320,0.78,0.02
GET /items?categoryId=733,396,19,17,32,40,62,6,64,0.000%,.19752,1.24,0.03
GET /items?categoryId=734,371,20,16,42,51,64,6,74,0.000%,.18506,1.16,0.03
GET /items?categoryId=735,360,22,18,43,51,70,7,80,0.000%,.17958,1.13,0.03
GET /items?categoryId=736,291,38,19,82,208,238,7,266,0.000%,.14515,0.91,0.02
GET /items?categoryId=737,268,31,19,58,116,205,5,222,0.000%,.13369,0.76,0.02
GET /items?categoryId=738,323,26,20,47,56,179,5,226,0.000%,.16112,0.86,0.03
GET /items?categoryId=739,373,25,20,38,49,160,6,163,0.000%,.18606,1.17,0.03
GET /items?categoryId=740,274,21,19,33,49,76,7,80,0.000%,.13668,0.86,0.02
GET /items?categoryId=741,273,20,15,32,43,97,5,119,0.000%,.13618,0.72,0.02
GET /items?categoryId=742,311,22,16,35,85,115,4,120,0.000%,.15514,0.89,0.02
GET /items?categoryId=743,376,25,18,35,62,233,6,240,0.000%,.18756,1.18,0.03
GET /items?categoryId=744,318,27,19,37,43,245,6,261,0.000%,.15863,1.00,0.03
GET /items?categoryId=745,324,19,17,26,33,43,7,123,0.000%,.16161,1.02,0.03
GET /items?categoryId=746,279,29,20,44,120,132,7,142,0.000%,.13917,0.87,0.02
GET /items?categoryId=747,244,24,20,39,43,101,7,112,0.000%,.12171,0.77,0.02
GET /items?categoryId=748,353,17,16,26,34,39,5,160,0.000%,.17608,1.00,0.03
GET /items?categoryId=749,265,19,19,29,33,44,6,51,0.000%,.13219,0.83,0.02
GET /items?categoryId=750,284,15,14,23,27,48,5,179,0.000%,.14167,0.73,0.02
GET /items?categoryId=751,368,19,16,28,42,73,5,222,0.000%,.18357,1.01,0.03
GET /items?categoryId=752,294,17,16,25,36,43,5,222,0.000%,.14666,0.84,0.02
GET /items?categoryId=753,276,16,14,25,32,37,5,46,0.000%,.13767,0.82,0.02
GET /items?categoryId=754,323,23,19,33,37,183,7,198,0.000%,.16112,1.01,0.03
GET /items?categoryId=755,365,19,15,34,39,123,5,125,0.000%,.18206,1.01,0.03
GET /items?categoryId=756,300,27,22,43,58,138,6,166,0.000%,.14965,0.94,0.02
GET /items?categoryId=757,360,25,22,35,75,115,6,119,0.000%,.17957,1.13,0.03
GET /items?categoryId=758,259,18,17,26,29,36,7,135,0.000%,.12919,0.81,0.02
GET /items?categoryId=759,262,21,14,41,42,228,4,271,0.000%,.13069,0.76,0.02
GET /items?categoryId=760,393,16,15,25,29,48,5,49,0.000%,.19603,1.14,0.03
GET /items?categoryId=761,309,14,14,20,24,38,4,40,0.000%,.15413,0.85,0.02
GET /items?categoryId=762,241,19,17,26,31,90,6,147,0.000%,.12022,0.76,0.02
GET /items?categoryId=763,263,16,15,27,29,73,5,95,0.000%,.13119,0.67,0.02
GET /items?categoryId=764,355,24,19,35,47,140,6,148,0.000%,.17707,1.11,0.03
GET /items?categoryId=765,303,20,18,27,40,103,7,112,0.000%,.15113,0.95,0.02
GET /items?categoryId=766,347,27,19,34,112,254,6,255,0.000%,.17308,1.08,0.03
GET /items?categoryId=767,377,29,18,64,72,202,6,210,0.000%,.18804,1.18,0.03
GET /items?categoryId=768,407,20,18,38,44,57,6,66,0.000%,.20301,1.27,0.03
GET /items?categoryId=769,315,16,14,24,34,56,5,60,0.000%,.15712,0.97,0.02
GET /items?categoryId=770,270,17,12,25,35,141,5,155,0.000%,.13468,0.72,0.02
GET /items?categoryId=771,328,16,14,24,35,60,6,115,0.000%,.16361,0.97,0.03
GET /items?categoryId=772,352,17,15,27,32,68,5,124,0.000%,.17557,1.02,0.03
GET /items?categoryId=773,283,19,17,25,27,102,7,244,0.000%,.14116,0.89,0.02
GET /items?categoryId=774,290,38,20,127,134,196,7,219,0.000%,.14464,0.91,0.02
GET /items?categoryId=775,395,23,16,47,68,107,5,109,0.000%,.19701,1.03,0.03
GET /items?categoryId=776,302,18,16,32,40,66,6,68,0.000%,.15063,0.88,0.02
GET /items?categoryId=777,307,17,14,32,42,53,5,53,0.000%,.15312,0.87,0.02
GET /items?categoryId=778,362,21,17,32,43,167,8,199,0.000%,.18055,1.14,0.03
GET /items?categoryId=779,307,20,19,33,36,43,6,53,0.000%,.15313,0.97,0.02
GET /items?categoryId=780,324,23,14,30,74,296,5,308,0.000%,.16160,0.85,0.03
GET /items?categoryId=781,324,25,18,48,54,155,7,300,0.000%,.16160,1.01,0.03
GET /items?categoryId=782,259,22,18,40,44,67,7,68,0.000%,.12918,0.81,0.02
GET /items?categoryId=783,252,29,21,44,123,132,7,132,0.000%,.12569,0.79,0.02
GET /items?categoryId=784,430,21,19,32,40,75,7,120,0.000%,.21446,1.35,0.03
GET /items?categoryId=785,308,17,15,30,33,53,5,54,0.000%,.15362,0.83,0.02
GET /items?categoryId=786,255,22,15,31,91,108,6,191,0.000%,.12719,0.71,0.02
GET /items?categoryId=787,291,23,19,35,51,106,7,113,0.000%,.14514,0.92,0.02
GET /items?categoryId=788,389,22,20,35,40,58,7,126,0.000%,.19402,1.23,0.03
GET /items?categoryId=789,299,25,19,42,70,137,8,214,0.000%,.14913,0.94,0.02
GET /items?categoryId=790,276,17,15,28,39,67,5,70,0.000%,.13766,0.82,0.02
GET /items?categoryId=791,372,16,14,27,34,54,5,98,0.000%,.18554,1.02,0.03
GET /items?categoryId=792,278,22,19,36,53,100,8,101,0.000%,.13866,0.87,0.02
GET /items?categoryId=793,305,22,17,41,51,59,6,81,0.000%,.15212,0.90,0.02
GET /items?categoryId=794,306,21,16,36,46,80,6,152,0.000%,.15262,0.89,0.02
GET /items?categoryId=795,320,21,18,38,48,78,7,160,0.000%,.15960,1.01,0.03
GET /items?categoryId=796,416,19,15,26,51,157,5,185,0.000%,.20747,1.21,0.03
GET /items?categoryId=797,259,23,18,41,43,181,7,182,0.000%,.12918,0.81,0.02
GET /items?categoryId=798,310,19,16,35,47,59,5,66,0.000%,.15462,0.87,0.02
GET /items?categoryId=799,318,20,15,29,76,128,5,128,0.000%,.15860,0.89,0.03
GET /items?categoryId=800,289,23,16,48,71,128,5,135,0.000%,.14414,0.89,0.02
GET /items?categoryId=801,285,19,14,37,50,67,5,78,0.000%,.14214,0.79,0.02
GET /items?categoryId=802,263,39,18,120,125,178,4,206,0.000%,.13117,0.73,0.02
GET /items?categoryId=803,301,40,25,115,131,174,7,187,0.000%,.15012,0.94,0.02
GET /items?categoryId=804,291,25,17,53,64,145,7,173,0.000%,.14514,0.83,0.02
GET /items?categoryId=805,345,21,15,45,60,73,5,84,0.000%,.17206,0.96,0.03
GET /items?categoryId=806,273,27,16,67,85,113,6,133,0.000%,.13616,0.78,0.02
GET /items?categoryId=807,259,19,14,38,46,65,5,67,0.000%,.12919,0.66,0.02
GET /items?categoryId=808,364,22,16,29,47,188,5,195,0.000%,.18155,0.99,0.03
GET /items?categoryId=809,361,24,19,33,43,149,7,164,0.000%,.18006,1.13,0.03
GET /items?categoryId=810,262,16,15,28,38,50,5,50,0.000%,.13068,0.79,0.02
GET /items?categoryId=811,327,19,18,30,36,52,7,162,0.000%,.16311,1.02,0.03
GET /items?categoryId=812,396,20,16,33,49,109,4,139,0.000%,.19752,1.12,0.03
GET /items?categoryId=813,287,14,14,21,27,36,5,101,0.000%,.14315,0.80,0.02
GET /items?categoryId=814,315,14,14,21,23,29,5,33,0.000%,.15711,0.82,0.02
GET /items?categoryId=815,272,24,14,33,121,177,5,187,0.000%,.13567,0.79,0.02
GET /items?categoryId=816,320,23,16,34,100,167,5,185,0.000%,.15961,0.98,0.03
GET /items?categoryId=817,321,24,14,59,112,126,5,172,0.000%,.16011,0.82,0.03
GET /items?categoryId=818,296,36,15,124,156,173,5,184,0.000%,.14764,0.81,0.02
GET /items?categoryId=819,343,33,18,66,137,207,7,225,0.000%,.17109,1.08,0.03
GET /items?categoryId=820,376,28,18,54,110,129,7,152,0.000%,.18756,1.18,0.03
GET /items?categoryId=821,262,22,15,44,56,108,5,131,0.000%,.13070,0.71,0.02
GET /items?categoryId=822,243,30,17,77,103,216,8,227,0.000%,.12123,0.76,0.02
GET /items?categoryId=823,257,26,14,47,74,213,6,226,0.000%,.12821,0.69,0.02
GET /items?categoryId=824,337,24,18,37,64,120,6,130,0.000%,.16813,1.06,0.03
GET /items?categoryId=825,275,38,19,137,197,236,6,244,0.000%,.13720,0.86,0.02
GET /items?categoryId=826,324,27,13,85,140,169,5,177,0.000%,.16165,0.85,0.03
GET /items?categoryId=827,270,26,16,71,109,162,4,163,0.000%,.13472,0.70,0.02
GET /items?categoryId=828,325,21,14,27,55,216,5,247,0.000%,.16216,0.87,0.03
GET /items?categoryId=829,277,26,18,80,88,125,7,196,0.000%,.13821,0.87,0.02
GET /items?categoryId=830,258,42,20,70,296,324,6,325,0.000%,.12874,0.81,0.02
GET /items?categoryId=831,252,52,18,138,266,277,8,298,0.000%,.12575,0.79,0.02
GET /items?categoryId=832,279,25,18,53,87,116,7,118,0.000%,.13922,0.88,0.02
GET /items?categoryId=833,324,40,22,109,133,167,6,170,0.000%,.16168,1.02,0.03
GET /items?categoryId=834,288,21,16,39,61,87,5,106,0.000%,.14372,0.83,0.02
GET /items?categoryId=835,318,22,14,36,73,142,4,177,0.000%,.15870,0.89,0.03
GET /items?categoryId=836,257,27,15,38,119,171,6,189,0.000%,.12826,0.70,0.02
GET /items?categoryId=837,392,25,15,48,102,174,5,230,0.000%,.19564,1.21,0.03
GET /items?categoryId=838,276,26,20,49,65,78,7,231,0.000%,.13774,0.87,0.02
GET /items?categoryId=839,292,26,18,59,71,102,7,131,0.000%,.14573,0.92,0.02
GET /items?categoryId=840,340,17,14,29,47,67,5,71,0.000%,.16969,0.99,0.03
GET /items?categoryId=841,391,25,22,37,53,157,7,164,0.000%,.19514,1.23,0.03
GET /items?categoryId=842,312,19,16,32,49,85,5,85,0.000%,.15572,0.88,0.02
GET /items?categoryId=843,228,27,15,51,58,188,5,194,0.000%,.11380,0.59,0.02
GET /items?categoryId=844,300,26,14,63,95,177,5,181,0.000%,.14974,0.91,0.02
GET /items?categoryId=845,324,27,17,59,88,154,5,183,0.000%,.16171,0.91,0.03
GET /items?categoryId=846,323,25,15,45,73,213,5,229,0.000%,.16120,0.97,0.03
GET /items?categoryId=847,376,30,15,73,158,200,5,228,0.000%,.18766,1.10,0.03
GET /items?categoryId=848,269,31,19,95,121,162,7,166,0.000%,.13427,0.84,0.02
GET /items?categoryId=849,320,26,18,35,82,192,6,197,0.000%,.15973,1.01,0.03
GET /items?categoryId=850,361,31,22,70,113,141,7,145,0.000%,.18021,1.14,0.03
GET /items?categoryId=851,330,23,19,50,59,89,7,129,0.000%,.16474,1.04,0.03
GET /items?categoryId=852,315,21,18,35,61,107,5,153,0.000%,.15725,0.84,0.02
GET /items?categoryId=853,329,28,23,52,69,87,6,157,0.000%,.16425,1.03,0.03
GET /items?categoryId=854,367,25,21,42,55,75,7,217,0.000%,.18320,1.15,0.03
GET /items?categoryId=855,293,25,18,52,56,136,5,143,0.000%,.14626,0.83,0.02
GET /items?categoryId=856,239,21,18,36,36,122,7,122,0.000%,.11931,0.75,0.02
GET /items?categoryId=857,301,25,18,41,78,104,6,126,0.000%,.15026,0.94,0.02
GET /items?categoryId=858,357,26,16,48,116,149,5,152,0.000%,.17822,1.08,0.03
GET /items?categoryId=859,388,19,16,36,44,58,5,203,0.000%,.19370,0.99,0.03
GET /items?categoryId=860,249,19,14,33,50,88,5,224,0.000%,.12431,0.68,0.02
GET /items?categoryId=861,352,24,18,40,79,151,5,187,0.000%,.17572,1.08,0.03
GET /items?categoryId=862,383,26,21,45,66,103,5,166,0.000%,.19121,1.16,0.03
GET /items?categoryId=863,289,20,16,37,49,84,5,94,0.000%,.14429,0.74,0.02
GET /items?categoryId=865,359,24,16,42,120,125,5,138,0.000%,.17923,1.11,0.03
GET /items?categoryId=864,267,22,19,35,58,77,8,86,0.000%,.13330,0.84,0.02
GET /items?categoryId=866,368,31,16,86,156,211,5,224,0.000%,.18373,0.95,0.03
GET /items?categoryId=867,287,43,21,124,173,208,7,218,0.000%,.14329,0.90,0.02
GET /items?categoryId=868,284,24,18,47,106,133,5,160,0.000%,.14181,0.88,0.02
GET /items?categoryId=869,292,29,19,44,150,159,6,159,0.000%,.14580,0.91,0.02
GET /items?categoryId=870,296,25,18,49,69,97,7,184,0.000%,.14781,0.93,0.02
GET /items?categoryId=871,422,29,20,68,92,147,7,152,0.000%,.21073,1.32,0.03
GET /items?categoryId=872,283,23,14,42,81,146,5,146,0.000%,.14133,0.84,0.02
GET /items?categoryId=873,313,22,17,32,84,114,7,115,0.000%,.15631,0.98,0.02
GET /items?categoryId=874,404,22,13,39,84,166,4,231,0.000%,.20177,1.22,0.03
GET /items?categoryId=875,259,28,13,68,84,172,5,173,0.000%,.12936,0.69,0.02
GET /items?categoryId=876,298,21,16,40,59,76,4,92,0.000%,.14885,0.81,0.02
GET /items?categoryId=877,334,20,14,35,57,95,4,98,0.000%,.16682,1.01,0.03
GET /items?categoryId=878,315,24,17,48,55,139,6,164,0.000%,.15734,0.99,0.02
GET /items?categoryId=879,292,24,19,60,70,120,5,143,0.000%,.14585,0.82,0.02
GET /items?categoryId=880,361,21,20,36,38,70,6,70,0.000%,.18031,1.14,0.03
GET /items?categoryId=881,268,19,18,32,34,56,7,64,0.000%,.13386,0.84,0.02
GET /items?categoryId=882,269,18,13,32,48,55,5,205,0.000%,.13436,0.77,0.02
GET /items?categoryId=883,326,25,15,49,96,166,5,191,0.000%,.16284,0.89,0.03
GET /items?categoryId=884,277,24,17,47,77,86,8,121,0.000%,.13836,0.87,0.02
GET /items?categoryId=885,286,18,16,30,38,58,5,65,0.000%,.14286,0.75,0.02
GET /items?categoryId=886,312,18,15,32,41,56,6,105,0.000%,.15585,0.89,0.02
GET /items?categoryId=887,373,24,17,49,64,128,5,135,0.000%,.18631,0.99,0.03
GET /items?categoryId=888,278,37,20,117,178,184,7,194,0.000%,.13886,0.87,0.02
GET /items?categoryId=889,315,28,21,46,85,117,7,180,0.000%,.15734,0.99,0.02
GET /items?categoryId=890,335,23,14,38,70,191,5,192,0.000%,.16735,1.02,0.03
GET /items?categoryId=891,319,22,17,39,50,80,7,223,0.000%,.15935,1.00,0.03
GET /items?categoryId=892,274,26,21,47,59,139,7,166,0.000%,.13689,0.86,0.02
GET /items?categoryId=893,271,24,20,37,52,101,7,116,0.000%,.13538,0.86,0.02
GET /items?categoryId=894,391,20,15,35,50,118,5,120,0.000%,.19534,1.09,0.03
GET /items?categoryId=895,301,25,18,42,89,119,7,159,0.000%,.15038,0.95,0.02
GET /items?categoryId=896,335,28,18,50,113,143,5,153,0.000%,.16737,1.03,0.03
GET /items?categoryId=897,242,31,23,57,85,149,6,193,0.000%,.12090,0.76,0.02
GET /items?categoryId=898,380,28,16,45,136,178,5,200,0.000%,.18986,1.06,0.03
GET /items?categoryId=899,264,33,19,59,140,182,7,187,0.000%,.13191,0.83,0.02
GET /items?categoryId=900,333,23,19,41,54,86,8,181,0.000%,.16639,1.05,0.03
GET /items?categoryId=901,279,22,19,37,53,57,8,66,0.000%,.13941,0.87,0.02
GET /items?categoryId=902,376,23,18,39,48,93,8,146,0.000%,.18788,1.19,0.03
GET /items?categoryId=903,363,19,14,40,54,74,5,232,0.000%,.18139,1.05,0.03
GET /items?categoryId=904,313,24,16,40,55,228,5,243,0.000%,.15641,0.97,0.02
GET /items?categoryId=905,297,23,19,40,44,96,7,118,0.000%,.14842,0.94,0.02
GET /items?categoryId=906,356,32,20,71,138,147,7,225,0.000%,.17789,1.12,0.03
GET /items?categoryId=907,354,19,15,36,53,72,5,74,0.000%,.17689,0.97,0.03
GET /items?categoryId=908,352,23,19,39,42,118,7,140,0.000%,.17590,1.11,0.03
GET /items?categoryId=909,274,19,17,31,36,49,9,63,0.000%,.13692,0.86,0.02
GET /items?categoryId=910,336,22,20,38,42,51,7,161,0.000%,.16792,1.06,0.03
GET /items?categoryId=911,352,24,19,47,72,87,7,108,0.000%,.17591,1.10,0.03
GET /items?categoryId=912,259,25,17,33,55,224,7,226,0.000%,.12944,0.81,0.02
GET /items?categoryId=913,351,26,14,41,102,216,5,239,0.000%,.17541,1.08,0.03
GET /items?categoryId=914,257,26,15,48,109,121,6,143,0.000%,.12844,0.70,0.02
GET /items?categoryId=915,340,31,19,81,103,159,6,161,0.000%,.16992,1.07,0.03
GET /items?categoryId=916,311,23,15,38,81,194,5,219,0.000%,.15544,0.92,0.02
GET /items?categoryId=918,286,22,18,40,50,69,8,70,0.000%,.14295,0.90,0.02
GET /items?categoryId=917,274,21,16,38,55,91,7,94,0.000%,.13695,0.86,0.02
GET /items?categoryId=919,395,26,20,47,57,111,8,165,0.000%,.19743,1.24,0.03
GET /items?categoryId=920,249,23,21,40,45,69,7,79,0.000%,.12447,0.78,0.02
GET /items?categoryId=921,283,27,21,51,69,134,7,142,0.000%,.14147,0.89,0.02
GET /items?categoryId=922,270,21,16,44,47,67,5,134,0.000%,.13496,0.83,0.02
GET /items?categoryId=923,377,22,17,35,67,133,4,139,0.000%,.18844,1.05,0.03
GET /items?categoryId=924,285,32,23,61,87,159,7,204,0.000%,.14246,0.90,0.02
GET /items?categoryId=925,298,27,18,49,95,144,5,194,0.000%,.14896,0.84,0.02
GET /items?categoryId=926,340,30,18,42,132,173,7,174,0.000%,.16996,1.07,0.03
GET /items?categoryId=927,308,24,14,30,102,167,6,169,0.000%,.15397,0.89,0.02
GET /items?categoryId=928,342,28,19,67,84,128,6,168,0.000%,.17098,1.07,0.03
GET /items?categoryId=929,312,31,19,81,126,155,8,192,0.000%,.15599,0.98,0.02
GET /items?categoryId=930,343,38,17,69,267,277,8,290,0.000%,.17149,1.07,0.03
GET /items?categoryId=931,306,26,14,41,136,198,5,199,0.000%,.15300,0.78,0.02
GET /items?categoryId=932,363,28,18,57,92,125,8,200,0.000%,.18151,1.14,0.03
GET /items?categoryId=933,322,26,19,35,46,182,7,193,0.000%,.16101,1.01,0.03
GET /items?categoryId=934,330,27,18,75,88,117,7,171,0.000%,.16502,1.04,0.03
GET /items?categoryId=935,295,22,17,34,64,123,6,136,0.000%,.14753,0.92,0.02
GET /items?categoryId=936,367,33,19,70,93,224,6,278,0.000%,.18355,1.15,0.03
GET /items?categoryId=937,328,21,16,38,66,99,5,100,0.000%,.16404,0.90,0.03
GET /items?categoryId=938,387,24,18,50,58,119,7,140,0.000%,.19355,1.22,0.03
GET /items?categoryId=939,242,19,14,44,52,101,5,105,0.000%,.12104,0.63,0.02
GET /items?categoryId=940,358,32,18,108,157,192,8,201,0.000%,.17906,1.13,0.03
GET /items?categoryId=941,408,23,19,35,46,104,8,129,0.000%,.20407,1.29,0.03
GET /items?categoryId=942,287,23,19,31,35,241,7,260,0.000%,.14356,0.90,0.02
GET /items?categoryId=943,310,25,18,27,60,242,7,246,0.000%,.15506,0.98,0.02
GET /items?categoryId=944,321,22,20,34,38,62,7,72,0.000%,.16056,1.01,0.03
GET /items?categoryId=945,364,15,14,24,30,42,5,68,0.000%,.18207,0.94,0.03
GET /items?categoryId=946,336,21,19,32,43,73,7,208,0.000%,.16807,1.05,0.03
GET /items?categoryId=947,321,21,19,32,36,49,8,54,0.000%,.16057,1.01,0.03
GET /items?categoryId=948,309,15,14,24,29,33,5,35,0.000%,.15457,0.79,0.02
GET /items?categoryId=949,365,25,18,33,72,148,7,161,0.000%,.18256,1.15,0.03
GET /items?categoryId=950,315,23,21,36,41,76,7,123,0.000%,.15756,0.99,0.02
GET /items?categoryId=951,311,16,15,26,32,41,5,44,0.000%,.15555,0.79,0.02
GET /items?categoryId=952,372,20,18,29,33,44,8,117,0.000%,.18607,1.18,0.03
GET /items?categoryId=953,251,16,13,29,33,37,5,45,0.000%,.12555,0.69,0.02
GET /items?categoryId=954,385,29,18,38,65,194,8,210,0.000%,.19258,1.22,0.03
GET /items?categoryId=955,230,16,15,27,32,36,7,42,0.000%,.11505,0.67,0.02
GET /items?categoryId=956,219,21,19,33,38,45,8,46,0.000%,.12313,0.77,0.02
GET /items?categoryId=957,258,22,20,41,43,52,8,59,0.000%,.14504,0.91,0.02
GET /items?categoryId=958,260,16,14,26,35,37,5,37,0.000%,.14617,0.89,0.02
GET /items?categoryId=959,300,16,15,26,32,37,5,71,0.000%,.16865,1.04,0.03
GET /items?categoryId=960,251,18,17,30,32,35,6,38,0.000%,.14112,0.84,0.02
GET /items?categoryId=961,339,22,20,29,38,185,8,204,0.000%,.19059,1.20,0.03
GET /items?categoryId=962,257,34,16,49,186,197,5,214,0.000%,.14447,0.77,0.02
GET /items?categoryId=963,315,19,15,30,35,205,6,216,0.000%,.17708,0.95,0.03
GET /items?categoryId=964,257,14,14,22,29,34,6,35,0.000%,.14447,0.88,0.02
GET /items?categoryId=965,306,15,14,24,30,38,6,40,0.000%,.17202,0.88,0.03
GET /items?categoryId=966,281,15,14,23,29,38,6,41,0.000%,.15796,0.80,0.02
GET /items?categoryId=967,273,16,15,26,29,38,6,38,0.000%,.15347,0.91,0.02
GET /items?categoryId=968,220,13,13,19,22,31,5,36,0.000%,.12367,0.73,0.02
GET /items?categoryId=969,225,15,13,21,24,46,5,213,0.000%,.12648,0.66,0.02
GET /items?categoryId=970,310,20,16,35,45,144,5,173,0.000%,.17427,1.07,0.03
GET /items?categoryId=971,304,23,22,34,38,49,8,147,0.000%,.17089,1.07,0.03
GET /items?categoryId=972,297,21,20,36,42,59,7,61,0.000%,.16695,1.05,0.03
GET /items?categoryId=973,260,21,17,35,43,54,8,58,0.000%,.14616,0.92,0.02
GET /items?categoryId=974,250,15,14,22,24,29,6,32,0.000%,.14053,0.79,0.02
GET /items?categoryId=975,296,20,19,31,33,41,7,41,0.000%,.16639,1.05,0.03
GET /items?categoryId=976,278,15,15,22,26,36,5,44,0.000%,.15627,0.82,0.02
GET /items?categoryId=977,256,20,17,32,36,40,7,146,0.000%,.14391,0.91,0.02
GET /items?categoryId=978,316,18,14,29,39,90,5,148,0.000%,.17763,1.03,0.03
GET /items?categoryId=979,264,22,19,43,49,56,8,57,0.000%,.14841,0.93,0.02
GET /items?categoryId=980,325,24,21,38,44,93,7,171,0.000%,.18269,1.15,0.03
GET /items?categoryId=981,275,15,13,23,29,40,6,40,0.000%,.15459,0.79,0.02
GET /items?categoryId=982,315,13,12,20,24,31,5,32,0.000%,.17707,0.91,0.03
GET /items?categoryId=983,257,18,16,30,34,38,7,43,0.000%,.14447,0.91,0.02
GET /items?categoryId=984,307,14,13,22,23,25,5,27,0.000%,.17257,1.07,0.03
GET /items?categoryId=985,269,17,13,25,39,163,5,171,0.000%,.15121,0.92,0.02
GET /items?categoryId=986,355,19,15,27,34,129,5,170,0.000%,.19955,1.02,0.03
GET /items?categoryId=987,272,19,17,28,32,40,7,123,0.000%,.15291,0.96,0.02
GET /items?categoryId=988,283,20,16,29,34,115,7,154,0.000%,.15908,1.00,0.03
GET /items?categoryId=989,263,20,16,32,34,115,7,127,0.000%,.14784,0.93,0.02
GET /items?categoryId=990,263,13,13,22,24,27,5,31,0.000%,.14784,0.88,0.02
GET /items?categoryId=991,364,18,18,29,33,36,6,42,0.000%,.20461,1.30,0.03
GET /items?categoryId=992,214,14,13,21,25,30,5,30,0.000%,.12030,0.73,0.02
GET /items?categoryId=993,218,16,17,24,25,26,8,31,0.000%,.12255,0.77,0.02
GET /items?categoryId=994,269,21,17,32,37,132,6,137,0.000%,.15121,0.95,0.02
GET /items?categoryId=995,273,23,18,42,51,70,7,188,0.000%,.15346,0.96,0.02
GET /items?categoryId=996,278,16,14,25,37,47,5,50,0.000%,.15626,0.91,0.02
GET /items?categoryId=997,290,20,18,29,33,46,8,211,0.000%,.16301,1.02,0.03
GET /items?categoryId=998,305,13,13,21,23,31,5,37,0.000%,.17144,0.92,0.03
GET /items?categoryId=999,287,18,16,28,32,40,7,42,0.000%,.16133,1.02,0.03
GET /items?categoryId=1000,286,16,16,24,27,29,7,31,0.000%,.16077,1.02,0.03
GET /items?categoryId=1001,320,19,16,33,38,51,7,170,0.000%,.17988,1.14,0.03
GET /items?categoryId=1002,269,19,17,33,38,43,9,44,0.000%,.15121,0.96,0.02
GET /items?categoryId=1003,314,24,17,44,51,167,7,232,0.000%,.17650,1.12,0.03
GET /items?categoryId=1004,264,21,15,35,47,121,5,177,0.000%,.14840,0.84,0.02
GET /items?categoryId=1005,293,20,19,31,34,52,7,63,0.000%,.16471,1.04,0.03
GET /items?categoryId=1006,342,14,14,23,28,36,5,36,0.000%,.19224,1.13,0.03
GET /items?categoryId=1007,341,19,18,31,37,41,7,42,0.000%,.19169,1.21,0.03
GET /items?categoryId=1008,214,15,14,25,36,38,5,38,0.000%,.12030,0.66,0.02
GET /items?categoryId=1009,314,20,19,29,35,48,8,208,0.000%,.17651,1.12,0.03
GET /items?categoryId=1010,319,21,14,30,39,185,5,190,0.000%,.17932,1.01,0.03
GET /items?categoryId=1011,263,15,14,25,31,33,5,60,0.000%,.14785,0.85,0.02
GET /items?categoryId=1012,237,22,19,31,43,102,7,207,0.000%,.13323,0.85,0.02
GET /items?categoryId=1013,361,14,14,20,27,40,6,41,0.000%,.20292,1.27,0.03
GET /items?categoryId=1014,321,14,14,20,25,33,6,61,0.000%,.18044,1.04,0.03
GET /items?categoryId=1015,189,18,19,27,28,32,7,32,0.000%,.10624,0.67,0.02
GET /items?categoryId=1016,323,14,15,20,22,24,5,28,0.000%,.18156,0.94,0.03
GET /items?categoryId=1017,235,20,13,21,55,160,5,174,0.000%,.13210,0.76,0.02
GET /items?categoryId=1018,240,20,18,29,51,60,8,60,0.000%,.13491,0.86,0.02
GET /items?categoryId=1019,257,19,17,33,39,44,9,103,0.000%,.14446,0.91,0.02
GET /items?categoryId=1020,285,22,19,32,40,158,8,176,0.000%,.16020,1.01,0.03
GET /items?categoryId=1021,234,23,21,34,51,99,8,118,0.000%,.13154,0.84,0.02
GET /items?categoryId=1022,272,15,14,24,28,31,5,32,0.000%,.15290,0.91,0.02
GET /items?categoryId=1023,266,17,16,25,27,32,7,36,0.000%,.14952,0.94,0.02
GET /items?categoryId=1024,248,19,17,34,37,56,9,58,0.000%,.13940,0.88,0.02
GET /items?categoryId=1025,283,22,20,37,40,54,9,67,0.000%,.15908,1.01,0.03
GET /items?categoryId=1026,346,22,14,31,56,168,6,170,0.000%,.19448,1.07,0.03
GET /items?categoryId=1027,279,27,19,57,98,101,9,110,0.000%,.15683,0.99,0.02
GET /items?categoryId=1028,315,21,18,34,38,50,9,179,0.000%,.17706,1.12,0.03
GET /items?categoryId=1029,310,23,15,32,110,166,5,178,0.000%,.17426,1.05,0.03
GET /items?categoryId=1030,292,18,17,29,31,35,8,39,0.000%,.16414,1.04,0.03
GET /items?categoryId=1031,301,14,13,22,27,35,6,36,0.000%,.16919,1.03,0.03
GET /items?categoryId=1032,273,18,17,26,29,36,9,39,0.000%,.15346,0.97,0.02
GET /items?categoryId=1033,327,28,14,35,214,222,5,228,0.000%,.18381,0.95,0.03
GET /items?categoryId=1034,325,21,20,30,35,44,7,59,0.000%,.18268,1.16,0.03
GET /items?categoryId=1035,182,13,12,22,25,37,5,41,0.000%,.10231,0.56,0.02
GET /items?categoryId=1036,283,19,20,28,32,36,8,47,0.000%,.15908,1.01,0.03
GET /items?categoryId=1037,294,27,22,38,51,175,7,214,0.000%,.16525,1.05,0.03
GET /items?categoryId=1038,318,20,17,29,42,79,7,106,0.000%,.17874,1.13,0.03
GET /items?categoryId=1039,212,14,13,20,32,33,5,39,0.000%,.11916,0.66,0.02
GET /items?categoryId=1040,322,21,18,34,37,45,7,163,0.000%,.18099,1.15,0.03
GET /items?categoryId=1041,341,26,19,34,40,165,7,205,0.000%,.19167,1.21,0.03
GET /items?categoryId=1042,280,18,17,27,33,49,8,59,0.000%,.15738,1.00,0.03
GET /items?categoryId=1043,252,21,18,32,48,50,8,53,0.000%,.14164,0.89,0.02
GET /items?categoryId=1044,315,23,20,31,34,221,9,223,0.000%,.17703,1.13,0.03
GET /items?categoryId=1045,255,32,21,35,127,211,8,219,0.000%,.14332,0.91,0.02
GET /items?categoryId=1046,259,18,18,26,30,42,5,128,0.000%,.14556,0.76,0.02
GET /items?categoryId=1047,247,18,17,27,30,45,8,47,0.000%,.13882,0.88,0.02
GET /items?categoryId=1048,326,25,21,43,46,56,8,220,0.000%,.18323,1.17,0.03
GET /items?categoryId=1049,357,17,15,27,34,50,5,53,0.000%,.20065,1.18,0.03
GET /items?categoryId=1050,286,17,14,27,31,41,9,57,0.000%,.16074,1.02,0.03
GET /items?categoryId=1051,235,18,15,28,32,40,7,41,0.000%,.13208,0.83,0.02
GET /items?categoryId=1052,275,27,15,37,161,179,8,187,0.000%,.15456,0.98,0.02
GET /items?categoryId=1053,245,46,21,171,181,199,5,225,0.000%,.13769,0.83,0.02
GET /items?categoryId=1055,252,20,19,31,34,49,8,51,0.000%,.14162,0.90,0.02
GET /items?categoryId=1054,302,21,19,37,41,44,7,48,0.000%,.16972,1.07,0.03
GET /items?categoryId=1056,286,24,17,45,52,138,7,155,0.000%,.16073,1.02,0.03
GET /items?categoryId=1057,318,19,16,31,42,46,8,50,0.000%,.17872,1.13,0.03
GET /items?categoryId=1058,280,14,13,24,27,34,5,38,0.000%,.15736,0.89,0.03
GET /items?categoryId=1059,271,18,15,27,35,41,7,41,0.000%,.15231,0.96,0.02
GET /items?categoryId=1060,326,14,13,23,26,33,4,35,0.000%,.18322,1.05,0.03
GET /items?categoryId=1061,279,25,17,35,62,192,5,193,0.000%,.15679,0.96,0.02
GET /items?categoryId=1062,318,18,17,34,36,42,5,71,0.000%,.17870,1.01,0.03
GET /items?categoryId=1063,317,23,18,29,36,213,7,228,0.000%,.17814,1.13,0.03
GET /items?categoryId=1064,207,15,11,30,31,36,5,42,0.000%,.11633,0.70,0.02
GET /items?categoryId=1065,267,17,15,30,33,47,5,48,0.000%,.15005,0.82,0.02
GET /items?categoryId=1066,319,17,13,31,56,64,5,74,0.000%,.17927,1.05,0.03
GET /items?categoryId=1067,322,15,13,26,29,46,5,64,0.000%,.18095,0.98,0.03
GET /items?categoryId=1068,310,19,16,29,33,54,8,120,0.000%,.17419,1.11,0.03
GET /items?categoryId=1069,294,21,18,35,40,57,7,159,0.000%,.16520,1.05,0.03
GET /items?categoryId=1070,277,16,14,26,34,49,5,201,0.000%,.15566,0.96,0.02
GET /items?categoryId=1071,281,20,13,60,64,64,5,76,0.000%,.15791,0.87,0.03
GET /items?categoryId=1072,330,15,13,24,33,55,6,63,0.000%,.18544,1.07,0.03
GET /items?categoryId=1073,343,19,18,28,37,57,8,57,0.000%,.19274,1.22,0.03
GET /items?categoryId=1074,237,13,13,20,20,22,5,31,0.000%,.13318,0.77,0.02
GET /items?categoryId=1075,270,14,12,22,31,33,6,35,0.000%,.15172,0.93,0.02
GET /items?categoryId=1076,303,15,13,22,23,58,5,188,0.000%,.17025,0.98,0.03
GET /items?categoryId=1077,347,18,13,26,36,162,5,179,0.000%,.19497,1.03,0.03
GET /items?categoryId=1078,278,24,19,36,58,161,9,215,0.000%,.15620,0.99,0.02
GET /items?categoryId=1079,290,20,18,33,36,47,8,68,0.000%,.16294,1.03,0.03
GET /items?categoryId=1080,284,21,18,32,39,68,8,91,0.000%,.15958,1.01,0.03
GET /items?categoryId=1081,304,22,20,33,51,53,8,89,0.000%,.17081,1.08,0.03
GET /items?categoryId=1082,279,18,18,27,29,40,9,40,0.000%,.15677,1.00,0.02
GET /items?categoryId=1083,270,22,17,28,34,197,7,219,0.000%,.15169,0.96,0.02
GET /items?categoryId=1084,245,18,15,23,35,161,5,176,0.000%,.13765,0.74,0.02
GET /items?categoryId=1085,282,33,20,39,168,221,7,231,0.000%,.15844,1.00,0.03
GET /items?categoryId=1086,292,21,18,36,39,97,8,132,0.000%,.16405,1.04,0.03
GET /items?categoryId=1087,275,14,14,22,26,31,5,32,0.000%,.15450,0.85,0.02
GET /items?categoryId=1088,226,14,13,24,27,32,5,32,0.000%,.12698,0.74,0.02
GET /items?categoryId=1089,313,20,16,32,34,77,8,80,0.000%,.17586,1.11,0.03
GET /items?categoryId=1090,248,27,20,40,99,107,9,107,0.000%,.13934,0.88,0.02
GET /items?categoryId=1091,286,29,18,36,104,224,7,230,0.000%,.16067,1.02,0.03
GET /items?categoryId=1092,285,23,17,32,45,219,8,220,0.000%,.16011,1.02,0.03
GET /items?categoryId=1093,331,25,13,35,151,207,5,213,0.000%,.18595,1.05,0.03
GET /items?categoryId=1094,257,26,20,32,41,166,8,179,0.000%,.14438,0.92,0.02
GET /items?categoryId=1095,221,15,14,24,26,37,5,38,0.000%,.12416,0.73,0.02
GET /items?categoryId=1096,238,19,18,29,32,36,8,39,0.000%,.13371,0.85,0.02
GET /items?categoryId=1097,225,18,18,30,31,33,7,37,0.000%,.12641,0.81,0.02
GET /items?categoryId=1098,320,15,14,25,29,65,5,65,0.000%,.17978,1.03,0.03
GET /items?categoryId=1099,265,25,18,59,76,87,7,133,0.000%,.14888,0.94,0.02
GET /items?categoryId=1100,282,32,22,51,96,192,8,223,0.000%,.15841,1.00,0.03
GET /items?categoryId=1101,279,23,22,37,42,48,9,55,0.000%,.15673,0.99,0.02
GET /items?categoryId=1102,337,22,20,33,42,54,8,211,0.000%,.18932,1.21,0.03
GET /items?categoryId=1103,318,23,21,35,45,55,8,58,0.000%,.17864,1.13,0.03
GET /items?categoryId=1104,301,19,17,29,32,41,8,44,0.000%,.16910,1.07,0.03
GET /items?categoryId=1105,245,13,12,19,20,26,5,28,0.000%,.13764,0.84,0.02
GET /items?categoryId=1106,352,21,17,31,36,95,7,106,0.000%,.19775,1.25,0.03
GET /items?categoryId=1107,252,19,13,31,33,215,5,216,0.000%,.14156,0.84,0.02
GET /items?categoryId=1108,311,16,13,29,43,51,6,87,0.000%,.17472,1.06,0.03
GET /items?categoryId=1109,221,21,20,33,36,52,8,72,0.000%,.12415,0.79,0.02
GET /items?categoryId=1110,229,19,17,32,46,57,5,101,0.000%,.12864,0.67,0.02
GET /items?categoryId=1111,319,19,16,32,38,115,5,135,0.000%,.17920,0.97,0.03
GET /items?categoryId=1112,259,17,17,32,36,46,5,90,0.000%,.14550,0.90,0.02
GET /items?categoryId=1113,291,15,13,24,28,40,5,41,0.000%,.16346,0.90,0.03
GET /items?categoryId=1114,332,16,14,26,33,47,5,47,0.000%,.18650,1.03,0.03
GET /items?categoryId=1115,261,21,15,33,37,214,6,214,0.000%,.14660,0.76,0.02
GET /items?categoryId=1116,331,22,19,35,42,48,8,218,0.000%,.18592,1.18,0.03
GET /items?categoryId=1117,295,20,16,37,52,116,6,150,0.000%,.16570,0.89,0.03
GET /items?categoryId=1118,276,20,16,32,42,134,5,178,0.000%,.15504,0.91,0.02
GET /items?categoryId=1119,291,23,21,34,37,60,8,183,0.000%,.16345,1.04,0.03
GET /items?categoryId=1120,240,18,17,28,31,34,8,42,0.000%,.13481,0.85,0.02
GET /items?categoryId=1121,265,20,18,33,39,45,8,49,0.000%,.14885,0.94,0.02
GET /items?categoryId=1122,251,18,14,33,44,53,6,53,0.000%,.14099,0.87,0.02
GET /items?categoryId=1123,315,28,21,49,58,194,7,255,0.000%,.17692,1.12,0.03
GET /items?categoryId=1124,225,24,15,35,78,190,6,194,2.667%,.12637,0.75,0.02
GET /items?categoryId=1125,333,26,17,52,77,140,9,174,5.105%,.18702,1.15,0.03
GET /items?categoryId=1126,255,20,12,31,43,192,4,193,0.000%,.14323,0.84,0.02
GET /items?categoryId=1127,250,30,17,41,167,197,8,197,0.000%,.14041,0.89,0.02
GET /items?categoryId=1128,283,22,20,36,42,43,7,53,1.767%,.15895,1.00,0.02
GET /items?categoryId=1129,225,27,27,40,62,73,8,101,8.000%,.12638,0.76,0.02
GET /items?categoryId=1130,222,21,16,45,60,81,5,100,14.865%,.12469,0.63,0.02
GET /items?categoryId=1131,299,20,15,30,37,165,5,243,15.050%,.16791,0.80,0.02
GET /items?categoryId=1132,234,25,14,33,133,193,5,193,13.248%,.13142,0.69,0.02
GET /items?categoryId=1133,223,27,24,46,53,175,7,179,4.484%,.12524,0.77,0.02
GET /items?categoryId=1134,299,19,17,32,36,93,5,105,4.013%,.16791,0.96,0.03
GET /items?categoryId=1135,261,17,15,27,30,36,5,170,0.000%,.14658,0.77,0.02
GET /items?categoryId=1136,252,27,17,44,56,168,8,170,0.000%,.14153,0.90,0.02
GET /items?categoryId=1137,293,20,20,27,39,44,7,45,0.000%,.16456,1.04,0.03
GET /items?categoryId=1138,243,22,18,38,47,88,8,90,6.996%,.13647,0.83,0.02
GET /items?categoryId=1139,337,31,23,62,104,125,8,259,16.320%,.18924,1.07,0.03
GET /items?categoryId=1140,256,27,22,44,51,66,6,241,12.109%,.14376,0.84,0.02
GET /items?categoryId=1141,315,24,21,41,48,51,8,54,10.476%,.17688,1.05,0.03
GET /items?categoryId=1142,236,26,22,43,47,61,9,80,8.475%,.13253,0.79,0.02
GET /items?categoryId=1143,234,23,19,38,42,79,7,86,0.000%,.13140,0.84,0.02
GET /items?categoryId=1144,303,16,13,27,34,61,6,117,0.000%,.17015,0.94,0.03
GET /items?categoryId=1145,289,20,18,32,45,45,8,116,0.000%,.16229,1.03,0.03
GET /items?categoryId=1146,290,20,15,27,32,190,5,246,6.897%,.16283,0.81,0.02
GET /items?categoryId=1147,298,38,22,105,138,165,7,237,15.772%,.16734,0.96,0.02
GET /items?categoryId=1148,330,20,17,42,48,54,5,60,12.121%,.18530,1.03,0.03
GET /items?categoryId=1149,267,24,20,48,65,70,9,71,8.989%,.14992,0.90,0.02
GET /items?categoryId=1150,260,22,20,33,48,52,9,54,6.923%,.14599,0.89,0.02
GET /items?categoryId=1151,295,17,15,28,30,40,6,80,0.000%,.16564,1.03,0.03
GET /items?categoryId=1152,271,22,14,32,42,163,6,164,0.000%,.15217,0.93,0.02
GET /items?categoryId=1153,313,17,14,25,32,48,5,161,0.000%,.17575,0.91,0.03
GET /items?categoryId=1154,284,22,15,40,71,113,6,132,5.282%,.15947,0.83,0.02
GET /items?categoryId=1155,253,19,15,33,41,78,6,113,18.182%,.14206,0.67,0.02
GET /items?categoryId=1156,350,22,18,45,60,115,5,127,11.143%,.19652,0.95,0.03
GET /items?categoryId=1157,231,19,17,32,41,43,5,90,8.225%,.12970,0.77,0.02
GET /items?categoryId=1158,306,25,24,39,45,47,7,87,4.575%,.17181,1.06,0.03
GET /items?categoryId=1159,280,16,14,27,29,36,6,37,0.000%,.15723,0.94,0.03
GET /items?categoryId=1160,283,19,13,29,81,96,6,122,0.000%,.15890,0.82,0.03
GET /items?categoryId=1161,321,24,21,35,45,104,8,139,0.000%,.18025,1.14,0.03
GET /items?categoryId=1162,288,20,16,39,61,70,6,113,5.556%,.16172,0.83,0.02
GET /items?categoryId=1163,263,23,15,53,76,91,5,180,14.829%,.14768,0.73,0.02
GET /items?categoryId=1164,313,24,17,42,59,76,8,78,12.460%,.17576,1.02,0.02
GET /items?categoryId=1165,334,15,12,27,37,43,5,57,10.778%,.18755,1.01,0.03
GET /items?categoryId=1166,296,22,18,34,43,97,8,107,8.784%,.16621,0.99,0.02
GET /items?categoryId=1167,244,15,13,26,35,36,6,39,0.000%,.13702,0.76,0.02
GET /items?categoryId=1168,250,21,16,30,33,176,7,176,0.000%,.14039,0.89,0.02
GET /items?categoryId=1169,328,18,11,31,39,100,5,168,0.000%,.18418,1.04,0.03
GET /items?categoryId=1170,306,21,10,28,62,192,5,280,4.902%,.17184,0.88,0.03
GET /items?categoryId=1171,278,35,18,91,149,204,7,212,12.950%,.15612,0.91,0.02
GET /items?categoryId=1172,256,17,11,40,43,55,5,170,12.109%,.14377,0.79,0.02
GET /items?categoryId=1173,252,20,17,33,43,43,8,47,6.746%,.14152,0.86,0.02
GET /items?categoryId=1174,296,14,12,25,29,32,5,55,0.000%,.16623,0.92,0.03
GET /items?categoryId=1175,301,17,16,24,28,33,7,34,0.000%,.16904,1.07,0.03
GET /items?categoryId=1176,312,14,12,22,26,44,4,96,0.000%,.17522,0.91,0.03
GET /items?categoryId=1177,271,37,19,50,190,244,7,247,0.000%,.15220,0.97,0.02
GET /items?categoryId=1178,295,31,14,77,163,211,4,230,8.136%,.16567,0.97,0.02
GET /items?categoryId=1179,268,24,18,46,61,106,8,193,14.925%,.15052,0.86,0.02
GET /items?categoryId=1180,235,21,17,38,47,53,7,57,8.936%,.13199,0.79,0.02
GET /items?categoryId=1181,243,15,13,27,32,34,5,65,0.412%,.13648,0.80,0.02
GET /items?categoryId=1182,241,14,12,25,27,34,5,36,0.000%,.13536,0.85,0.02
GET /items?categoryId=1183,281,13,12,20,21,26,5,28,0.000%,.15783,0.84,0.03
GET /items?categoryId=1184,248,14,12,25,33,41,5,42,0.000%,.13929,0.83,0.02
GET /items?categoryId=1185,296,28,13,39,176,233,5,236,0.000%,.16625,0.94,0.03
GET /items?categoryId=1186,265,39,24,115,143,183,7,191,10.566%,.14884,0.88,0.02
GET /items?categoryId=1187,266,34,22,76,97,174,7,188,15.789%,.14941,0.85,0.02
GET /items?categoryId=1188,241,17,14,32,46,47,5,57,12.448%,.13537,0.71,0.02
GET /items?categoryId=1189,285,15,13,26,32,38,5,57,7.368%,.16008,0.95,0.02
GET /items?categoryId=1190,268,20,18,31,38,49,8,82,0.000%,.15053,0.96,0.02
GET /items?categoryId=1191,286,15,14,24,32,44,5,61,0.000%,.16065,0.88,0.03
GET /items?categoryId=1192,234,19,18,28,31,36,8,39,0.000%,.13144,0.83,0.02
GET /items?categoryId=1193,290,25,13,54,133,223,5,265,0.690%,.16290,0.89,0.03
GET /items?categoryId=1194,267,36,17,147,154,191,6,196,11.610%,.14998,0.88,0.02
GET /items?categoryId=1195,318,29,15,93,122,154,5,154,12.893%,.17862,0.94,0.02
GET /items?categoryId=1196,277,26,15,100,108,109,4,110,6.498%,.15560,0.91,0.02
GET /items?categoryId=1197,331,17,13,31,34,48,5,109,0.000%,.18594,1.07,0.03
GET /items?categoryId=1198,278,21,19,37,40,44,8,51,0.000%,.15617,0.99,0.02
GET /items?categoryId=1199,326,18,17,29,33,37,7,38,0.000%,.18314,1.16,0.03
GET /items?categoryId=1200,209,13,12,21,23,32,5,32,0.000%,.11741,0.62,0.02
GET /items?categoryId=1201,280,30,14,84,184,189,4,190,4.643%,.15729,0.90,0.02
GET /items?categoryId=1202,335,26,14,57,81,216,5,217,13.134%,.18819,1.01,0.03
GET /items?categoryId=1203,283,17,13,33,38,93,5,104,10.601%,.15898,0.89,0.02
GET /items?categoryId=1204,212,16,13,32,32,38,5,40,0.000%,.11910,0.63,0.02
GET /items?categoryId=1205,248,16,14,26,29,30,6,100,0.000%,.13933,0.72,0.02
GET /items?categoryId=1206,274,14,13,23,28,32,5,32,0.000%,.15393,0.94,0.02
GET /items?categoryId=1207,323,18,17,27,33,37,7,41,0.000%,.18147,1.15,0.03
GET /items?categoryId=1208,268,16,13,24,27,134,5,179,1.493%,.15057,0.93,0.02
GET /items?categoryId=1209,307,31,19,50,131,157,8,206,9.446%,.17248,1.03,0.02
GET /items?categoryId=1210,257,19,15,38,41,66,4,224,14.786%,.14440,0.74,0.02
GET /items?categoryId=1211,290,33,20,46,162,173,6,176,7.931%,.16293,0.98,0.02
GET /items?categoryId=1212,286,21,13,37,60,150,5,161,0.000%,.16069,0.93,0.03
GET /items?categoryId=1213,242,21,19,35,40,44,8,45,0.000%,.13598,0.86,0.02
GET /items?categoryId=1214,355,15,14,26,28,42,5,51,0.000%,.19946,1.17,0.03
GET /items?categoryId=1215,256,14,13,23,29,50,5,51,0.000%,.14384,0.89,0.02
GET /items?categoryId=1216,214,30,19,34,133,211,8,211,2.336%,.12025,0.75,0.02
GET /items?categoryId=1217,267,30,21,65,111,120,7,207,14.981%,.15003,0.86,0.02
GET /items?categoryId=1218,246,25,19,40,57,180,10,227,13.415%,.13823,0.80,0.02
GET /items?categoryId=1219,314,21,18,33,40,57,9,107,9.236%,.17644,1.06,0.03
GET /items?categoryId=1220,245,19,14,34,49,102,5,103,0.000%,.13767,0.85,0.02
GET /items?categoryId=1221,314,21,18,37,39,43,8,48,0.000%,.17645,1.11,0.03
GET /items?categoryId=1222,310,16,15,26,28,33,5,37,0.000%,.17420,1.02,0.03
GET /items?categoryId=1223,246,19,17,28,37,50,8,53,0.000%,.13824,0.88,0.02
GET /items?categoryId=1224,337,21,18,37,42,99,9,99,0.000%,.18937,1.20,0.03
GET /items?categoryId=1225,212,24,19,38,40,154,7,181,6.132%,.11913,0.72,0.02
GET /items?categoryId=1226,335,32,17,69,153,188,5,189,13.433%,.18826,1.08,0.03
GET /items?categoryId=1227,252,26,19,46,54,109,8,124,2.381%,.14161,0.89,0.02
GET /items?categoryId=1228,278,24,14,37,40,176,5,177,0.000%,.15623,0.83,0.02
GET /items?categoryId=1229,245,21,17,37,46,55,7,61,0.000%,.13769,0.87,0.02
GET /items?categoryId=1230,302,23,19,43,48,52,7,54,0.000%,.16973,1.08,0.03
GET /items?categoryId=1231,320,16,14,30,36,42,4,43,0.000%,.17985,0.99,0.03
GET /items?categoryId=1232,271,21,17,32,57,89,9,90,2.214%,.15231,0.95,0.02
GET /items?categoryId=1233,263,29,17,61,114,120,8,124,15.970%,.14782,0.85,0.02
GET /items?categoryId=1234,350,27,14,71,101,157,5,160,11.143%,.19672,0.99,0.03
GET /items?categoryId=1235,275,24,18,43,71,88,8,144,0.000%,.15457,0.98,0.02
GET /items?categoryId=1236,284,24,18,48,65,87,8,153,0.000%,.15963,1.01,0.03
GET /items?categoryId=1237,218,20,16,33,52,85,8,87,0.000%,.12253,0.78,0.02
GET /items?categoryId=1238,354,12,11,21,24,30,5,38,0.000%,.19898,1.24,0.03
GET /items?categoryId=1239,255,13,11,23,26,43,5,44,0.000%,.14334,0.73,0.02
GET /items?categoryId=1240,272,19,16,34,37,41,7,98,1.471%,.15290,0.96,0.02
GET /items?categoryId=1241,318,16,11,32,51,73,5,78,13.522%,.17876,0.87,0.02
GET /items?categoryId=1242,321,26,16,63,72,97,8,186,11.838%,.18045,1.06,0.03
GET /items?categoryId=1243,259,29,16,66,80,153,7,174,4.247%,.14559,0.90,0.02
GET /items?categoryId=1244,331,18,14,33,43,62,5,65,0.000%,.18608,1.10,0.03
GET /items?categoryId=1245,296,15,13,27,33,34,5,80,0.000%,.16641,1.01,0.03
GET /items?categoryId=1246,322,14,12,25,35,52,5,59,0.000%,.18103,1.04,0.03
GET /items?categoryId=1247,216,17,13,33,59,63,5,75,0.000%,.12144,0.71,0.02
GET /items?categoryId=1248,265,13,12,23,29,34,5,55,0.000%,.14899,0.80,0.02
GET /items?categoryId=1249,256,27,17,58,71,167,8,178,3.906%,.14393,0.89,0.02
GET /items?categoryId=1250,307,34,16,86,133,231,7,243,13.029%,.17260,1.00,0.02
GET /items?categoryId=1251,352,24,17,49,56,89,8,111,0.000%,.19792,1.25,0.03
GET /items?categoryId=1252,262,21,18,37,42,53,8,137,0.000%,.14732,0.94,0.02
GET /items?categoryId=1253,243,19,16,29,38,53,7,55,0.000%,.13664,0.87,0.02
GET /items?categoryId=1254,275,12,11,21,22,27,5,29,0.000%,.15464,0.84,0.02
GET /items?categoryId=1255,238,16,14,35,35,65,4,80,0.000%,.13383,0.69,0.02
GET /items?categoryId=1256,261,19,17,32,40,48,8,49,0.000%,.14677,0.93,0.02
GET /items?categoryId=1257,312,30,12,111,150,200,5,209,13.462%,.17545,0.89,0.02
GET /items?categoryId=1258,240,33,20,79,84,134,7,227,7.917%,.13496,0.82,0.02
GET /items?categoryId=1259,248,24,19,45,58,78,8,87,0.000%,.13947,0.88,0.02
GET /items?categoryId=1260,321,21,18,36,42,59,8,66,0.000%,.18052,1.14,0.03
GET /items?categoryId=1261,223,26,18,45,67,124,8,127,0.000%,.12542,0.80,0.02
GET /items?categoryId=1262,286,22,17,30,37,123,7,128,0.000%,.16084,1.02,0.03
GET /items?categoryId=1263,229,18,16,29,40,42,8,44,0.000%,.12879,0.81,0.02
GET /items?categoryId=1264,343,13,12,22,26,37,5,43,0.000%,.19290,1.04,0.03
GET /items?categoryId=1265,222,32,19,70,108,243,9,339,9.459%,.12486,0.75,0.02
GET /items?categoryId=1266,332,26,13,74,124,171,5,187,12.952%,.18673,1.01,0.03
GET /items?categoryId=1267,333,15,12,29,34,40,5,40,0.000%,.18730,1.08,0.03
GET /items?categoryId=1268,283,14,13,26,28,32,5,33,0.000%,.15917,0.95,0.03
GET /items?categoryId=1269,325,17,16,24,29,37,9,42,0.000%,.18280,1.16,0.03
GET /items?categoryId=1270,266,14,12,29,35,39,5,52,0.000%,.14961,0.80,0.02
GET /items?categoryId=1271,238,18,12,34,51,88,5,94,0.000%,.13387,0.83,0.02
GET /items?categoryId=1272,286,16,13,28,35,50,5,215,0.000%,.16087,0.91,0.03
GET /items?categoryId=1273,280,16,12,31,36,47,5,122,6.071%,.15749,0.84,0.02
GET /items?categoryId=1274,318,22,13,55,91,104,5,148,11.635%,.17886,0.88,0.03
GET /items?categoryId=1275,206,22,19,37,40,44,7,134,3.398%,.11587,0.72,0.02
GET /items?categoryId=1276,263,15,13,30,34,37,5,40,0.000%,.14793,0.90,0.02
GET /items?categoryId=1277,301,19,17,33,35,39,9,40,0.000%,.16931,1.07,0.03
GET /items?categoryId=1278,258,19,18,30,34,38,8,40,0.000%,.14513,0.92,0.02
GET /items?categoryId=1279,324,12,12,18,21,24,5,32,0.000%,.18225,1.13,0.03
GET /items?categoryId=1280,224,35,17,101,183,222,7,224,0.000%,.12600,0.80,0.02
GET /items?categoryId=1281,235,23,17,34,40,159,9,194,0.000%,.13219,0.84,0.02
GET /items?categoryId=1282,314,26,13,32,98,255,5,344,7.643%,.17663,0.97,0.03
GET /items?categoryId=1283,289,25,12,31,154,194,6,194,6.574%,.16256,0.86,0.02
GET /items?categoryId=1284,215,17,15,31,32,55,6,72,0.000%,.12095,0.70,0.02
GET /items?categoryId=1285,256,20,19,31,35,41,7,45,0.000%,.14401,0.91,0.02
GET /items?categoryId=1286,250,13,12,19,20,28,6,29,0.000%,.14064,0.81,0.02
GET /items?categoryId=1287,264,18,18,26,28,31,8,36,0.000%,.14851,0.94,0.02
GET /items?categoryId=1288,234,20,15,23,26,193,8,198,0.000%,.13164,0.83,0.02
GET /items?categoryId=1289,315,18,12,29,64,121,6,126,0.000%,.17720,0.95,0.03
GET /items?categoryId=1290,315,26,17,29,58,267,8,268,1.587%,.17720,1.11,0.03
GET /items?categoryId=1291,314,27,12,59,143,169,5,201,10.828%,.17664,0.87,0.03
GET /items?categoryId=1292,232,26,16,44,89,133,8,135,0.000%,.13051,0.83,0.02
GET /items?categoryId=1293,327,16,12,30,37,77,5,95,0.000%,.18396,1.08,0.03
GET /items?categoryId=1294,329,19,18,31,33,38,9,39,0.000%,.18509,1.18,0.03
GET /items?categoryId=1295,229,26,17,32,51,204,8,228,0.000%,.12883,0.82,0.02
GET /items?categoryId=1296,331,14,12,21,45,47,5,48,0.000%,.18622,1.02,0.03
GET /items?categoryId=1297,235,20,17,34,38,48,7,49,0.000%,.13221,0.84,0.02
GET /items?categoryId=1298,302,14,12,24,33,42,5,58,0.000%,.16990,0.92,0.03
GET /items?categoryId=1299,302,27,13,45,153,187,5,205,8.609%,.16991,0.87,0.02
GET /items?categoryId=1300,302,28,18,44,113,189,7,193,0.000%,.16990,1.08,0.03
GET /items?categoryId=1301,258,16,13,33,41,44,4,46,0.000%,.14516,0.80,0.02
GET /items?categoryId=1302,358,14,12,23,26,32,4,218,0.000%,.20143,1.20,0.03
GET /items?categoryId=1303,309,17,12,32,51,62,5,91,0.000%,.17386,0.98,0.03
GET /items?categoryId=1304,265,20,14,54,58,94,5,95,0.000%,.14911,0.91,0.02
GET /items?categoryId=1305,274,15,11,29,43,59,5,67,0.000%,.15418,0.85,0.02
GET /items?categoryId=1306,334,19,16,31,39,58,7,129,1.497%,.18794,1.18,0.03
GET /items?categoryId=1307,303,29,19,61,99,161,7,174,9.571%,.17050,1.02,0.02
GET /items?categoryId=1308,314,19,13,36,56,112,5,114,0.000%,.17670,1.03,0.03
GET /items?categoryId=1309,242,17,13,39,45,82,4,83,0.000%,.13619,0.75,0.02
GET /items?categoryId=1310,273,28,18,35,62,240,7,254,0.000%,.15363,0.97,0.02
GET /items?categoryId=1311,309,14,13,26,36,40,5,41,0.000%,.17389,0.94,0.03
GET /items?categoryId=1312,259,17,13,33,40,61,5,64,0.000%,.14576,0.80,0.02
GET /items?categoryId=1313,322,26,18,36,45,171,8,172,0.000%,.18122,1.15,0.03
GET /items?categoryId=1314,269,30,20,36,147,159,7,165,0.000%,.15140,0.96,0.02
GET /items?categoryId=1315,259,33,17,89,156,230,8,230,8.880%,.14576,0.87,0.02
GET /items?categoryId=1316,345,21,13,39,73,135,5,149,0.000%,.19418,1.16,0.03
GET /items?categoryId=1317,322,17,14,27,34,101,5,192,0.000%,.18124,1.04,0.03
GET /items?categoryId=1318,239,21,16,40,59,59,8,61,0.000%,.13453,0.85,0.02
GET /items?categoryId=1319,296,14,12,22,26,36,5,54,0.000%,.16661,0.92,0.03
GET /items?categoryId=1320,318,15,11,32,35,56,4,58,0.000%,.17900,1.12,0.03
GET /items?categoryId=1321,326,17,12,30,47,124,5,147,0.000%,.18349,1.10,0.03
GET /items?categoryId=1322,272,16,14,25,35,44,5,66,0.000%,.15311,0.83,0.02
GET /items?categoryId=1323,245,19,14,27,39,167,5,183,1.633%,.13792,0.80,0.02
GET /items?categoryId=1324,320,19,14,37,39,131,5,154,0.000%,.18014,1.00,0.03
GET /items?categoryId=1325,321,16,15,26,33,51,5,52,0.000%,.18070,0.99,0.03
GET /items?categoryId=1326,299,20,18,33,40,46,8,48,0.000%,.16832,1.07,0.03
GET /items?categoryId=1327,263,18,16,31,36,43,8,47,0.000%,.14806,0.94,0.02
GET /items?categoryId=1328,262,26,12,23,212,251,6,256,0.000%,.14750,0.80,0.02
GET /items?categoryId=1329,346,22,17,53,63,87,7,116,0.000%,.19480,1.23,0.03
GET /items?categoryId=1330,231,15,12,26,39,63,5,68,2.597%,.13006,0.66,0.02
GET /items?categoryId=1331,222,20,14,49,55,68,5,69,12.162%,.12500,0.68,0.02
GET /items?categoryId=1332,283,29,21,53,71,174,8,186,2.827%,.15934,0.99,0.02
GET /items?categoryId=1333,331,26,24,42,55,90,8,187,0.000%,.18637,1.18,0.03
GET /items?categoryId=1334,338,15,12,23,31,55,5,57,0.000%,.19031,0.99,0.03
GET /items?categoryId=1335,229,24,17,37,64,176,7,187,0.000%,.12894,0.82,0.02
GET /items?categoryId=1336,256,16,11,30,54,65,4,72,0.000%,.14416,0.84,0.02
GET /items?categoryId=1337,358,15,13,25,34,43,5,65,0.000%,.20160,1.15,0.03
GET /items?categoryId=1338,278,15,13,24,28,43,6,43,0.000%,.15656,0.98,0.02
GET /items?categoryId=1339,200,19,11,31,47,178,5,192,1.500%,.11263,0.60,0.02
GET /items?categoryId=1340,330,22,15,47,74,181,5,222,0.000%,.18584,1.12,0.03
GET /items?categoryId=1341,237,29,15,67,114,210,5,210,0.000%,.13347,0.78,0.02
GET /items?categoryId=1342,264,23,16,36,50,206,4,207,0.000%,.14868,0.89,0.02
GET /items?categoryId=1343,272,16,16,25,29,53,4,56,0.000%,.15320,0.87,0.02
GET /items?categoryId=1344,201,15,13,24,33,55,5,56,0.000%,.11321,0.64,0.02
GET /items?categoryId=1345,290,13,13,20,23,26,5,31,0.000%,.16334,0.84,0.03
GET /items?categoryId=1346,302,20,18,32,36,43,8,54,0.000%,.17010,1.08,0.03
GET /items?categoryId=1347,233,20,17,38,41,48,8,49,0.000%,.13124,0.83,0.02
GET /items?categoryId=1348,196,22,18,38,44,53,8,151,0.000%,.11040,0.70,0.02
GET /items?categoryId=1349,325,19,12,35,47,178,5,205,0.000%,.18305,1.07,0.03
GET /items?categoryId=1350,280,22,14,32,42,170,5,175,0.000%,.15772,0.98,0.03
GET /items?categoryId=1351,226,18,15,32,39,73,5,95,0.000%,.12730,0.66,0.02
GET /items?categoryId=1352,304,15,13,25,33,42,5,47,0.000%,.17125,0.90,0.03
GET /items?categoryId=1353,298,14,14,24,28,33,5,39,0.000%,.16787,0.86,0.03
GET /items?categoryId=1354,312,13,12,21,24,29,6,40,0.000%,.17576,0.97,0.03
GET /items?categoryId=1355,324,14,13,21,27,29,5,36,0.000%,.18252,1.11,0.03
GET /items?categoryId=1356,242,17,17,24,27,34,7,43,0.000%,.13632,0.86,0.02
GET /items?categoryId=1357,315,21,17,36,42,62,8,141,0.000%,.17744,1.13,0.03
GET /items?categoryId=1358,326,19,14,36,42,110,5,250,0.000%,.18364,1.01,0.03
GET /items?categoryId=1359,240,25,15,64,96,102,5,104,0.000%,.13520,0.78,0.02
GET /items?categoryId=1360,239,17,13,27,38,95,5,98,0.000%,.13464,0.84,0.02
GET /items?categoryId=1361,307,15,13,26,27,39,5,68,0.000%,.17295,0.91,0.03
GET /items?categoryId=1362,313,19,17,28,30,40,8,40,0.000%,.17633,1.12,0.03
GET /items?categoryId=1363,324,20,18,26,31,60,8,241,0.000%,.18253,1.16,0.03
GET /items?categoryId=1364,277,14,12,21,27,53,5,84,0.000%,.15606,0.86,0.02
GET /items?categoryId=1365,320,27,17,35,73,258,7,276,0.000%,.18028,1.15,0.03
GET /items?categoryId=1366,293,25,18,38,48,133,8,214,0.000%,.16507,1.04,0.03
GET /items?categoryId=1367,299,22,20,33,36,44,8,104,0.000%,.16845,1.07,0.03
GET /items?categoryId=1368,298,14,13,22,26,32,5,111,0.000%,.16789,0.92,0.03
GET /items?categoryId=1369,324,15,13,24,27,35,5,77,0.000%,.18253,1.09,0.03
GET /items?categoryId=1370,224,23,18,38,72,77,9,239,0.000%,.12620,0.80,0.02
GET /items?categoryId=1371,291,23,13,25,121,213,5,228,0.000%,.16395,0.90,0.03
GET /items?categoryId=1372,272,16,12,24,26,161,5,208,0.000%,.15325,0.79,0.02
GET /items?categoryId=1373,268,16,13,27,42,43,5,43,0.000%,.15099,0.83,0.02
GET /items?categoryId=1374,301,20,13,28,41,172,5,185,0.000%,.16959,0.96,0.03
GET /items?categoryId=1375,308,19,14,32,35,143,5,145,0.000%,.17353,1.06,0.03
GET /items?categoryId=1376,253,20,17,36,39,43,7,51,0.000%,.14255,0.91,0.02
GET /items?categoryId=1377,344,24,19,36,49,148,7,161,0.000%,.19383,1.23,0.03
GET /items?categoryId=1378,267,27,24,43,49,94,7,137,0.000%,.15044,0.95,0.02
GET /items?categoryId=1379,255,25,23,41,45,54,8,58,0.000%,.14368,0.91,0.02
GET /items?categoryId=1380,284,21,20,29,32,41,9,93,0.000%,.16003,1.01,0.03
GET /items?categoryId=1381,340,25,14,35,186,201,5,202,0.000%,.19158,1.19,0.03
GET /items?categoryId=1382,269,23,14,33,132,155,5,156,0.000%,.15158,0.85,0.02
GET /items?categoryId=1383,299,25,23,39,44,64,8,163,0.000%,.16848,1.07,0.03
GET /items?categoryId=1384,288,15,13,25,27,65,5,67,0.000%,.16229,0.90,0.03
GET /items?categoryId=1385,261,22,18,38,44,55,9,65,0.000%,.14707,0.93,0.02
GET /items?categoryId=1386,280,19,16,33,64,66,5,118,0.000%,.15779,0.96,0.03
GET /items?categoryId=1387,319,17,16,29,32,60,6,67,0.000%,.17977,1.05,0.03
GET /items?categoryId=1388,258,16,14,29,35,47,6,48,0.000%,.14539,0.85,0.02
GET /items?categoryId=1389,259,17,17,26,31,41,5,168,0.000%,.14595,0.87,0.02
GET /items?categoryId=1390,355,28,24,46,58,158,8,169,0.000%,.20005,1.27,0.03
GET /items?categoryId=1391,298,19,16,34,36,55,5,132,0.000%,.16793,0.93,0.03
GET /items?categoryId=1392,223,17,13,29,39,65,5,66,0.000%,.12567,0.73,0.02
GET /items?categoryId=1393,320,22,19,33,38,71,8,72,0.000%,.18033,1.14,0.03
GET /items?categoryId=1394,262,20,19,30,34,36,8,43,0.000%,.14766,0.93,0.02
GET /items?categoryId=1395,314,41,22,114,153,171,8,172,0.000%,.17696,1.12,0.03
GET /items?categoryId=1396,268,15,13,26,30,40,5,53,0.000%,.15103,0.83,0.02
GET /items?categoryId=1397,276,18,14,37,39,45,5,205,0.000%,.15555,0.84,0.02
GET /items?categoryId=1398,294,16,14,28,37,39,5,169,0.000%,.16569,0.89,0.03
GET /items?categoryId=1399,264,19,15,32,37,115,6,144,0.000%,.14879,0.92,0.02
GET /items?categoryId=1400,220,21,18,37,41,50,9,54,0.000%,.12400,0.79,0.02
GET /items?categoryId=1401,301,23,19,33,60,108,9,112,0.000%,.16965,1.08,0.03
GET /items?categoryId=1402,275,16,13,26,32,44,5,56,0.000%,.15500,0.91,0.02
GET /items?categoryId=1403,323,19,19,26,29,40,8,183,0.000%,.18206,1.15,0.03
GET /items?categoryId=1404,255,16,13,34,39,45,5,60,0.000%,.14373,0.83,0.02
GET /items?categoryId=1405,234,23,18,36,50,109,7,141,0.000%,.13190,0.83,0.02
GET /items?categoryId=1406,301,25,20,37,46,161,9,163,0.000%,.16966,1.08,0.03
GET /items?categoryId=1407,264,28,20,43,100,139,8,161,0.000%,.14880,0.94,0.02
GET /items?categoryId=1408,324,23,18,36,53,106,8,107,0.000%,.18263,1.16,0.03
GET /items?categoryId=1409,221,18,17,31,34,38,8,40,0.000%,.12458,0.79,0.02
GET /items?categoryId=1410,311,19,17,30,31,41,8,42,0.000%,.17531,1.11,0.03
GET /items?categoryId=1411,257,28,17,36,148,173,8,178,0.000%,.14487,0.91,0.02
GET /items?categoryId=1412,226,23,13,45,140,157,5,158,0.000%,.12740,0.74,0.02
GET /items?categoryId=1413,317,17,16,23,27,29,8,99,0.000%,.17869,1.13,0.03
GET /items?categoryId=1414,280,14,10,24,47,48,5,128,0.000%,.15784,0.81,0.03
GET /items?categoryId=1415,297,15,11,36,45,47,5,99,0.000%,.16743,0.98,0.03
GET /items?categoryId=1416,256,19,17,30,38,57,8,65,0.000%,.14431,0.92,0.02
GET /items?categoryId=1417,340,20,17,29,33,99,8,100,0.000%,.19167,1.21,0.03
GET /items?categoryId=1418,238,12,11,19,22,27,5,56,0.000%,.13418,0.70,0.02
GET /items?categoryId=1419,308,19,17,30,36,58,9,73,0.000%,.17364,1.10,0.03
GET /items?categoryId=1420,269,18,16,24,37,40,8,41,0.000%,.15166,0.96,0.02
GET /items?categoryId=1421,301,20,17,29,39,88,8,105,0.000%,.16969,1.08,0.03
GET /items?categoryId=1422,304,19,16,26,33,152,8,159,0.000%,.17139,1.08,0.03
GET /items?categoryId=1423,250,14,11,33,34,57,5,121,0.000%,.14095,0.72,0.02
GET /items?categoryId=1424,230,17,12,36,51,69,5,78,0.000%,.12969,0.76,0.02
GET /items?categoryId=1425,344,13,11,23,27,30,5,35,0.000%,.19395,1.14,0.03
GET /items?categoryId=1426,225,12,12,20,22,29,5,50,0.000%,.12686,0.65,0.02
GET /items?categoryId=1427,213,14,12,22,24,62,5,76,0.000%,.12010,0.70,0.02
GET /items?categoryId=1428,308,13,12,20,22,40,5,51,0.000%,.17366,1.01,0.03
GET /items?categoryId=1429,262,13,12,19,20,21,6,46,0.000%,.14773,0.78,0.02
GET /items?categoryId=1430,261,14,11,21,35,114,5,125,0.000%,.14716,0.81,0.02
GET /items?categoryId=1431,258,18,12,35,51,132,5,199,0.000%,.14547,0.89,0.02
GET /items?categoryId=1432,251,24,19,49,62,83,8,221,0.000%,.14154,0.90,0.02
GET /items?categoryId=1433,271,27,18,63,69,99,8,219,0.000%,.15282,0.97,0.02
GET /items?categoryId=1434,284,21,18,34,42,62,8,72,0.000%,.16014,1.01,0.03
GET /items?categoryId=1435,239,14,12,24,29,61,5,62,0.000%,.13478,0.82,0.02
GET /items?categoryId=1436,298,21,17,35,52,70,8,71,0.000%,.16805,1.06,0.03
GET /items?categoryId=1437,258,17,12,35,42,58,4,71,0.000%,.14549,0.75,0.02
GET /items?categoryId=1438,344,24,18,26,37,202,8,208,0.000%,.19399,1.23,0.03
GET /items?categoryId=1439,282,25,19,49,52,73,9,175,0.000%,.15903,1.01,0.03
GET /items?categoryId=1440,313,25,18,41,48,258,7,259,0.000%,.17653,1.11,0.03
GET /items?categoryId=1441,258,22,18,40,48,56,9,70,0.000%,.14551,0.92,0.02
GET /items?categoryId=1442,340,25,19,40,74,102,9,125,0.000%,.19176,1.22,0.03
GET /items?categoryId=1443,243,14,12,24,38,59,5,62,0.000%,.13705,0.78,0.02
GET /items?categoryId=1444,299,30,17,39,186,205,9,212,0.000%,.16865,1.07,0.03
GET /items?categoryId=1445,225,22,17,46,52,87,8,187,0.000%,.12691,0.81,0.02
GET /items?categoryId=1446,300,23,18,37,50,87,8,105,0.000%,.16923,1.07,0.03
GET /items?categoryId=1447,230,16,13,25,31,67,6,128,0.000%,.12974,0.73,0.02
GET /items?categoryId=1448,225,26,15,42,53,212,5,212,0.000%,.12692,0.78,0.02
GET /items?categoryId=1449,233,17,14,35,43,54,5,55,0.000%,.13143,0.68,0.02
GET /items?categoryId=1450,264,21,19,31,35,63,8,66,0.000%,.14893,0.94,0.02
GET /items?categoryId=1451,320,24,18,45,65,107,8,227,0.000%,.18052,1.14,0.03
GET /items?categoryId=1452,327,27,18,45,54,215,8,237,0.000%,.18447,1.17,0.03
GET /items?categoryId=1453,196,20,17,33,42,56,8,58,0.000%,.11058,0.70,0.02
GET /items?categoryId=1454,312,13,12,19,20,44,5,49,0.000%,.17602,1.09,0.03
GET /items?categoryId=1455,310,20,12,54,86,91,5,92,0.000%,.17490,1.00,0.03
GET /items?categoryId=1456,251,22,12,33,41,223,5,241,0.000%,.14161,0.88,0.02
GET /items?categoryId=1457,296,23,20,36,42,56,8,204,0.000%,.16700,1.06,0.03
GET /items?categoryId=1458,349,13,12,19,22,32,5,57,0.000%,.19691,1.21,0.03
GET /items?categoryId=1459,321,20,19,28,38,56,8,57,0.000%,.18111,1.15,0.03
GET /items?categoryId=1460,230,25,16,58,108,123,5,125,0.000%,.12977,0.81,0.02
GET /items?categoryId=1461,249,22,18,38,46,93,9,103,0.000%,.14050,0.89,0.02
GET /items?categoryId=1462,255,24,17,28,116,122,8,124,0.000%,.14388,0.91,0.02
GET /items?categoryId=1463,358,25,18,34,51,208,8,222,0.000%,.20200,1.28,0.03
GET /items?categoryId=1464,263,31,18,90,122,162,9,221,0.000%,.14841,0.94,0.02
GET /items?categoryId=1465,297,20,12,43,62,94,5,149,0.000%,.16760,0.94,0.03
GET /items?categoryId=1466,346,15,12,24,34,47,5,166,0.000%,.19525,1.15,0.03
GET /items?categoryId=1467,243,20,14,46,69,83,5,90,0.000%,.13714,0.84,0.02
GET /items?categoryId=1468,219,18,14,35,52,60,5,64,0.000%,.12359,0.70,0.02
GET /items?categoryId=1469,313,15,14,25,26,33,5,125,0.000%,.17665,0.99,0.03
GET /items?categoryId=1470,281,20,19,31,37,49,8,52,0.000%,.15859,1.01,0.03
GET /items?categoryId=1471,318,17,15,25,41,52,5,244,0.000%,.17947,0.99,0.03
GET /items?categoryId=1472,211,22,18,32,54,56,7,61,0.000%,.11909,0.75,0.02
GET /items?categoryId=1473,322,24,17,39,48,143,8,188,0.000%,.18173,1.15,0.03
GET /items?categoryId=1474,312,15,14,25,32,42,5,90,0.000%,.17610,1.02,0.03
GET /items?categoryId=1475,217,15,15,23,29,33,5,47,0.000%,.12249,0.76,0.02
GET /items?categoryId=1476,258,23,19,39,55,70,8,74,0.000%,.14562,0.92,0.02
GET /items?categoryId=1477,179,15,13,24,28,40,4,51,0.000%,.10103,0.56,0.02
GET /items?categoryId=1478,281,24,21,38,41,116,10,143,0.000%,.15861,1.01,0.03
GET /items?categoryId=1479,269,22,20,33,37,54,9,141,0.000%,.15184,0.96,0.02
GET /items?categoryId=1480,322,26,20,41,47,187,8,222,0.000%,.18175,1.15,0.03
GET /items?categoryId=1481,242,15,12,25,34,57,5,61,0.000%,.13660,0.72,0.02
GET /items?categoryId=1482,309,25,18,38,62,144,8,155,0.000%,.17443,1.11,0.03
GET /items?categoryId=1483,242,31,18,88,95,146,7,153,0.000%,.13662,0.87,0.02
GET /items?categoryId=1484,328,21,19,31,39,76,7,94,0.000%,.18514,1.17,0.03
GET /items?categoryId=1485,244,14,13,24,25,39,6,40,0.000%,.13774,0.72,0.02
GET /items?categoryId=1486,260,15,13,25,30,33,5,45,0.000%,.14677,0.79,0.02
GET /items?categoryId=1487,353,21,15,31,33,256,6,257,0.000%,.19927,1.10,0.03
GET /items?categoryId=1488,271,23,20,34,42,67,11,154,0.000%,.15298,0.97,0.02
GET /items?categoryId=1489,261,27,19,51,54,151,9,159,0.000%,.14734,0.93,0.02
GET /items?categoryId=1490,241,21,18,35,37,51,8,55,0.000%,.13606,0.87,0.02
GET /items?categoryId=1491,293,22,19,31,36,132,9,163,0.000%,.16542,1.05,0.03
GET /items?categoryId=1492,229,20,19,30,36,38,9,41,0.000%,.12929,0.82,0.02
GET /items?categoryId=1493,287,13,13,19,21,38,5,41,0.000%,.16203,0.84,0.03
GET /items?categoryId=1494,367,15,14,24,29,35,5,92,0.000%,.20719,1.15,0.03
GET /items?categoryId=1495,331,20,17,33,43,88,6,105,0.000%,.18686,1.14,0.03
GET /items?categoryId=1496,302,22,20,29,30,80,10,202,0.000%,.17049,1.08,0.03
GET /items?categoryId=1497,262,22,20,34,36,39,8,198,0.000%,.14792,0.94,0.02
GET /items?categoryId=1498,284,23,18,54,61,88,8,90,0.000%,.16035,1.02,0.03
GET /items?categoryId=1499,288,20,19,28,39,51,8,93,0.000%,.16261,1.03,0.03
GET /items?categoryId=1500,300,15,13,20,33,83,5,108,0.000%,.16939,0.94,0.03
GET /items?categoryId=1501,248,15,12,19,21,221,5,222,0.000%,.14003,0.87,0.02
GET /items?categoryId=1502,223,28,13,40,153,221,5,222,0.000%,.12592,0.66,0.02
GET /items?categoryId=1503,276,18,15,28,32,109,5,150,0.000%,.15584,0.95,0.02
GET /items?categoryId=1504,321,32,19,47,135,204,7,206,0.000%,.18125,1.15,0.03
GET /items?categoryId=1505,309,16,13,29,38,79,5,101,0.000%,.17448,0.96,0.03
GET /items?categoryId=1506,306,14,14,21,23,34,5,64,0.000%,.17279,0.97,0.03
GET /items?categoryId=1507,316,21,22,28,32,46,9,48,0.000%,.17844,1.13,0.03
GET /items?categoryId=1508,232,17,14,23,27,96,6,137,0.000%,.13100,0.72,0.02
GET /items?categoryId=1509,229,29,20,31,77,214,9,215,0.000%,.12932,0.83,0.02
GET /items?categoryId=1510,228,23,19,30,39,208,8,242,0.000%,.12875,0.82,0.02
GET /items?categoryId=1511,284,24,19,36,67,95,9,108,0.000%,.16037,1.02,0.03
GET /items?categoryId=1512,263,21,19,32,36,55,8,172,0.000%,.14851,0.94,0.02
GET /items?categoryId=1513,292,23,21,35,42,55,8,56,0.000%,.16491,1.05,0.03
GET /items?categoryId=1514,305,13,13,21,23,36,5,38,0.000%,.17225,0.91,0.03
GET /items?categoryId=1515,291,15,13,23,32,63,6,78,0.000%,.16434,1.02,0.03
GET /items?categoryId=1516,321,14,13,22,25,39,5,109,0.000%,.18129,1.10,0.03
GET /items?categoryId=1517,287,26,22,33,46,227,8,266,0.000%,.16208,1.03,0.03
GET /items?categoryId=1518,322,16,13,31,42,43,5,257,0.000%,.18184,1.06,0.03
GET /items?categoryId=1519,255,14,13,21,32,39,5,47,0.000%,.14401,0.76,0.02
GET /items?categoryId=1520,241,31,20,44,97,205,8,206,0.000%,.13610,0.86,0.02
GET /items?categoryId=1521,253,17,14,28,35,87,5,161,0.000%,.14289,0.86,0.02
GET /items?categoryId=1522,269,22,21,33,44,49,9,50,0.000%,.15193,0.96,0.02
GET /items?categoryId=1523,278,19,18,28,29,34,8,38,0.000%,.15701,1.00,0.02
GET /items?categoryId=1524,270,16,13,28,38,53,5,86,0.000%,.15249,0.83,0.02
GET /items?categoryId=1525,316,24,22,35,38,98,8,220,0.000%,.17847,1.13,0.03
GET /items?categoryId=1526,263,27,21,54,66,97,9,109,0.000%,.14854,0.94,0.02
GET /items?categoryId=1527,298,25,19,32,45,189,8,201,0.000%,.16831,1.06,0.03
GET /items?categoryId=1528,328,26,18,36,46,201,9,203,0.000%,.18526,1.18,0.03
GET /items?categoryId=1529,209,15,14,21,36,47,6,48,0.000%,.11806,0.66,0.02
GET /items?categoryId=1530,322,21,20,33,38,72,8,192,0.000%,.18189,1.15,0.03
GET /items?categoryId=1531,250,14,14,22,23,26,4,26,0.000%,.14122,0.81,0.02
GET /items?categoryId=1532,268,19,18,27,29,35,9,38,0.000%,.15139,0.96,0.02
GET /items?categoryId=1533,238,28,20,32,36,214,8,216,0.000%,.13445,0.85,0.02
GET /items?categoryId=1534,340,24,21,36,43,108,9,148,0.000%,.19206,1.21,0.03
GET /items?categoryId=1535,328,23,20,36,41,52,9,201,0.000%,.18528,1.17,0.03
GET /items?categoryId=1536,308,17,15,31,36,43,6,44,0.000%,.17399,0.90,0.03
GET /items?categoryId=1537,277,20,19,30,32,40,8,41,0.000%,.15648,0.99,0.02
GET /items?categoryId=1538,314,20,14,31,41,109,5,264,0.000%,.17739,0.91,0.03
GET /items?categoryId=1539,237,16,14,27,30,35,5,37,0.000%,.13389,0.71,0.02
GET /items?categoryId=1540,255,16,13,22,27,53,5,211,0.000%,.14406,0.85,0.02
GET /items?categoryId=1541,260,20,20,26,31,39,9,42,0.000%,.14688,0.93,0.02
GET /items?categoryId=1542,307,26,20,37,46,167,8,195,0.000%,.17344,1.10,0.03
GET /items?categoryId=1543,338,35,20,73,171,176,10,180,0.000%,.19095,1.21,0.03
GET /items?categoryId=1544,289,17,15,26,30,56,7,60,0.000%,.16327,1.01,0.03
GET /items?categoryId=1545,209,27,16,38,180,191,5,202,0.000%,.11808,0.72,0.02
GET /items?categoryId=1546,362,16,15,25,27,37,6,166,0.000%,.20453,1.06,0.03
GET /items?categoryId=1547,302,17,15,27,30,53,6,261,0.000%,.17063,0.98,0.03
GET /items?categoryId=1548,249,23,20,37,44,61,8,113,0.000%,.14068,0.89,0.02
GET /items?categoryId=1549,302,14,14,21,24,39,5,40,0.000%,.17062,1.00,0.03
GET /items?categoryId=1550,225,22,20,33,41,51,8,111,0.000%,.12712,0.81,0.02
GET /items?categoryId=1551,298,25,21,34,56,96,9,207,0.000%,.16836,1.07,0.03
GET /items?categoryId=1552,298,28,21,53,105,111,8,112,0.000%,.16837,1.07,0.03
GET /items?categoryId=1553,304,22,20,28,44,58,9,199,0.000%,.17176,1.09,0.03
GET /items?categoryId=1554,302,27,20,50,83,221,9,236,0.000%,.17063,1.08,0.03
GET /items?categoryId=1555,347,15,13,24,30,44,5,45,0.000%,.19606,1.06,0.03
GET /items?categoryId=1556,330,15,13,24,32,33,5,95,0.000%,.18645,1.00,0.03
GET /items?categoryId=1557,247,15,15,21,24,34,6,67,0.000%,.13956,0.83,0.02
GET /items?categoryId=1558,278,22,20,33,40,125,8,132,0.000%,.15707,1.00,0.03
GET /items?categoryId=1559,316,16,14,24,30,45,5,85,0.000%,.17854,1.12,0.03
GET /items?categoryId=1560,234,16,13,21,24,138,6,138,0.000%,.13222,0.77,0.02
GET /items?categoryId=1561,231,20,15,29,34,113,5,124,0.000%,.13052,0.67,0.02
GET /items?categoryId=1562,280,27,21,37,43,268,9,271,0.000%,.15822,1.01,0.03
GET /items?categoryId=1563,324,15,13,26,34,40,5,54,0.000%,.18307,1.07,0.03
GET /items?categoryId=1564,204,20,19,26,27,36,8,55,0.000%,.11527,0.73,0.02
GET /items?categoryId=1565,263,16,15,23,28,44,6,44,0.000%,.14860,0.91,0.02
GET /items?categoryId=1566,258,14,13,24,27,33,6,37,0.000%,.14579,0.77,0.02
GET /items?categoryId=1567,243,29,14,31,210,228,6,232,0.000%,.13731,0.71,0.02
GET /items?categoryId=1568,340,26,13,36,130,230,4,242,0.000%,.19211,1.02,0.03
GET /items?categoryId=1569,227,35,16,121,128,140,5,223,0.000%,.12828,0.69,0.02
GET /items?categoryId=1570,325,26,20,40,59,223,9,268,0.000%,.18365,1.16,0.03
GET /items?categoryId=1571,317,18,17,33,37,49,5,83,0.000%,.17913,1.11,0.03
GET /items?categoryId=1572,242,20,17,38,53,54,6,56,0.000%,.13676,0.79,0.02
GET /items?categoryId=1573,301,23,20,35,47,70,9,104,0.000%,.17010,1.08,0.03
GET /items?categoryId=1574,329,31,24,54,106,113,10,218,0.000%,.18593,1.18,0.03
GET /items?categoryId=1575,247,18,15,32,42,54,4,55,0.000%,.13960,0.75,0.02
GET /items?categoryId=1576,280,20,17,37,41,60,5,65,0.000%,.15825,0.98,0.03
GET /items?categoryId=1577,295,31,26,54,66,152,9,230,0.000%,.16673,1.05,0.03
GET /items?categoryId=1578,303,18,15,31,39,60,6,165,0.000%,.17126,1.05,0.03
GET /items?categoryId=1579,267,17,15,32,34,55,5,79,0.000%,.15091,0.90,0.02
GET /items?categoryId=1580,286,25,21,39,61,85,8,87,0.000%,.16165,1.03,0.03
GET /items?categoryId=1581,296,29,15,44,72,302,6,313,0.000%,.16730,0.92,0.03
GET /items?categoryId=1582,351,22,15,41,76,102,5,120,0.000%,.19842,1.07,0.03
GET /items?categoryId=1583,229,22,17,35,73,77,6,159,0.000%,.12946,0.81,0.02
GET /items?categoryId=1584,270,40,23,99,156,240,9,251,0.000%,.15264,0.97,0.02
GET /items?categoryId=1585,339,26,21,42,61,121,8,131,0.000%,.19165,1.21,0.03
GET /items?categoryId=1586,350,30,22,45,51,291,9,292,0.000%,.19787,1.25,0.03
GET /items?categoryId=1587,235,25,21,34,51,78,9,294,0.000%,.13286,0.85,0.02
GET /items?categoryId=1588,240,30,20,67,92,122,9,124,0.000%,.13570,0.86,0.02
GET /items?categoryId=1589,268,25,20,41,62,151,10,167,0.000%,.15154,0.96,0.02
GET /items?categoryId=1590,263,26,14,71,134,153,6,173,0.000%,.14871,0.77,0.02
GET /items?categoryId=1591,313,28,16,75,92,115,6,265,0.000%,.17699,1.08,0.03
GET /items?categoryId=1592,315,36,25,73,102,209,9,236,0.000%,.17812,1.13,0.03
GET /items?categoryId=1593,311,28,14,83,129,155,6,157,0.000%,.17589,1.05,0.03
GET /items?categoryId=1594,315,21,13,35,81,143,5,145,0.000%,.17816,1.01,0.03
GET /items?categoryId=1595,253,26,12,50,157,173,6,174,0.000%,.14310,0.79,0.02
GET /items?categoryId=1596,256,47,20,56,211,450,9,465,0.000%,.14480,0.92,0.02
GET /items?categoryId=1597,265,40,18,108,151,440,9,452,0.000%,.14990,0.95,0.02
GET /items?categoryId=1598,260,46,18,176,257,277,9,287,0.000%,.14711,0.93,0.02
GET /items?categoryId=1599,282,49,18,154,223,424,9,458,0.000%,.15956,1.01,0.03
GET /items?categoryId=1600,205,35,16,63,99,415,6,417,0.000%,.11600,0.60,0.02
GET /items?categoryId=1601,355,36,23,91,124,134,9,142,0.000%,.20091,1.27,0.03
GET /items?categoryId=1602,347,32,17,62,169,236,5,244,0.000%,.19640,1.19,0.03
GET /items?categoryId=1603,241,28,14,95,111,160,5,331,0.000%,.13641,0.78,0.02
GET /items?categoryId=1604,317,32,19,46,141,251,11,408,0.000%,.17945,1.14,0.03
GET /items?categoryId=1605,322,39,15,145,172,246,6,270,0.000%,.18232,0.99,0.03
GET /items?categoryId=1606,287,71,21,229,476,484,10,518,0.000%,.16251,1.03,0.03
GET /items?categoryId=1607,232,43,20,98,235,304,10,305,0.000%,.13140,0.84,0.02
GET /items?categoryId=1608,249,22,13,44,82,165,6,218,0.000%,.14104,0.73,0.02
GET /items?categoryId=1609,258,70,18,210,407,476,6,481,0.000%,.14615,0.89,0.02
GET /items?categoryId=1610,341,37,17,116,200,242,6,244,0.000%,.19319,1.04,0.03
GET /items?categoryId=1611,320,38,17,66,108,452,6,476,0.000%,.18132,0.94,0.03
GET /items?categoryId=1612,299,42,22,55,211,370,9,450,0.000%,.16943,1.07,0.03
GET /items?categoryId=1613,267,30,21,67,88,115,11,125,0.000%,.15135,0.96,0.02
GET /items?categoryId=1614,334,16,14,24,33,92,5,109,0.000%,.18932,1.02,0.03
GET /items?categoryId=1615,284,15,14,21,25,60,5,95,0.000%,.16098,1.00,0.03
GET /items?categoryId=1616,229,23,21,32,42,80,9,134,0.000%,.12981,0.83,0.02
GET /items?categoryId=1617,275,57,23,111,304,313,10,315,0.000%,.15589,0.99,0.02
GET /items?categoryId=1618,246,36,24,88,106,123,11,133,0.000%,.13946,0.88,0.02
GET /items?categoryId=1619,287,18,14,31,38,78,5,122,0.000%,.16271,1.01,0.03
GET /items?categoryId=1620,276,36,22,57,146,231,10,258,0.000%,.15648,0.99,0.02
GET /items?categoryId=1621,326,25,18,49,67,177,6,187,0.000%,.18483,1.02,0.03
GET /items?categoryId=1622,305,27,22,38,54,91,10,216,0.000%,.17293,1.09,0.03
GET /items?categoryId=1623,257,27,20,45,86,91,9,206,0.000%,.14572,0.92,0.02
GET /items?categoryId=1624,277,19,13,32,73,89,5,188,0.000%,.15708,0.96,0.03
GET /items?categoryId=1625,356,37,21,75,176,190,8,194,0.000%,.20188,1.28,0.03
GET /items?categoryId=1626,272,18,13,30,57,72,5,85,0.000%,.15425,0.87,0.02
GET /items?categoryId=1627,200,41,27,77,146,237,9,244,0.000%,.11342,0.72,0.02
GET /items?categoryId=1628,224,48,21,171,272,296,10,307,0.000%,.12702,0.81,0.02
GET /items?categoryId=1629,357,30,14,79,105,229,5,267,0.000%,.20246,1.21,0.03
GET /items?categoryId=1630,303,26,21,43,55,86,8,87,0.000%,.17185,1.09,0.03
GET /items?categoryId=1631,251,20,15,35,63,78,5,112,0.000%,.14236,0.80,0.02
GET /items?categoryId=1632,333,25,19,36,73,121,9,122,0.000%,.18888,1.20,0.03
GET /items?categoryId=1633,290,19,13,33,57,138,6,146,0.000%,.16449,0.91,0.03
GET /items?categoryId=1634,331,36,21,56,144,292,8,294,0.000%,.18774,1.19,0.03
GET /items?categoryId=1635,307,27,22,46,58,98,9,123,0.000%,.17414,1.10,0.03
GET /items?categoryId=1636,216,29,20,48,98,123,9,125,0.000%,.12254,0.78,0.02
GET /items?categoryId=1637,294,24,19,29,91,95,9,95,0.000%,.16679,1.06,0.03
GET /items?categoryId=1638,282,26,14,96,104,111,6,111,0.000%,.15997,0.90,0.03
GET /items?categoryId=1639,315,24,20,36,73,86,9,93,0.000%,.17870,1.13,0.03
GET /items?categoryId=1640,205,15,14,21,24,67,6,68,0.000%,.11630,0.68,0.02
GET /items?categoryId=1641,331,30,21,56,67,217,9,220,0.000%,.18779,1.19,0.03
GET /items?categoryId=1642,267,18,15,35,45,52,5,56,0.000%,.15148,0.82,0.02
GET /items?categoryId=1643,237,20,15,33,44,114,5,127,0.000%,.13446,0.79,0.02
GET /items?categoryId=1644,315,19,15,33,50,85,6,125,0.000%,.17872,1.01,0.03
GET /items?categoryId=1645,229,30,24,50,85,113,9,125,0.000%,.12992,0.82,0.02
GET /items?categoryId=1646,331,24,21,37,46,66,8,79,0.000%,.18780,1.19,0.03
GET /items?categoryId=1647,296,16,14,25,53,59,5,74,0.000%,.16795,1.03,0.03
GET /items?categoryId=1648,273,16,14,26,30,37,6,39,0.000%,.15490,0.82,0.02
GET /items?categoryId=1649,295,16,15,22,26,36,5,220,0.000%,.16739,0.95,0.03
GET /items?categoryId=1650,334,23,20,36,42,58,9,212,0.000%,.18951,1.20,0.03
GET /items?categoryId=1651,317,25,22,39,44,98,11,118,0.000%,.17987,1.14,0.03
GET /items?categoryId=1652,203,28,20,60,74,94,9,136,0.000%,.11519,0.73,0.02
GET /items?categoryId=1653,276,21,16,37,56,83,6,156,0.000%,.15661,0.98,0.02
GET /items?categoryId=1654,287,22,20,32,39,75,8,144,0.000%,.16285,0.98,0.03
GET /items?categoryId=1655,308,20,20,34,39,41,7,44,0.000%,.17476,1.01,0.03
GET /items?categoryId=1656,294,29,21,41,114,123,9,129,0.000%,.16682,1.06,0.03
GET /items?categoryId=1657,216,30,21,47,68,176,8,177,0.000%,.12257,0.78,0.02
GET /items?categoryId=1658,326,25,23,34,47,60,9,215,0.000%,.18498,1.17,0.03
GET /items?categoryId=1659,224,26,23,39,57,85,9,94,0.000%,.12711,0.81,0.02
GET /items?categoryId=1660,286,21,20,29,35,50,8,66,0.000%,.16228,1.03,0.03
GET /items?categoryId=1661,315,19,16,36,43,65,5,74,0.000%,.17875,1.07,0.03
GET /items?categoryId=1662,286,23,22,35,40,48,8,64,0.000%,.16229,1.03,0.03
GET /items?categoryId=1663,331,29,23,51,58,85,10,156,0.000%,.18783,1.19,0.03
GET /items?categoryId=1664,230,19,15,29,56,75,5,77,0.000%,.13052,0.80,0.02
GET /items?categoryId=1665,275,17,14,25,50,76,5,76,0.000%,.15605,0.82,0.02
GET /items?categoryId=1666,229,19,15,34,39,103,6,105,0.000%,.12995,0.75,0.02
GET /items?categoryId=1667,287,16,15,28,33,37,5,51,0.000%,.16287,1.01,0.03
GET /items?categoryId=1668,227,21,20,36,40,45,10,46,0.000%,.12882,0.82,0.02
GET /items?categoryId=1669,268,20,19,26,27,46,10,111,0.000%,.15209,0.97,0.02
GET /items?categoryId=1670,304,21,15,39,46,136,5,165,0.000%,.17252,1.05,0.03
GET /items?categoryId=1671,297,16,16,27,31,35,6,39,0.000%,.16854,0.95,0.03
GET /items?categoryId=1672,217,31,25,45,122,130,10,131,0.000%,.12314,0.78,0.02
GET /items?categoryId=1673,250,26,20,40,68,121,9,134,0.000%,.14188,0.90,0.02
GET /items?categoryId=1674,235,23,21,38,46,58,9,62,0.000%,.13336,0.85,0.02
GET /items?categoryId=1675,339,25,21,38,61,77,9,79,0.000%,.19238,1.22,0.03
GET /items?categoryId=1676,275,23,16,52,64,136,6,142,0.000%,.15606,0.95,0.02
GET /items?categoryId=1677,331,21,15,34,67,109,5,141,0.000%,.18785,0.99,0.03
GET /items?categoryId=1678,310,31,22,63,103,128,9,150,0.000%,.17593,1.12,0.03
GET /items?categoryId=1679,244,28,23,50,60,67,9,150,0.000%,.13848,0.88,0.02
GET /items?categoryId=1680,265,25,21,43,50,91,9,93,0.000%,.15041,0.95,0.02
GET /items?categoryId=1681,214,24,19,42,67,91,8,118,0.000%,.12147,0.77,0.02
GET /items?categoryId=1682,293,26,16,33,130,185,5,193,0.000%,.16630,0.86,0.03
GET /items?categoryId=1683,305,27,18,71,118,151,6,168,0.000%,.17312,1.04,0.03
GET /items?categoryId=1684,277,30,22,55,74,170,10,183,0.000%,.15723,0.99,0.03
GET /items?categoryId=1685,289,31,17,85,116,248,5,281,0.000%,.16406,0.89,0.03
GET /items?categoryId=1686,241,23,21,34,48,74,10,91,0.000%,.13683,0.87,0.02
GET /items?categoryId=1687,353,23,17,49,66,85,5,131,0.000%,.20042,1.22,0.03
GET /items?categoryId=1688,221,28,24,50,60,107,9,121,0.000%,.12548,0.79,0.02
GET /items?categoryId=1689,330,23,20,33,44,63,8,76,0.000%,.18736,1.19,0.03
GET /items?categoryId=1690,324,22,21,31,33,47,9,50,0.000%,.18396,1.17,0.03
GET /items?categoryId=1691,331,27,22,38,57,100,9,116,0.000%,.18793,1.19,0.03
GET /items?categoryId=1692,319,30,23,54,60,96,12,215,0.000%,.18112,1.15,0.03
GET /items?categoryId=1693,226,16,15,25,35,42,6,48,0.000%,.12832,0.73,0.02
GET /items?categoryId=1694,227,26,23,32,40,117,8,131,0.000%,.12889,0.82,0.02
GET /items?categoryId=1695,278,24,22,38,43,58,10,59,0.000%,.15785,1.00,0.03
GET /items?categoryId=1696,252,35,24,89,99,131,9,180,0.000%,.14309,0.91,0.02
GET /items?categoryId=1697,329,29,21,55,76,118,9,121,0.000%,.18681,1.18,0.03
GET /items?categoryId=1698,344,18,13,28,69,76,4,137,0.000%,.19533,1.17,0.03
GET /items?categoryId=1699,258,20,13,23,72,96,5,215,0.000%,.14650,0.86,0.02
GET /items?categoryId=1700,310,32,23,59,74,157,9,210,0.000%,.17605,1.12,0.03
GET /items?categoryId=1701,258,20,14,39,70,100,7,101,0.000%,.14652,0.78,0.02
GET /items?categoryId=1702,363,18,16,27,47,69,5,135,0.000%,.20615,1.11,0.03
GET /items?categoryId=1703,297,22,21,33,34,53,10,143,0.000%,.16868,1.06,0.03
GET /items?categoryId=1704,326,31,24,43,116,148,9,210,0.000%,.18515,1.17,0.03
GET /items?categoryId=1705,336,24,21,34,50,91,9,94,0.000%,.19084,1.21,0.03
GET /items?categoryId=1706,262,17,13,41,46,52,6,54,0.000%,.14882,0.86,0.02
GET /items?categoryId=1707,242,29,21,45,86,132,9,133,0.000%,.13744,0.87,0.02
GET /items?categoryId=1708,305,24,16,44,79,132,6,149,0.000%,.17323,1.00,0.03
GET /items?categoryId=1709,297,19,15,32,38,79,6,79,0.000%,.16869,0.99,0.03
GET /items?categoryId=1710,262,21,15,45,88,108,6,117,0.000%,.14882,0.89,0.02
GET /items?categoryId=1711,229,28,16,79,119,124,6,214,0.000%,.13008,0.71,0.02
GET /items?categoryId=1712,261,25,16,47,78,124,6,182,0.000%,.14826,0.93,0.02
GET /items?categoryId=1713,281,23,17,41,76,90,6,142,0.000%,.15962,0.96,0.03
GET /items?categoryId=1714,258,21,16,39,48,85,6,85,0.000%,.14656,0.84,0.02
GET /items?categoryId=1715,199,24,22,36,40,51,9,73,0.000%,.11305,0.72,0.02
GET /items?categoryId=1716,281,30,18,81,91,203,5,203,0.000%,.15964,0.92,0.03
GET /items?categoryId=1717,317,25,22,37,48,74,10,77,0.000%,.18007,1.14,0.03
GET /items?categoryId=1718,254,20,14,33,53,141,6,151,0.000%,.14429,0.78,0.02
GET /items?categoryId=1719,272,20,16,30,54,131,6,141,0.000%,.15452,0.92,0.02
GET /items?categoryId=1720,247,24,20,38,53,80,8,81,0.000%,.14032,0.88,0.02
GET /items?categoryId=1721,304,29,18,35,153,159,5,164,0.000%,.17271,1.08,0.03
GET /items?categoryId=1722,275,24,23,37,41,45,9,125,0.000%,.15623,0.99,0.02
GET /items?categoryId=1723,224,24,22,39,45,55,10,56,0.000%,.12727,0.81,0.02
GET /items?categoryId=1724,281,31,14,83,174,181,6,183,0.000%,.15965,0.90,0.03
GET /items?categoryId=1725,261,22,13,24,34,238,5,265,0.000%,.14829,0.78,0.02
GET /items?categoryId=1726,345,21,14,40,67,163,6,265,0.000%,.19600,1.19,0.03
GET /items?categoryId=1727,242,22,20,30,36,131,10,136,0.000%,.13751,0.87,0.02
GET /items?categoryId=1728,258,22,20,33,41,54,8,55,0.000%,.14660,0.93,0.02
GET /items?categoryId=1729,230,13,12,23,26,27,6,27,0.000%,.13069,0.81,0.02
GET /items?categoryId=1730,286,29,23,39,50,151,10,189,0.000%,.16251,1.03,0.03
GET /items?categoryId=1731,297,29,21,40,109,143,8,158,0.000%,.16876,1.07,0.03
GET /items?categoryId=1732,252,22,16,41,56,107,5,151,0.000%,.14319,0.84,0.02
GET /items?categoryId=1733,261,24,16,42,70,133,5,157,0.000%,.14832,0.86,0.02
GET /items?categoryId=1734,236,23,21,33,45,55,8,84,0.000%,.13412,0.85,0.02
GET /items?categoryId=1735,334,19,14,37,46,78,5,208,0.000%,.18979,1.12,0.03
GET /items?categoryId=1736,298,26,23,35,49,118,9,154,0.000%,.16934,1.08,0.03
GET /items?categoryId=1737,279,22,21,39,42,44,9,46,0.000%,.15855,1.00,0.03
GET /items?categoryId=1738,285,22,19,32,50,61,10,74,0.000%,.16196,1.03,0.03
GET /items?categoryId=1739,332,21,15,44,67,89,5,140,0.000%,.18867,1.15,0.03
GET /items?categoryId=1740,308,36,26,58,130,178,10,218,0.000%,.17504,1.11,0.03
GET /items?categoryId=1741,275,30,20,55,100,133,8,136,0.000%,.15630,0.99,0.02
GET /items?categoryId=1742,317,27,21,46,79,97,9,103,0.000%,.18016,1.14,0.03
GET /items?categoryId=1743,248,23,16,46,102,102,5,243,0.000%,.14094,0.86,0.02
GET /items?categoryId=1744,237,25,23,35,54,64,9,67,0.000%,.13470,0.86,0.02
GET /items?categoryId=1745,266,34,21,53,181,246,9,255,0.000%,.15118,0.95,0.02
GET /items?categoryId=1746,351,27,21,41,57,144,9,182,0.000%,.19951,1.26,0.03
GET /items?categoryId=1747,320,24,15,46,96,150,5,162,0.000%,.18189,0.99,0.03
GET /items?categoryId=1748,279,29,25,41,74,147,10,163,0.000%,.15859,1.01,0.03
GET /items?categoryId=1749,265,18,16,33,38,58,5,69,0.000%,.15064,0.86,0.02
GET /items?categoryId=1750,274,27,14,27,85,283,5,297,0.000%,.15576,0.86,0.02
GET /items?categoryId=1751,316,37,23,72,138,271,9,298,0.000%,.17961,1.14,0.03
GET /items?categoryId=1752,246,20,14,33,67,131,5,131,0.000%,.13985,0.73,0.02
GET /items?categoryId=1753,347,21,15,45,71,105,5,105,0.000%,.19726,1.16,0.03
GET /items?categoryId=1754,261,29,20,57,112,152,11,162,0.000%,.14838,0.94,0.02
GET /items?categoryId=1755,254,23,16,37,67,135,4,170,0.000%,.14441,0.75,0.02
GET /items?categoryId=1756,262,31,24,61,72,122,9,221,0.000%,.14898,0.95,0.02
GET /items?categoryId=1757,313,30,26,52,65,89,9,99,0.000%,.17796,1.13,0.03
GET /items?categoryId=1758,270,40,24,91,111,236,8,279,0.000%,.15351,0.97,0.02
GET /items?categoryId=1759,318,22,17,39,82,91,5,152,0.000%,.18080,1.08,0.03
GET /items?categoryId=1761,248,33,13,25,281,392,5,395,0.000%,.14101,0.76,0.02
GET /items?categoryId=1760,203,29,23,48,74,98,11,100,0.000%,.11543,0.73,0.02
GET /items?categoryId=1762,297,42,14,94,328,360,6,362,0.000%,.16888,0.88,0.03
GET /items?categoryId=1763,262,20,14,30,75,123,5,125,0.000%,.14899,0.86,0.02
GET /items?categoryId=1764,331,30,24,48,69,155,9,224,0.000%,.18824,1.19,0.03
GET /items?categoryId=1765,331,21,16,41,54,86,5,101,0.000%,.18823,1.08,0.03
GET /items?categoryId=1766,292,32,17,42,203,270,6,278,0.000%,.16607,0.87,0.03
GET /items?categoryId=1767,306,32,16,37,252,259,6,261,0.000%,.17403,0.94,0.03
GET /items?categoryId=1768,294,24,23,38,44,53,9,63,0.000%,.16723,1.06,0.03
GET /items?categoryId=1769,269,31,24,51,81,111,9,114,0.000%,.15300,0.96,0.02
GET /items?categoryId=1770,291,25,23,38,43,65,8,210,0.000%,.16552,1.06,0.03
GET /items?categoryId=1771,292,23,18,38,45,56,5,235,0.000%,.16609,0.86,0.03
GET /items?categoryId=1772,254,27,18,53,81,143,6,152,0.000%,.14448,0.76,0.02
GET /items?categoryId=1773,328,30,23,45,74,157,8,266,0.000%,.18655,1.19,0.03
GET /items?categoryId=1774,252,26,17,36,60,162,6,164,0.000%,.14335,0.89,0.02
GET /items?categoryId=1775,331,16,14,28,33,56,5,57,0.000%,.18828,0.99,0.03
GET /items?categoryId=1776,298,23,21,35,42,74,9,75,0.000%,.16951,1.08,0.03
GET /items?categoryId=1777,305,21,18,36,63,92,5,98,0.000%,.17350,1.06,0.03
GET /items?categoryId=1778,242,23,16,55,85,87,6,209,0.000%,.13766,0.73,0.02
GET /items?categoryId=1779,299,22,17,41,54,89,5,239,0.000%,.17009,0.88,0.03
GET /items?categoryId=1780,219,28,20,48,65,170,10,179,0.000%,.12460,0.79,0.02
GET /items?categoryId=1781,224,19,15,40,46,59,5,60,0.000%,.12745,0.70,0.02
GET /items?categoryId=1782,314,25,17,52,89,120,4,147,0.000%,.17864,1.11,0.03
GET /items?categoryId=1783,315,20,17,42,58,74,6,95,0.000%,.17921,1.05,0.03
GET /items?categoryId=1784,278,23,22,33,36,62,8,64,0.000%,.15817,1.00,0.03
GET /items?categoryId=1785,222,24,23,37,38,60,9,197,0.000%,.12631,0.80,0.02
GET /items?categoryId=1786,232,40,22,102,148,198,9,202,0.000%,.13200,0.83,0.02
GET /items?categoryId=1787,268,34,23,95,105,112,9,147,0.000%,.15250,0.96,0.02
GET /items?categoryId=1788,305,24,21,41,49,75,9,79,0.000%,.17356,1.10,0.03
GET /items?categoryId=1789,241,25,20,28,57,159,10,178,0.000%,.13714,0.87,0.02
GET /items?categoryId=1790,240,15,14,25,35,55,5,56,0.000%,.13658,0.82,0.02
GET /items?categoryId=1791,333,29,22,52,61,127,9,155,0.000%,.18949,1.20,0.03
GET /items?categoryId=1792,251,20,16,33,40,72,5,162,0.000%,.14284,0.87,0.02
GET /items?categoryId=1793,309,25,23,34,47,78,8,218,0.000%,.17584,1.11,0.03
GET /items?categoryId=1794,219,33,21,80,118,125,9,166,0.000%,.12463,0.79,0.02
GET /items?categoryId=1795,301,18,13,38,47,57,6,66,0.000%,.17130,0.97,0.03
GET /items?categoryId=1796,307,28,24,46,63,86,10,115,0.000%,.17473,1.11,0.03
GET /items?categoryId=1797,306,21,15,40,63,109,6,110,0.000%,.17416,1.06,0.03
GET /items?categoryId=1798,334,30,14,42,218,238,5,256,0.000%,.19009,1.18,0.03
GET /items?categoryId=1799,280,28,24,48,61,119,10,154,0.000%,.15938,1.01,0.03
GET /items?categoryId=1800,326,35,28,60,117,156,10,199,0.000%,.18556,1.17,0.03
GET /items?categoryId=1801,299,21,16,41,47,88,6,106,0.000%,.17020,0.88,0.03
GET /items?categoryId=1802,251,22,16,54,70,104,6,105,0.000%,.14288,0.86,0.02
GET /items?categoryId=1803,344,28,17,45,64,237,5,238,0.000%,.19582,1.10,0.03
GET /items?categoryId=1804,327,29,23,38,55,247,9,248,0.000%,.18614,1.18,0.03
GET /items?categoryId=1805,249,21,18,35,45,102,5,116,0.000%,.14176,0.88,0.02
GET /items?categoryId=1806,318,22,15,40,85,116,6,118,0.000%,.18105,1.09,0.03
GET /items?categoryId=1807,298,23,14,45,92,122,6,158,0.000%,.16967,0.87,0.03
GET /items?categoryId=1808,198,33,19,40,144,268,5,270,0.000%,.11273,0.61,0.02
GET /items?categoryId=1809,254,40,17,129,248,250,5,251,0.000%,.14462,0.82,0.02
GET /items?categoryId=1810,257,27,23,44,49,85,9,257,0.000%,.14633,0.93,0.02
GET /items?categoryId=1811,313,19,15,28,67,70,4,78,0.000%,.17823,1.07,0.03
GET /items?categoryId=1812,202,19,15,35,37,78,6,81,0.000%,.11503,0.61,0.02
GET /items?categoryId=1813,324,31,20,45,87,192,9,196,0.000%,.18450,1.17,0.03
GET /items?categoryId=1814,322,16,14,27,37,55,6,70,0.000%,.18337,1.05,0.03
GET /items?categoryId=1815,318,20,16,39,54,70,6,218,0.000%,.18110,1.09,0.03
GET /items?categoryId=1816,309,31,24,58,80,153,8,174,0.000%,.17598,1.11,0.03
GET /items?categoryId=1817,335,31,24,45,55,158,9,173,0.000%,.19079,1.21,0.03
GET /items?categoryId=1818,292,30,23,69,84,111,9,125,0.000%,.16630,1.05,0.03
GET /items?categoryId=1819,310,19,16,37,44,52,5,59,0.000%,.17656,0.99,0.03
GET /items?categoryId=1820,302,19,15,29,38,110,5,125,0.000%,.17201,0.97,0.03
GET /items?categoryId=1821,248,22,15,38,87,110,5,203,0.000%,.14126,0.78,0.02
GET /items?categoryId=1822,296,23,21,36,41,47,9,57,0.000%,.16860,1.07,0.03
GET /items?categoryId=1823,271,28,14,60,97,190,5,208,0.000%,.15437,0.94,0.02
GET /items?categoryId=1824,326,29,20,60,120,161,5,167,0.000%,.18570,0.96,0.03
GET /items?categoryId=1825,257,37,30,75,97,168,8,174,0.000%,.14638,0.93,0.02
GET /items?categoryId=1826,230,27,24,44,51,90,9,116,0.000%,.13102,0.83,0.02
GET /items?categoryId=1827,306,20,16,36,47,79,5,82,0.000%,.17431,0.98,0.03
GET /items?categoryId=1828,309,21,15,35,71,101,5,201,0.000%,.17603,1.05,0.03
GET /items?categoryId=1829,255,48,26,173,187,200,9,216,0.000%,.14526,0.92,0.02
GET /items?categoryId=1830,328,28,22,42,89,115,9,193,0.000%,.18685,1.18,0.03
GET /items?categoryId=1831,320,35,17,88,112,186,6,213,0.000%,.18229,1.09,0.03
GET /items?categoryId=1832,254,36,24,101,109,125,10,163,0.000%,.14471,0.92,0.02
GET /items?categoryId=1833,253,22,15,51,59,107,6,115,0.000%,.14415,0.76,0.02
GET /items?categoryId=1834,258,31,27,53,76,88,9,133,0.000%,.14699,0.93,0.02
GET /items?categoryId=1835,302,18,15,29,44,51,5,51,0.000%,.17205,0.99,0.03
GET /items?categoryId=1836,293,18,14,34,36,60,6,64,0.000%,.16694,0.99,0.03
GET /items?categoryId=1837,298,27,20,44,67,140,9,189,0.000%,.16978,1.08,0.03
GET /items?categoryId=1838,289,30,22,43,54,183,10,188,0.000%,.16466,1.04,0.03
GET /items?categoryId=1839,339,25,20,33,40,184,9,202,0.000%,.19315,1.22,0.03
GET /items?categoryId=1840,271,37,22,53,188,202,10,204,0.000%,.15441,0.98,0.02
GET /items?categoryId=1841,318,35,24,72,94,137,10,171,0.000%,.18119,1.15,0.03
GET /items?categoryId=1842,292,32,23,65,126,147,10,152,0.000%,.16636,1.05,0.03
GET /items?categoryId=1843,276,20,16,42,57,79,5,79,0.000%,.15725,0.81,0.03
GET /items?categoryId=1844,204,19,16,28,47,53,6,197,0.000%,.11624,0.60,0.02
GET /items?categoryId=1845,357,25,22,44,52,68,9,166,0.000%,.20340,1.30,0.03
GET /items?categoryId=1846,217,29,23,54,68,96,11,224,0.000%,.12365,0.79,0.02
GET /items?categoryId=1847,282,27,22,44,60,94,10,182,0.000%,.16068,1.02,0.03
GET /items?categoryId=1848,194,32,15,80,168,173,5,176,0.000%,.11055,0.61,0.02
GET /items?categoryId=1849,272,30,23,50,103,126,10,127,0.000%,.15499,0.98,0.02
GET /items?categoryId=1850,298,29,24,44,71,108,9,152,0.000%,.16981,1.07,0.03
GET /items?categoryId=1851,266,30,25,42,46,135,12,166,0.000%,.15157,0.97,0.02
GET /items?categoryId=1852,239,18,15,28,36,120,6,134,0.000%,.13619,0.85,0.02
GET /items?categoryId=1853,276,21,15,36,37,204,6,207,0.000%,.15727,0.81,0.03
GET /items?categoryId=1854,241,32,25,59,105,109,12,110,0.000%,.13733,0.87,0.02
GET /items?categoryId=1855,297,39,30,81,127,171,9,238,0.000%,.16923,1.07,0.03
GET /items?categoryId=1856,291,37,26,66,135,158,9,161,0.000%,.16583,1.05,0.03
GET /items?categoryId=1858,291,23,15,67,90,102,6,169,0.000%,.16583,1.01,0.03
GET /items?categoryId=1857,209,28,24,44,62,90,9,112,0.000%,.11910,0.76,0.02
GET /items?categoryId=1859,252,27,23,44,69,92,10,92,0.000%,.14361,0.91,0.02
GET /items?categoryId=1860,262,22,17,41,60,67,6,142,0.000%,.14931,0.91,0.02
GET /items?categoryId=1861,304,30,16,42,58,258,8,266,0.000%,.17324,1.06,0.03
GET /items?categoryId=1862,246,44,22,53,256,265,9,269,0.000%,.14019,0.89,0.02
GET /items?categoryId=1863,240,26,15,70,89,139,6,140,0.000%,.13677,0.73,0.02
GET /items?categoryId=1864,358,24,21,36,49,60,9,65,0.000%,.20402,1.29,0.03
GET /items?categoryId=1865,289,25,14,33,154,163,5,164,0.000%,.16470,0.93,0.03
GET /items?categoryId=1866,337,17,15,32,43,56,6,72,0.000%,.19206,1.20,0.03
GET /items?categoryId=1867,243,29,23,52,55,63,10,193,0.000%,.13849,0.88,0.02
GET /items?categoryId=1868,224,31,27,49,58,109,9,125,0.000%,.12767,0.81,0.02
GET /items?categoryId=1869,245,30,19,69,117,170,6,171,0.000%,.13963,0.77,0.02
GET /items?categoryId=1870,273,26,23,46,49,66,9,72,0.000%,.15559,0.99,0.02
GET /items?categoryId=1871,240,17,16,27,37,56,7,58,0.000%,.13679,0.72,0.02
GET /items?categoryId=1872,312,16,14,24,30,44,5,47,0.000%,.17782,0.94,0.03
GET /items?categoryId=1873,299,16,15,25,30,53,6,68,0.000%,.17041,1.04,0.03
GET /items?categoryId=1874,270,28,21,44,57,176,10,182,0.000%,.15388,0.98,0.02
GET /items?categoryId=1875,293,24,22,38,49,60,11,74,0.000%,.16700,1.06,0.03
GET /items?categoryId=1876,292,26,22,44,47,146,10,147,0.000%,.16643,1.06,0.03
GET /items?categoryId=1877,237,24,17,45,61,107,6,203,0.000%,.13509,0.78,0.02
GET /items?categoryId=1878,291,32,26,53,70,142,9,150,0.000%,.16585,1.05,0.03
GET /items?categoryId=1879,245,31,24,39,101,127,10,128,0.000%,.13963,0.89,0.02
GET /items?categoryId=1880,280,26,21,33,65,112,10,122,0.000%,.15959,1.01,0.03
GET /items?categoryId=1881,217,21,14,55,94,95,5,111,0.000%,.12369,0.67,0.02
GET /items?categoryId=1882,333,25,21,36,62,99,9,160,0.000%,.18980,1.20,0.03
GET /items?categoryId=1883,216,23,21,34,40,71,10,72,0.000%,.12312,0.78,0.02
GET /items?categoryId=1884,276,17,14,29,37,47,6,65,0.000%,.15733,0.91,0.03
GET /items?categoryId=1885,245,29,23,50,69,142,9,175,0.000%,.13966,0.89,0.02
GET /items?categoryId=1886,292,28,22,46,68,190,10,192,0.000%,.16644,1.05,0.03
GET /items?categoryId=1887,225,23,16,42,71,100,6,102,0.000%,.12825,0.68,0.02
GET /items?categoryId=1888,306,21,19,30,55,77,6,78,0.000%,.17442,1.04,0.03
GET /items?categoryId=1889,307,15,14,22,27,43,5,75,0.000%,.17500,0.94,0.03
GET /items?categoryId=1890,196,24,21,40,48,71,9,78,0.000%,.11173,0.71,0.02
GET /items?categoryId=1891,298,26,15,38,76,167,5,168,0.000%,.16987,1.01,0.03
GET /items?categoryId=1892,327,32,22,75,104,130,9,173,0.000%,.18640,1.18,0.03
GET /items?categoryId=1893,308,24,20,38,60,75,9,212,0.000%,.17558,1.11,0.03
GET /items?categoryId=1894,229,24,14,55,77,108,6,202,0.000%,.13055,0.78,0.02
GET /items?categoryId=1895,284,23,16,37,85,108,5,110,0.000%,.16191,0.89,0.03
GET /items?categoryId=1896,314,36,25,94,120,126,9,189,0.000%,.17900,1.13,0.03
GET /items?categoryId=1897,314,25,21,47,52,85,9,97,0.000%,.17901,1.14,0.03
GET /items?categoryId=1898,296,31,20,69,79,187,8,190,0.000%,.16875,1.07,0.03
GET /items?categoryId=1899,290,39,20,79,175,191,9,200,0.000%,.16533,1.05,0.03
GET /items?categoryId=1900,281,24,20,44,52,91,10,92,0.000%,.16020,1.01,0.03
GET /items?categoryId=1901,261,19,13,37,39,164,5,200,0.000%,.14881,0.89,0.02
GET /items?categoryId=1902,249,16,12,34,43,57,5,61,0.000%,.14197,0.80,0.02
GET /items?categoryId=1903,270,24,20,43,52,68,9,71,0.000%,.15394,0.97,0.02
GET /items?categoryId=1904,309,19,14,35,43,84,5,169,0.000%,.17617,1.09,0.03
GET /items?categoryId=1905,290,19,16,36,42,86,6,125,0.000%,.16535,0.86,0.03
GET /items?categoryId=1906,220,23,21,32,56,58,9,58,0.000%,.12543,0.79,0.02
GET /items?categoryId=1907,320,25,23,40,44,62,10,203,0.000%,.18245,1.16,0.03
GET /items?categoryId=1908,253,26,25,42,46,61,10,61,0.000%,.14425,0.91,0.02
GET /items?categoryId=1909,265,26,15,41,64,184,6,186,0.000%,.15109,0.87,0.02
GET /items?categoryId=1910,302,24,20,36,46,84,10,192,0.000%,.17219,1.10,0.03
GET /items?categoryId=1911,231,16,13,25,34,53,5,166,0.000%,.13171,0.70,0.02
GET /items?categoryId=1912,329,24,22,37,47,83,9,88,0.000%,.18758,1.18,0.03
GET /items?categoryId=1913,332,18,14,30,44,87,5,107,0.000%,.18929,1.09,0.03
GET /items?categoryId=1914,244,26,23,42,44,74,10,82,0.000%,.13911,0.88,0.02
GET /items?categoryId=1915,310,18,16,33,40,66,5,79,0.000%,.17675,0.91,0.03
GET /items?categoryId=1916,260,18,15,40,49,61,5,69,0.000%,.14824,0.78,0.02
GET /items?categoryId=1917,343,22,15,48,58,72,5,219,0.000%,.19557,1.19,0.03
GET /items?categoryId=1918,282,16,14,25,33,61,5,79,0.000%,.16079,0.85,0.03
GET /items?categoryId=1919,304,25,20,45,58,121,11,141,0.000%,.17333,1.09,0.03
GET /items?categoryId=1920,267,25,22,39,55,84,9,86,0.000%,.15225,0.97,0.02
GET /items?categoryId=1921,278,24,20,38,47,67,10,84,0.000%,.15851,1.01,0.03
GET /items?categoryId=1922,251,28,15,75,119,125,5,126,0.000%,.14312,0.76,0.02
GET /items?categoryId=1923,336,25,21,35,61,104,11,110,0.000%,.19158,1.22,0.03
GET /items?categoryId=1924,312,21,16,36,63,100,5,104,0.000%,.17790,1.00,0.03
GET /items?categoryId=1925,325,32,17,63,186,211,6,213,0.000%,.18531,0.98,0.03
GET /items?categoryId=1926,264,27,23,42,53,97,10,137,0.000%,.15054,0.96,0.02
GET /items?categoryId=1927,289,27,24,36,45,121,10,131,0.000%,.16479,1.05,0.03
GET /items?categoryId=1928,203,18,15,30,51,59,5,70,0.000%,.11576,0.65,0.02
GET /items?categoryId=1929,234,17,16,26,45,63,6,64,0.000%,.13344,0.81,0.02
GET /items?categoryId=1930,218,29,23,43,91,158,10,163,0.000%,.12431,0.79,0.02
GET /items?categoryId=1931,332,31,24,75,87,111,9,114,0.000%,.18932,1.20,0.03
GET /items?categoryId=1932,306,26,22,46,69,82,9,91,0.000%,.17449,1.10,0.03
GET /items?categoryId=1933,322,25,15,37,49,234,5,235,0.000%,.18361,1.01,0.03
GET /items?categoryId=1934,271,17,16,26,38,64,5,65,0.000%,.15454,0.84,0.02
GET /items?categoryId=1935,250,15,14,23,28,53,5,53,0.000%,.14257,0.73,0.02
GET /items?categoryId=1936,301,18,16,31,39,49,5,54,0.000%,.17166,0.88,0.03
GET /items?categoryId=1937,315,18,17,31,34,42,6,53,0.000%,.17963,1.03,0.03
GET /items?categoryId=1938,285,26,24,41,54,68,10,73,0.000%,.16251,1.03,0.03
GET /items?categoryId=1939,285,19,16,34,41,78,6,172,0.000%,.16251,0.86,0.03
GET /items?categoryId=1940,238,25,16,27,62,210,5,212,0.000%,.13572,0.84,0.02
GET /items?categoryId=1941,269,31,16,55,189,210,5,212,0.000%,.15340,0.87,0.02
GET /items?categoryId=1942,314,20,15,30,81,121,5,122,0.000%,.17906,0.93,0.03
GET /items?categoryId=1943,300,19,14,30,62,86,5,88,0.000%,.17108,0.96,0.03
GET /items?categoryId=1944,271,24,22,42,48,64,10,85,0.000%,.15455,0.98,0.02
GET /items?categoryId=1945,254,28,23,46,50,125,9,126,0.000%,.14485,0.92,0.02
GET /items?categoryId=1946,272,18,16,33,48,72,4,74,0.000%,.15511,0.91,0.02
GET /items?categoryId=1947,238,30,23,50,66,145,10,207,0.000%,.13573,0.86,0.02
GET /items?categoryId=1948,276,41,22,115,140,179,10,181,0.000%,.15740,1.00,0.03
GET /items?categoryId=1949,326,24,16,59,80,108,5,201,0.000%,.18591,1.15,0.03
GET /items?categoryId=1950,217,19,15,37,60,63,5,65,0.000%,.12376,0.71,0.02
GET /items?categoryId=1951,300,17,14,35,46,55,5,60,0.000%,.17109,0.93,0.03
GET /items?categoryId=1952,234,14,13,23,24,32,5,39,0.000%,.13345,0.76,0.02
GET /items?categoryId=1953,370,19,14,41,45,62,5,83,0.000%,.21102,1.14,0.03
GET /items?categoryId=1954,290,19,14,38,45,83,5,83,0.000%,.16540,1.03,0.03
GET /items?categoryId=1955,271,35,22,56,151,217,8,217,0.000%,.15455,0.98,0.02
GET /items?categoryId=1956,256,22,18,35,41,206,6,223,0.000%,.14600,0.84,0.02
GET /items?categoryId=1957,294,36,24,71,128,149,10,182,0.000%,.16768,1.06,0.03
GET /items?categoryId=1958,256,17,13,31,42,119,6,134,0.000%,.14601,0.86,0.02
GET /items?categoryId=1959,218,20,19,27,29,49,8,50,0.000%,.12433,0.79,0.02
GET /items?categoryId=1960,230,14,13,22,24,30,5,31,0.000%,.13118,0.69,0.02
GET /items?categoryId=1961,360,13,12,22,24,29,5,37,0.000%,.20532,1.07,0.03
GET /items?categoryId=1962,248,16,13,29,30,42,5,134,0.000%,.14144,0.86,0.02
GET /items?categoryId=1963,260,25,21,31,42,183,9,199,0.000%,.14828,0.94,0.02
GET /items?categoryId=1964,228,27,20,35,47,228,9,235,0.000%,.13002,0.82,0.02
GET /items?categoryId=1965,266,19,14,27,39,163,5,191,0.000%,.15170,0.84,0.02
GET /items?categoryId=1966,289,27,23,37,45,124,9,135,0.000%,.16482,1.04,0.03
GET /items?categoryId=1967,317,15,12,22,26,86,5,147,0.000%,.18078,1.11,0.03
GET /items?categoryId=1968,251,12,11,20,22,26,6,26,0.000%,.14314,0.89,0.02
GET /items?categoryId=1969,340,20,20,28,30,33,9,36,0.000%,.19389,1.23,0.03
GET /items?categoryId=1970,332,30,15,144,152,179,5,185,0.000%,.18933,1.05,0.03
GET /items?categoryId=1971,235,32,21,55,152,197,10,199,0.000%,.13402,0.85,0.02
GET /items?categoryId=1972,306,30,19,39,162,181,10,197,0.000%,.17449,1.11,0.03
GET /items?categoryId=1973,288,22,20,30,32,44,9,116,0.000%,.16423,1.04,0.03
GET /items?categoryId=1974,317,25,20,33,39,126,11,149,0.000%,.18077,1.15,0.03
GET /items?categoryId=1975,313,23,21,33,36,50,9,61,0.000%,.17848,1.13,0.03
GET /items?categoryId=1976,214,22,21,36,39,46,10,47,0.000%,.12203,0.78,0.02
GET /items?categoryId=1977,333,20,19,27,31,36,11,46,0.000%,.18988,1.20,0.03
GET /items?categoryId=1978,226,22,19,30,38,116,9,172,0.000%,.12887,0.82,0.02
GET /items?categoryId=1979,335,16,13,27,29,48,5,186,0.000%,.19102,1.16,0.03
GET /items?categoryId=1980,294,19,13,34,36,185,5,212,0.000%,.16765,0.89,0.03
GET /items?categoryId=1981,244,17,14,31,35,43,5,43,0.000%,.13913,0.78,0.02
GET /items?categoryId=1982,260,22,21,32,39,50,10,50,0.000%,.14825,0.94,0.02
GET /items?categoryId=1983,210,14,12,24,27,35,5,36,0.000%,.11974,0.72,0.02
GET /items?categoryId=1984,259,21,20,30,35,37,9,38,0.000%,.14768,0.93,0.02
GET /items?categoryId=1985,326,21,20,27,30,56,10,68,0.000%,.18588,1.18,0.03
GET /items?categoryId=1986,318,34,20,60,154,248,9,254,0.000%,.18132,1.15,0.03
GET /items?categoryId=1987,274,15,13,28,32,45,6,45,0.000%,.15622,0.93,0.02
GET /items?categoryId=1988,293,15,12,24,36,44,6,221,0.000%,.16706,1.02,0.03
GET /items?categoryId=1989,276,17,15,25,39,45,6,192,0.000%,.15735,0.89,0.03
GET /items?categoryId=1990,295,18,15,31,43,43,6,192,0.000%,.16820,0.91,0.03
GET /items?categoryId=1991,300,18,14,31,43,44,6,140,0.000%,.17105,1.00,0.03
GET /items?categoryId=1992,276,18,14,31,33,123,5,140,0.000%,.15736,0.82,0.03
GET /items?categoryId=1993,296,17,14,24,27,130,5,157,0.000%,.16876,1.03,0.03
GET /items?categoryId=1994,221,15,15,22,27,43,5,79,0.000%,.12600,0.65,0.02
GET /items?categoryId=1995,290,29,22,39,48,170,9,172,0.000%,.16534,1.05,0.03
GET /items?categoryId=1996,326,25,21,44,52,96,10,219,0.000%,.18586,1.18,0.03
GET /items?categoryId=1997,286,13,12,21,23,32,6,48,0.000%,.16306,0.84,0.03
GET /items?categoryId=1998,248,23,20,35,47,54,9,56,0.000%,.14138,0.90,0.02
GET /items?categoryId=1999,245,17,14,32,42,47,6,47,0.000%,.13967,0.87,0.02
GET /items?categoryId=2000,307,35,15,36,268,322,5,322,2.932%,.17501,1.05,0.03
TOTAL,873708,17,13,31,43,129,0,563,0.324%,409.35573,1747.26,61.61
