Label,# Samples,Average,Min,Max,Std. Dev.,Error %,Throughput,Received KB/sec,Sent KB/sec,Avg. Bytes
GET /items?categoryId=1,370,21,5,563,37.24,0.000%,.18225,0.89,0.03,5021.0
GET /items/{id},262113,8,0,483,19.20,0.255%,122.83025,34.13,16.32,284.5
GET /items?categoryId=2,363,14,6,39,6.99,0.000%,.17906,1.08,0.03,6183.0
GET /items?categoryId=3,348,15,5,191,17.23,0.000%,.17177,1.03,0.03,6126.0
GET /items?categoryId=4,370,22,5,211,33.10,0.000%,.18271,0.97,0.03,5430.7
GET /items?categoryId=5,301,15,5,44,7.43,0.000%,.14869,0.79,0.02,5440.2
GET /items?categoryId=6,349,26,6,204,47.64,0.000%,.17244,0.87,0.03,5185.3
GET /items?categoryId=7,284,13,6,40,7.00,0.000%,.14036,0.81,0.02,5885.0
GET /items?categoryId=8,358,16,5,142,18.33,0.000%,.17698,1.08,0.03,6242.3
GET /items?categoryId=9,342,14,5,154,11.78,0.000%,.16911,0.88,0.03,5323.9
GET /items?categoryId=10,404,17,5,168,13.93,0.000%,.19981,1.23,0.03,6321.8
GET /items?categoryId=11,396,14,5,209,14.21,0.000%,.19590,1.20,0.03,6292.0
GET /items?categoryId=12,299,17,5,177,20.59,0.000%,.14795,0.91,0.02,6318.8
GET /items?categoryId=13,316,15,5,73,10.04,0.000%,.15639,0.96,0.02,6285.5
GET /items?categoryId=14,389,16,5,285,24.32,0.000%,.19255,1.19,0.03,6310.7
GET /items?categoryId=15,363,24,5,295,45.66,0.000%,.17970,1.10,0.03,6281.7
GET /items?categoryId=16,272,14,6,42,7.08,0.000%,.13468,0.83,0.02,6290.2
GET /items?categoryId=17,275,13,5,40,6.60,0.000%,.13618,0.74,0.02,5593.9
GET /items?categoryId=18,323,14,5,90,8.81,0.000%,.15996,0.98,0.03,6277.1
GET /items?categoryId=19,385,16,5,266,16.84,0.000%,.19070,1.18,0.03,6327.5
GET /items?categoryId=20,353,14,5,40,7.68,0.000%,.17487,1.07,0.03,6283.4
GET /items?categoryId=21,381,15,5,145,10.29,0.000%,.18877,1.17,0.03,6335.6
GET /items?categoryId=22,432,15,6,228,14.18,0.000%,.21406,1.13,0.03,5405.3
GET /items?categoryId=23,311,20,5,159,22.70,0.000%,.15412,0.90,0.02,6005.8
GET /items?categoryId=24,352,14,5,62,9.61,0.000%,.17445,1.05,0.03,6192.3
GET /items?categoryId=25,323,15,5,43,8.82,0.000%,.16010,0.86,0.03,5485.4
GET /items?categoryId=26,356,17,5,265,22.25,0.000%,.17648,0.93,0.03,5390.0
GET /items?categoryId=27,397,21,5,197,29.05,0.000%,.19682,1.13,0.03,5879.8
GET /items?categoryId=28,275,14,5,157,15.94,0.000%,.13635,0.85,0.02,6363.6
GET /items?categoryId=29,283,16,5,295,28.75,0.000%,.14033,0.79,0.02,5754.7
GET /items?categoryId=30,336,18,5,95,13.77,0.000%,.16663,1.03,0.03,6330.4
GET /items?categoryId=31,337,16,5,47,9.40,0.000%,.16714,0.97,0.03,5964.5
GET /items?categoryId=32,375,17,5,153,18.62,0.000%,.18599,1.15,0.03,6341.3
GET /items?categoryId=33,341,15,5,72,8.69,0.000%,.16915,1.05,0.03,6331.7
GET /items?categoryId=34,329,18,5,174,23.38,0.000%,.16321,0.95,0.03,5971.0
GET /items?categoryId=35,355,15,5,96,9.11,0.000%,.17613,0.99,0.03,5774.2
GET /items?categoryId=36,318,18,5,289,29.70,0.000%,.15779,0.92,0.02,5981.6
GET /items?categoryId=37,269,19,5,247,34.92,0.000%,.13349,0.83,0.02,6381.0
GET /items?categoryId=38,293,13,5,37,6.75,0.000%,.14541,0.87,0.02,6111.7
GET /items?categoryId=39,369,16,5,214,15.60,0.000%,.18314,1.13,0.03,6337.6
GET /items?categoryId=40,355,14,5,35,6.14,0.000%,.17621,0.91,0.03,5303.7
GET /items?categoryId=41,236,13,5,83,7.55,0.000%,.11714,0.62,0.02,5449.9
GET /items?categoryId=42,318,14,5,113,11.29,0.000%,.15786,0.99,0.02,6391.4
GET /items?categoryId=43,424,16,5,64,8.67,0.000%,.21049,1.32,0.03,6404.6
GET /items?categoryId=44,342,17,5,63,12.21,0.000%,.16980,0.92,0.03,5545.2
GET /items?categoryId=45,235,15,5,100,12.32,0.000%,.11668,0.72,0.02,6331.7
GET /items?categoryId=46,284,14,5,44,6.74,0.000%,.14102,0.88,0.02,6365.4
GET /items?categoryId=47,336,23,5,209,40.79,0.000%,.16685,1.04,0.03,6368.6
GET /items?categoryId=48,310,23,5,208,36.55,0.000%,.15396,0.95,0.02,6345.8
GET /items?categoryId=49,367,16,5,44,7.98,0.000%,.18227,1.13,0.03,6357.7
GET /items?categoryId=50,309,16,4,102,12.40,0.000%,.15347,0.93,0.02,6234.2
GET /items?categoryId=51,320,30,5,293,62.28,0.000%,.15894,0.98,0.02,6335.4
GET /items?categoryId=52,323,15,5,291,16.85,0.000%,.16045,0.99,0.03,6315.6
GET /items?categoryId=53,443,14,5,40,6.70,0.000%,.22007,1.36,0.03,6334.6
GET /items?categoryId=54,283,14,5,39,7.61,0.000%,.14060,0.87,0.02,6361.4
GET /items?categoryId=55,346,21,5,182,33.61,0.000%,.17190,1.07,0.03,6360.3
GET /items?categoryId=56,380,21,5,172,28.59,0.000%,.18881,1.11,0.03,6014.2
GET /items?categoryId=57,338,15,5,45,7.60,0.000%,.16795,1.04,0.03,6317.9
GET /items?categoryId=58,383,18,5,246,27.17,0.000%,.19032,1.18,0.03,6353.5
GET /items?categoryId=59,291,19,5,181,25.03,0.000%,.14461,0.90,0.02,6376.6
GET /items?categoryId=60,311,14,5,46,8.01,0.000%,.15455,0.82,0.02,5411.8
GET /items?categoryId=61,401,14,5,49,6.93,0.000%,.19928,1.19,0.03,6103.9
GET /items?categoryId=62,325,14,5,42,6.57,0.000%,.16153,0.97,0.03,6119.2
GET /items?categoryId=63,392,17,5,166,16.33,0.000%,.19484,1.18,0.03,6204.2
GET /items?categoryId=64,397,19,5,177,14.82,0.000%,.19733,1.11,0.03,5765.1
GET /items?categoryId=65,330,19,6,173,17.79,0.000%,.16404,0.88,0.03,5521.6
GET /items?categoryId=66,394,18,6,201,20.68,0.000%,.19585,1.21,0.03,6334.8
GET /items?categoryId=67,268,19,5,202,30.02,0.000%,.13323,0.75,0.02,5773.8
GET /items?categoryId=68,412,14,4,39,6.84,0.000%,.20483,1.15,0.03,5742.1
GET /items?categoryId=69,387,16,6,38,7.80,0.000%,.19241,1.19,0.03,6323.8
GET /items?categoryId=70,253,13,5,38,6.84,0.000%,.12579,0.64,0.02,5192.7
GET /items?categoryId=71,312,22,5,298,41.53,0.000%,.15513,0.96,0.02,6316.0
GET /items?categoryId=72,284,32,4,275,63.58,0.000%,.14122,0.81,0.02,5876.4
GET /items?categoryId=73,290,17,5,202,21.61,0.000%,.14421,0.73,0.02,5175.4
GET /items?categoryId=74,320,16,5,64,8.92,0.000%,.15914,0.95,0.03,6101.2
GET /items?categoryId=75,394,14,5,163,11.89,0.000%,.19592,1.22,0.03,6362.1
GET /items?categoryId=76,413,16,5,150,15.27,0.000%,.20538,1.27,0.03,6335.8
GET /items?categoryId=77,283,13,5,39,7.40,0.000%,.14075,0.74,0.02,5381.7
GET /items?categoryId=78,338,12,5,27,4.41,0.000%,.16811,1.04,0.03,6348.9
GET /items?categoryId=79,280,11,5,139,8.81,0.000%,.13926,0.74,0.02,5425.2
GET /items?categoryId=80,342,20,5,240,35.53,0.000%,.17011,1.05,0.03,6332.7
GET /items?categoryId=81,313,18,5,198,21.78,0.000%,.15569,0.96,0.02,6332.3
GET /items?categoryId=82,329,13,5,44,6.35,0.000%,.16366,0.99,0.03,6207.9
GET /items?categoryId=83,280,13,5,35,5.72,0.000%,.13929,0.87,0.02,6362.7
GET /items?categoryId=84,320,16,5,200,23.45,0.000%,.15918,0.82,0.03,5296.8
GET /items?categoryId=85,359,15,5,52,7.30,0.000%,.17859,1.10,0.03,6318.5
GET /items?categoryId=86,351,15,5,38,7.84,0.000%,.17462,1.08,0.03,6345.3
GET /items?categoryId=87,311,15,5,301,22.65,0.000%,.15473,0.78,0.02,5191.2
GET /items?categoryId=88,272,15,5,301,25.22,0.000%,.13533,0.84,0.02,6329.4
GET /items?categoryId=89,410,18,5,181,26.82,0.000%,.20398,1.27,0.03,6370.8
GET /items?categoryId=90,294,17,5,52,10.52,0.000%,.14629,0.74,0.02,5167.1
GET /items?categoryId=91,368,15,5,54,9.48,0.000%,.18311,0.94,0.03,5277.9
GET /items?categoryId=92,366,16,5,209,21.99,0.000%,.18210,1.13,0.03,6349.8
GET /items?categoryId=93,395,15,4,209,13.70,0.000%,.19654,1.22,0.03,6357.3
GET /items?categoryId=94,299,17,5,50,9.05,0.000%,.14879,0.92,0.02,6336.8
GET /items?categoryId=95,330,20,4,245,31.91,0.000%,.16421,1.02,0.03,6338.7
GET /items?categoryId=96,318,16,5,174,17.93,0.000%,.15824,0.98,0.02,6342.3
GET /items?categoryId=97,375,16,5,190,17.91,0.000%,.18662,1.16,0.03,6354.4
GET /items?categoryId=98,340,16,5,130,12.82,0.000%,.16921,0.91,0.03,5535.7
GET /items?categoryId=99,421,18,5,126,16.12,0.000%,.20953,1.29,0.03,6318.6
GET /items?categoryId=100,373,19,5,219,26.56,0.000%,.18563,1.16,0.03,6410.5
GET /items?categoryId=101,381,16,5,191,14.93,0.000%,.18961,1.19,0.03,6404.5
GET /items?categoryId=102,412,15,5,192,14.68,0.000%,.20505,1.15,0.03,5765.7
GET /items?categoryId=103,356,14,4,57,8.37,0.000%,.17720,1.11,0.03,6391.0
GET /items?categoryId=104,272,13,5,55,6.65,0.000%,.13539,0.69,0.02,5186.5
GET /items?categoryId=105,408,15,4,113,13.08,0.000%,.20308,1.26,0.03,6359.5
GET /items?categoryId=106,377,16,5,160,18.25,0.000%,.18767,1.15,0.03,6289.5
GET /items?categoryId=107,339,19,4,213,29.64,0.000%,.16873,0.90,0.03,5438.5
GET /items?categoryId=108,257,14,5,210,18.31,0.000%,.12793,0.75,0.02,6027.2
GET /items?categoryId=109,402,14,5,41,7.49,0.000%,.20011,1.19,0.03,6072.9
GET /items?categoryId=110,447,13,5,40,6.27,0.000%,.22252,1.39,0.04,6387.7
GET /items?categoryId=111,300,13,4,45,6.08,0.000%,.14935,0.78,0.02,5316.4
GET /items?categoryId=112,372,13,5,96,10.55,0.000%,.18519,1.05,0.03,5786.8
GET /items?categoryId=113,345,21,5,214,25.21,0.000%,.17176,1.07,0.03,6398.3
GET /items?categoryId=114,441,16,4,72,9.23,0.000%,.21956,1.17,0.03,5457.9
GET /items?categoryId=115,360,15,5,86,9.61,0.000%,.17925,1.12,0.03,6410.2
GET /items?categoryId=116,355,15,5,202,15.02,0.000%,.17674,1.10,0.03,6377.4
GET /items?categoryId=117,403,15,5,41,7.24,0.000%,.20065,1.16,0.03,5898.5
GET /items?categoryId=118,355,14,5,41,7.03,0.000%,.17676,1.10,0.03,6399.5
GET /items?categoryId=119,260,16,5,50,11.26,0.000%,.12946,0.81,0.02,6382.3
GET /items?categoryId=120,328,12,5,35,4.93,0.000%,.16332,1.02,0.03,6376.5
GET /items?categoryId=121,318,23,5,191,27.57,0.000%,.15835,0.99,0.03,6419.0
GET /items?categoryId=122,366,16,5,98,9.73,0.000%,.18225,1.15,0.03,6434.7
GET /items?categoryId=123,302,15,5,154,14.37,0.000%,.15039,0.85,0.02,5804.8
GET /items?categoryId=124,370,17,4,169,18.94,0.000%,.18424,1.09,0.03,6042.4
GET /items?categoryId=125,345,16,5,53,10.01,0.000%,.17179,1.01,0.03,6038.5
GET /items?categoryId=126,311,15,5,41,7.91,0.000%,.15487,0.97,0.02,6407.3
GET /items?categoryId=127,402,13,4,36,5.85,0.000%,.20018,1.24,0.03,6367.6
GET /items?categoryId=128,305,14,5,46,6.83,0.000%,.15188,0.95,0.02,6387.3
GET /items?categoryId=129,419,15,5,147,11.68,0.000%,.20866,1.30,0.03,6386.8
GET /items?categoryId=130,421,16,5,144,11.76,0.000%,.20966,1.31,0.03,6373.7
GET /items?categoryId=131,396,15,5,121,9.76,0.000%,.19722,1.23,0.03,6406.2
GET /items?categoryId=132,348,20,5,194,31.62,0.000%,.17330,1.00,0.03,5914.2
GET /items?categoryId=133,460,15,5,151,12.24,0.000%,.22908,1.22,0.04,5434.9
GET /items?categoryId=134,360,15,5,60,9.56,0.000%,.17929,0.91,0.03,5189.8
GET /items?categoryId=135,312,15,6,58,8.47,0.000%,.15539,0.97,0.02,6380.8
GET /items?categoryId=136,282,14,6,29,5.56,0.000%,.14045,0.88,0.02,6398.0
GET /items?categoryId=137,308,14,5,101,10.08,0.000%,.15340,0.87,0.02,5816.8
GET /items?categoryId=138,404,18,6,113,13.91,0.000%,.20122,1.25,0.03,6373.7
GET /items?categoryId=139,361,13,5,39,5.51,0.000%,.17981,0.94,0.03,5333.8
GET /items?categoryId=140,282,19,4,226,26.60,0.000%,.14045,0.81,0.02,5907.8
GET /items?categoryId=141,354,16,5,55,9.64,0.000%,.17630,1.10,0.03,6412.5
GET /items?categoryId=142,421,15,4,56,7.42,0.000%,.20969,1.28,0.03,6249.6
GET /items?categoryId=143,287,13,5,34,5.86,0.000%,.14295,0.90,0.02,6424.0
GET /items?categoryId=144,401,13,4,38,6.67,0.000%,.19973,1.17,0.03,6022.5
GET /items?categoryId=145,306,45,5,233,74.24,0.000%,.15242,0.95,0.02,6387.9
GET /items?categoryId=146,425,18,5,227,31.10,0.000%,.21169,1.17,0.03,5674.6
GET /items?categoryId=147,338,13,5,56,8.61,0.000%,.16836,1.06,0.03,6418.6
GET /items?categoryId=148,366,20,5,203,29.13,0.000%,.18230,1.14,0.03,6389.5
GET /items?categoryId=149,430,15,4,114,14.16,0.000%,.21418,1.19,0.03,5685.9
GET /items?categoryId=150,422,12,5,39,6.27,0.000%,.21020,1.24,0.03,6053.6
GET /items?categoryId=151,385,13,4,70,6.53,0.000%,.19177,1.20,0.03,6396.3
GET /items?categoryId=152,368,17,4,165,24.36,0.000%,.18331,0.99,0.03,5554.5
GET /items?categoryId=153,404,16,4,137,19.25,0.000%,.20124,1.09,0.03,5563.6
GET /items?categoryId=154,355,17,4,209,31.56,0.000%,.17682,0.92,0.03,5340.0
GET /items?categoryId=155,308,16,4,234,28.31,0.000%,.15342,0.85,0.02,5700.3
GET /items?categoryId=156,413,16,5,180,15.45,0.000%,.20572,1.29,0.03,6399.0
GET /items?categoryId=157,314,15,5,74,9.10,0.000%,.15641,0.98,0.02,6384.4
GET /items?categoryId=158,407,13,5,51,6.94,0.000%,.20274,1.27,0.03,6407.3
GET /items?categoryId=159,285,14,5,52,8.83,0.000%,.14197,0.88,0.02,6373.7
GET /items?categoryId=160,344,23,5,235,43.64,0.000%,.17136,1.07,0.03,6388.3
GET /items?categoryId=161,436,14,5,48,7.63,0.000%,.21719,1.36,0.03,6392.3
GET /items?categoryId=162,302,13,5,40,7.16,0.000%,.15045,0.94,0.02,6402.8
GET /items?categoryId=163,369,14,5,89,10.71,0.000%,.18382,1.04,0.03,5786.7
GET /items?categoryId=164,346,16,5,196,18.23,0.000%,.17236,1.08,0.03,6419.0
GET /items?categoryId=165,394,15,4,40,8.32,0.000%,.19627,1.02,0.03,5327.5
GET /items?categoryId=166,387,13,4,60,8.89,0.000%,.19279,1.02,0.03,5439.2
GET /items?categoryId=167,301,28,4,227,55.37,0.000%,.14995,0.78,0.02,5313.8
GET /items?categoryId=168,375,14,5,47,8.48,0.000%,.18682,1.03,0.03,5670.1
GET /items?categoryId=169,415,15,4,64,10.13,0.000%,.20675,1.30,0.03,6414.2
GET /items?categoryId=170,328,18,5,214,29.80,0.000%,.16339,1.00,0.03,6279.5
GET /items?categoryId=171,274,19,4,214,23.09,0.000%,.13649,0.74,0.02,5543.3
GET /items?categoryId=172,294,16,4,153,19.40,0.000%,.14646,0.89,0.02,6252.9
GET /items?categoryId=173,403,14,4,180,12.00,0.000%,.20076,1.11,0.03,5678.2
GET /items?categoryId=174,380,15,5,194,14.79,0.000%,.18930,1.18,0.03,6404.2
GET /items?categoryId=175,363,14,4,63,8.88,0.000%,.18084,1.09,0.03,6167.3
GET /items?categoryId=176,354,14,5,64,7.94,0.000%,.17636,1.10,0.03,6410.3
GET /items?categoryId=177,262,12,4,51,6.92,0.000%,.13053,0.70,0.02,5466.8
GET /items?categoryId=178,422,21,4,217,38.33,0.000%,.21022,1.07,0.03,5217.7
GET /items?categoryId=179,300,15,4,194,13.33,0.000%,.14945,0.93,0.02,6401.1
GET /items?categoryId=180,367,14,4,48,7.83,0.000%,.18283,0.93,0.03,5208.4
GET /items?categoryId=181,315,19,5,209,24.76,0.000%,.15693,0.98,0.02,6401.7
GET /items?categoryId=182,278,15,5,90,10.92,0.000%,.13850,0.86,0.02,6389.4
GET /items?categoryId=183,296,13,4,96,8.13,0.000%,.14747,0.75,0.02,5223.6
GET /items?categoryId=184,270,13,5,29,4.98,0.000%,.13452,0.84,0.02,6378.1
GET /items?categoryId=185,303,13,5,28,4.17,0.000%,.15096,0.95,0.02,6413.4
GET /items?categoryId=186,361,12,5,28,4.32,0.000%,.17986,1.13,0.03,6422.9
GET /items?categoryId=187,336,12,6,26,4.19,0.000%,.16741,1.04,0.03,6366.0
GET /items?categoryId=188,328,15,4,221,20.44,0.000%,.16341,0.87,0.03,5452.4
GET /items?categoryId=189,339,14,5,50,6.78,0.000%,.16889,1.05,0.03,6373.9
GET /items?categoryId=190,312,15,4,106,12.29,0.000%,.15544,0.83,0.02,5460.8
GET /items?categoryId=191,423,13,5,52,6.68,0.000%,.21074,1.10,0.03,5330.2
GET /items?categoryId=192,344,14,5,36,5.81,0.000%,.17139,1.08,0.03,6436.5
GET /items?categoryId=193,370,13,5,36,5.66,0.000%,.18434,1.15,0.03,6406.1
GET /items?categoryId=194,346,12,4,32,5.27,0.000%,.17239,1.08,0.03,6397.2
GET /items?categoryId=195,349,16,5,226,22.51,0.000%,.17387,1.09,0.03,6394.2
GET /items?categoryId=196,288,29,5,226,52.62,0.000%,.14348,0.75,0.02,5321.2
GET /items?categoryId=197,305,15,5,47,8.57,0.000%,.15195,0.95,0.02,6394.8
GET /items?categoryId=198,394,14,4,211,19.04,0.000%,.19629,1.05,0.03,5451.7
GET /items?categoryId=199,395,25,5,235,46.35,0.000%,.19680,1.23,0.03,6401.4
GET /items?categoryId=200,360,14,4,76,8.56,0.000%,.17936,0.95,0.03,5413.9
GET /items?categoryId=201,382,14,5,38,6.90,0.000%,.19032,1.19,0.03,6393.0
GET /items?categoryId=202,301,13,5,40,6.42,0.000%,.14997,0.94,0.02,6437.1
GET /items?categoryId=203,393,14,5,204,11.06,0.000%,.19578,1.23,0.03,6432.4
GET /items?categoryId=204,270,16,5,232,20.65,0.000%,.13451,0.85,0.02,6454.0
GET /items?categoryId=205,368,24,5,183,39.07,0.000%,.18333,1.16,0.03,6483.6
GET /items?categoryId=206,420,17,4,214,27.64,0.000%,.20924,1.24,0.03,6089.6
GET /items?categoryId=207,411,16,5,215,14.47,0.000%,.20476,1.28,0.03,6416.6
GET /items?categoryId=208,393,13,5,35,6.39,0.000%,.19580,1.14,0.03,5972.2
GET /items?categoryId=209,343,15,5,71,8.75,0.000%,.17089,1.07,0.03,6440.1
GET /items?categoryId=210,371,13,5,58,6.16,0.000%,.18484,1.16,0.03,6406.3
GET /items?categoryId=211,430,17,5,206,18.90,0.000%,.21422,1.35,0.03,6445.9
GET /items?categoryId=212,427,17,5,218,18.27,0.000%,.21273,1.34,0.03,6457.5
GET /items?categoryId=213,330,16,5,195,16.01,0.000%,.16441,0.84,0.03,5258.8
GET /items?categoryId=214,384,15,5,195,14.07,0.000%,.19131,1.20,0.03,6417.9
GET /items?categoryId=215,359,14,5,40,7.30,0.000%,.17886,1.00,0.03,5717.7
GET /items?categoryId=216,326,13,4,33,5.34,0.000%,.16242,1.02,0.03,6410.4
GET /items?categoryId=217,313,12,5,29,5.52,0.000%,.15595,0.96,0.02,6332.9
GET /items?categoryId=218,287,13,4,34,6.04,0.000%,.14299,0.82,0.02,5887.8
GET /items?categoryId=219,443,15,5,192,16.97,0.000%,.22069,1.23,0.03,5709.0
GET /items?categoryId=220,341,32,4,246,56.81,0.000%,.16988,1.01,0.03,6094.0
GET /items?categoryId=221,283,20,5,168,30.31,0.000%,.14099,0.80,0.02,5815.0
GET /items?categoryId=222,357,18,4,191,26.08,0.000%,.17786,0.97,0.03,5604.7
GET /items?categoryId=223,353,15,5,115,12.95,0.000%,.17587,1.11,0.03,6443.5
GET /items?categoryId=224,404,13,5,39,6.35,0.000%,.20127,1.26,0.03,6435.1
GET /items?categoryId=225,404,13,5,37,5.02,0.000%,.20128,1.27,0.03,6441.8
GET /items?categoryId=226,284,13,5,39,5.78,0.000%,.14149,0.89,0.02,6438.2
GET /items?categoryId=227,315,17,5,209,26.65,0.000%,.15692,0.99,0.02,6450.8
GET /items?categoryId=228,405,20,5,207,29.30,0.000%,.20176,1.27,0.03,6423.6
GET /items?categoryId=229,325,17,5,182,19.26,0.000%,.16191,1.02,0.03,6454.7
GET /items?categoryId=230,367,19,5,208,23.86,0.000%,.18284,1.15,0.03,6465.9
GET /items?categoryId=231,426,14,5,60,7.06,0.000%,.21223,1.29,0.03,6200.3
GET /items?categoryId=232,310,13,5,35,5.00,0.000%,.15444,0.97,0.02,6405.5
GET /items?categoryId=233,271,13,5,33,5.36,0.000%,.13501,0.77,0.02,5852.3
GET /items?categoryId=234,431,14,6,35,5.87,0.000%,.21472,1.35,0.03,6424.7
GET /items?categoryId=235,333,22,5,259,48.30,0.000%,.16588,0.97,0.03,5981.6
GET /items?categoryId=236,382,18,5,256,27.67,0.000%,.19029,1.20,0.03,6441.1
GET /items?categoryId=237,280,25,5,209,34.40,0.000%,.13949,0.87,0.02,6409.1
GET /items?categoryId=238,424,24,6,223,33.70,0.000%,.21122,1.33,0.03,6431.9
GET /items?categoryId=239,429,15,6,52,8.19,0.000%,.21371,1.35,0.03,6465.7
GET /items?categoryId=240,304,14,6,46,7.00,0.000%,.15144,0.95,0.02,6435.5
GET /items?categoryId=241,352,13,5,39,6.57,0.000%,.17535,1.06,0.03,6191.5
GET /items?categoryId=242,288,13,5,48,6.67,0.000%,.14347,0.90,0.02,6419.5
GET /items?categoryId=243,428,14,4,89,8.42,0.000%,.21321,1.30,0.03,6222.9
GET /items?categoryId=244,326,14,5,46,7.90,0.000%,.16240,0.89,0.03,5597.6
GET /items?categoryId=245,299,16,6,142,14.73,0.000%,.14895,0.94,0.02,6464.3
GET /items?categoryId=246,353,16,5,158,14.92,0.000%,.17586,1.10,0.03,6415.9
GET /items?categoryId=247,413,17,5,184,14.60,0.000%,.20574,1.29,0.03,6435.9
GET /items?categoryId=248,392,14,5,39,6.16,0.000%,.19528,1.23,0.03,6426.2
GET /items?categoryId=249,392,13,5,37,5.49,0.000%,.19528,1.22,0.03,6422.9
GET /items?categoryId=250,398,14,4,45,6.92,0.000%,.19827,1.11,0.03,5718.3
GET /items?categoryId=251,402,16,5,65,10.47,0.000%,.20026,1.25,0.03,6412.2
GET /items?categoryId=252,298,13,4,54,7.41,0.000%,.14845,0.90,0.02,6217.6
GET /items?categoryId=253,383,15,5,55,8.34,0.000%,.19079,1.20,0.03,6447.3
GET /items?categoryId=254,344,17,5,131,16.89,0.000%,.17137,1.04,0.03,6189.9
GET /items?categoryId=255,394,17,5,81,9.50,0.000%,.19628,1.24,0.03,6459.4
GET /items?categoryId=256,297,14,4,66,8.73,0.000%,.14796,0.90,0.02,6195.5
GET /items?categoryId=257,355,14,5,48,6.09,0.000%,.17685,1.11,0.03,6423.1
GET /items?categoryId=258,296,14,6,38,6.58,0.000%,.14746,0.93,0.02,6432.7
GET /items?categoryId=259,359,14,5,37,6.62,0.000%,.17885,1.12,0.03,6440.5
GET /items?categoryId=260,380,16,5,223,24.20,0.000%,.18931,1.09,0.03,5874.9
GET /items?categoryId=261,358,13,5,58,5.68,0.000%,.17835,1.12,0.03,6439.9
GET /items?categoryId=262,299,15,5,164,15.98,0.000%,.14896,0.94,0.02,6431.7
GET /items?categoryId=263,366,20,5,174,29.29,0.000%,.18234,1.15,0.03,6466.8
GET /items?categoryId=264,366,13,4,39,7.53,0.000%,.18234,1.08,0.03,6086.3
GET /items?categoryId=265,422,17,5,96,13.06,0.000%,.21024,1.33,0.03,6454.4
GET /items?categoryId=266,291,13,4,41,6.89,0.000%,.14498,0.79,0.02,5611.5
GET /items?categoryId=267,333,27,5,256,50.39,0.000%,.16590,1.05,0.03,6464.0
GET /items?categoryId=268,413,16,5,228,20.54,0.000%,.20576,1.30,0.03,6447.4
GET /items?categoryId=269,323,13,5,38,5.37,0.000%,.16092,1.02,0.03,6470.0
GET /items?categoryId=270,369,13,4,30,5.71,0.000%,.18385,1.08,0.03,5998.5
GET /items?categoryId=271,372,15,4,201,17.44,0.000%,.18534,1.04,0.03,5721.9
GET /items?categoryId=272,288,16,5,101,12.88,0.000%,.14349,0.90,0.02,6457.6
GET /items?categoryId=273,431,15,5,49,9.16,0.000%,.21473,1.36,0.03,6472.4
GET /items?categoryId=274,388,19,4,245,30.49,0.000%,.19331,1.22,0.03,6450.5
GET /items?categoryId=275,380,16,4,185,19.97,0.000%,.18933,1.03,0.03,5574.4
GET /items?categoryId=276,340,14,5,52,7.70,0.000%,.16940,1.06,0.03,6430.4
GET /items?categoryId=277,389,13,4,52,6.33,0.000%,.19382,1.11,0.03,5842.5
GET /items?categoryId=278,345,16,5,183,21.93,0.000%,.17189,1.08,0.03,6404.0
GET /items?categoryId=279,418,15,4,177,18.43,0.000%,.20827,1.09,0.03,5362.0
GET /items?categoryId=280,407,14,4,281,15.07,0.000%,.20279,1.25,0.03,6321.9
GET /items?categoryId=281,377,17,4,296,37.45,0.000%,.18784,1.09,0.03,5932.2
GET /items?categoryId=282,380,16,5,96,10.64,0.000%,.18934,1.19,0.03,6446.4
GET /items?categoryId=283,287,23,5,105,26.21,0.000%,.14300,0.90,0.02,6463.4
GET /items?categoryId=284,387,16,5,107,11.45,0.000%,.19283,1.22,0.03,6467.4
GET /items?categoryId=285,376,16,5,53,9.85,0.000%,.18735,1.18,0.03,6429.8
GET /items?categoryId=286,294,16,5,225,14.89,0.000%,.14649,0.92,0.02,6416.9
GET /items?categoryId=287,351,16,5,183,13.34,0.000%,.17489,1.10,0.03,6423.8
GET /items?categoryId=288,311,19,5,179,15.94,0.000%,.15497,0.97,0.02,6427.5
GET /items?categoryId=289,356,15,5,47,8.92,0.000%,.17739,0.97,0.03,5576.3
GET /items?categoryId=290,287,14,5,48,6.88,0.000%,.14301,0.90,0.02,6443.3
GET /items?categoryId=291,430,13,4,47,7.07,0.000%,.21426,1.20,0.03,5747.2
GET /items?categoryId=292,411,18,5,127,13.63,0.000%,.20479,1.29,0.03,6452.5
GET /items?categoryId=293,300,14,4,74,9.23,0.000%,.14949,0.89,0.02,6093.2
GET /items?categoryId=294,334,15,5,63,7.79,0.000%,.16643,1.05,0.03,6435.4
GET /items?categoryId=295,287,15,4,171,13.63,0.000%,.14301,0.73,0.02,5228.7
GET /items?categoryId=296,403,14,4,59,7.84,0.000%,.20081,1.14,0.03,5811.2
GET /items?categoryId=297,341,15,5,100,12.40,0.000%,.16992,1.07,0.03,6442.9
GET /items?categoryId=298,370,16,5,82,9.14,0.000%,.18437,1.16,0.03,6429.1
GET /items?categoryId=299,397,15,5,49,7.64,0.000%,.19782,1.24,0.03,6421.4
GET /items?categoryId=300,303,13,5,105,8.68,0.000%,.15098,0.91,0.02,6191.2
GET /items?categoryId=301,403,18,5,102,13.69,0.000%,.20082,1.26,0.03,6410.7
GET /items?categoryId=302,325,15,6,47,7.21,0.000%,.16195,1.02,0.03,6446.8
GET /items?categoryId=303,323,17,5,173,12.95,0.000%,.16095,1.01,0.03,6438.9
GET /items?categoryId=304,374,15,5,46,8.06,0.000%,.18637,1.17,0.03,6437.6
GET /items?categoryId=305,427,13,4,41,6.53,0.000%,.21278,1.16,0.03,5580.4
GET /items?categoryId=306,359,15,4,114,10.81,0.000%,.17889,1.06,0.03,6077.2
GET /items?categoryId=307,402,14,4,53,7.64,0.000%,.20032,1.22,0.03,6217.9
GET /items?categoryId=308,364,18,5,151,21.04,0.000%,.18139,1.14,0.03,6415.2
GET /items?categoryId=309,341,16,5,39,7.55,0.000%,.16993,1.07,0.03,6425.0
GET /items?categoryId=310,407,14,4,130,11.52,0.000%,.20281,1.20,0.03,6072.8
GET /items?categoryId=311,394,17,5,116,11.21,0.000%,.19634,1.23,0.03,6397.8
GET /items?categoryId=312,278,14,4,38,7.33,0.000%,.13853,0.79,0.02,5860.7
GET /items?categoryId=313,410,15,4,43,7.89,0.000%,.20431,1.19,0.03,5957.9
GET /items?categoryId=314,426,15,5,116,9.72,0.000%,.21228,1.33,0.03,6415.5
GET /items?categoryId=315,350,16,4,70,9.45,0.000%,.17441,0.98,0.03,5727.6
GET /items?categoryId=316,355,14,5,131,9.76,0.000%,.17691,0.95,0.03,5489.5
GET /items?categoryId=317,358,14,4,58,11.62,0.000%,.17840,1.06,0.03,6067.1
GET /items?categoryId=318,295,15,4,210,17.08,0.000%,.14701,0.81,0.02,5622.7
GET /items?categoryId=319,340,14,5,43,8.29,0.000%,.16943,0.87,0.03,5257.0
GET /items?categoryId=320,307,12,5,48,6.95,0.000%,.15299,0.86,0.02,5747.8
GET /items?categoryId=321,332,13,5,53,7.78,0.000%,.16545,0.93,0.03,5759.7
GET /items?categoryId=322,278,12,5,29,4.63,0.000%,.13854,0.87,0.02,6443.6
GET /items?categoryId=323,384,13,4,118,15.43,0.000%,.19136,1.14,0.03,6108.9
GET /items?categoryId=324,311,12,4,33,6.22,0.000%,.15498,0.81,0.02,5368.6
GET /items?categoryId=325,287,11,4,32,6.13,0.000%,.14302,0.74,0.02,5262.6
GET /items?categoryId=326,387,13,4,68,8.26,0.000%,.19285,1.10,0.03,5839.9
GET /items?categoryId=327,294,18,4,217,31.46,0.000%,.14651,0.91,0.02,6329.8
GET /items?categoryId=328,337,13,4,58,8.70,0.000%,.16794,1.04,0.03,6335.7
GET /items?categoryId=329,288,12,4,32,5.71,0.000%,.14352,0.73,0.02,5236.7
GET /items?categoryId=330,326,13,6,38,5.87,0.000%,.16246,1.02,0.03,6420.6
GET /items?categoryId=331,378,12,5,76,7.73,0.000%,.18837,1.03,0.03,5611.1
GET /items?categoryId=332,311,15,5,32,6.14,0.000%,.15499,0.98,0.02,6464.6
GET /items?categoryId=333,321,14,6,106,8.54,0.000%,.15997,1.01,0.03,6434.3
GET /items?categoryId=334,368,14,5,42,6.63,0.000%,.18339,1.15,0.03,6439.8
GET /items?categoryId=335,257,15,6,98,9.05,0.000%,.12808,0.81,0.02,6452.5
GET /items?categoryId=336,382,21,5,223,33.91,0.000%,.19037,0.98,0.03,5276.8
GET /items?categoryId=337,317,15,5,46,8.66,0.000%,.15798,0.99,0.02,6425.8
GET /items?categoryId=338,400,14,5,40,6.62,0.000%,.19934,1.25,0.03,6417.8
GET /items?categoryId=339,269,13,5,33,5.66,0.000%,.13406,0.84,0.02,6440.6
GET /items?categoryId=340,358,15,5,109,11.71,0.000%,.17841,1.12,0.03,6440.1
GET /items?categoryId=341,353,18,6,117,20.18,0.000%,.17592,1.11,0.03,6467.4
GET /items?categoryId=342,348,13,4,49,7.37,0.000%,.17343,0.91,0.03,5377.9
GET /items?categoryId=343,407,14,6,53,9.01,0.000%,.20283,1.27,0.03,6427.4
GET /items?categoryId=344,319,20,5,184,28.11,0.000%,.15898,0.91,0.03,5853.2
GET /items?categoryId=345,391,17,5,119,17.99,0.000%,.19486,1.22,0.03,6433.5
GET /items?categoryId=346,380,16,5,52,8.03,0.000%,.18938,1.19,0.03,6436.0
GET /items?categoryId=347,327,12,5,41,5.28,0.000%,.16297,0.96,0.03,6053.8
GET /items?categoryId=348,419,12,4,41,5.63,0.000%,.20882,1.16,0.03,5697.7
GET /items?categoryId=349,399,16,5,99,14.75,0.000%,.19885,1.02,0.03,5276.5
GET /items?categoryId=350,393,14,5,93,9.97,0.000%,.19586,1.18,0.03,6163.6
GET /items?categoryId=351,327,17,5,206,27.18,0.000%,.16296,1.02,0.03,6407.4
GET /items?categoryId=352,414,17,6,201,15.62,0.000%,.20632,1.30,0.03,6472.4
GET /items?categoryId=353,342,13,5,72,8.33,0.000%,.17045,1.01,0.03,6060.5
GET /items?categoryId=354,364,16,6,45,7.89,0.000%,.18141,1.14,0.03,6421.5
GET /items?categoryId=355,286,15,5,63,9.39,0.000%,.14254,0.90,0.02,6460.7
GET /items?categoryId=356,427,13,5,54,6.58,0.000%,.21280,1.14,0.03,5500.8
GET /items?categoryId=357,338,13,4,35,5.93,0.000%,.16845,0.92,0.03,5607.1
GET /items?categoryId=358,338,19,4,132,24.99,0.000%,.16845,0.93,0.03,5630.4
GET /items?categoryId=359,409,18,5,143,19.77,0.000%,.20384,1.11,0.03,5599.8
GET /items?categoryId=360,290,16,6,52,10.20,0.000%,.14453,0.91,0.02,6428.6
GET /items?categoryId=361,315,13,5,40,5.78,0.000%,.15699,0.82,0.02,5334.9
GET /items?categoryId=362,413,14,5,125,15.13,0.000%,.20583,1.27,0.03,6304.6
GET /items?categoryId=363,417,17,5,140,19.87,0.000%,.20783,1.07,0.03,5253.9
GET /items?categoryId=364,439,14,4,86,9.94,0.000%,.21879,1.17,0.03,5485.7
GET /items?categoryId=365,335,15,5,60,9.19,0.000%,.16696,1.05,0.03,6428.7
GET /items?categoryId=366,399,17,5,234,23.39,0.000%,.19886,1.19,0.03,6109.4
GET /items?categoryId=367,297,15,4,175,16.40,0.000%,.14802,0.92,0.02,6340.3
GET /items?categoryId=368,280,13,5,89,8.07,0.000%,.13955,0.72,0.02,5270.8
GET /items?categoryId=369,336,15,6,41,6.78,0.000%,.16746,1.05,0.03,6441.2
GET /items?categoryId=370,315,15,5,71,12.91,0.000%,.15699,0.82,0.02,5366.1
GET /items?categoryId=371,344,17,5,145,21.10,0.000%,.17145,0.98,0.03,5838.7
GET /items?categoryId=372,268,13,4,33,6.02,0.000%,.13357,0.75,0.02,5738.5
GET /items?categoryId=373,378,13,5,38,5.32,0.000%,.18840,1.16,0.03,6329.1
GET /items?categoryId=374,313,15,6,78,9.45,0.000%,.15600,0.98,0.02,6444.7
GET /items?categoryId=375,419,17,5,107,11.26,0.000%,.20883,1.31,0.03,6423.4
GET /items?categoryId=376,396,17,5,58,10.86,0.000%,.19737,1.24,0.03,6423.0
GET /items?categoryId=377,352,17,6,121,13.28,0.000%,.17544,1.10,0.03,6425.7
GET /items?categoryId=378,321,20,5,121,21.72,0.000%,.15999,1.00,0.03,6429.0
GET /items?categoryId=379,305,15,5,42,6.13,0.000%,.15202,0.96,0.02,6457.1
GET /items?categoryId=380,407,18,6,123,16.97,0.000%,.20285,1.28,0.03,6441.7
GET /items?categoryId=381,323,14,5,88,7.93,0.000%,.16099,0.92,0.03,5866.1
GET /items?categoryId=382,366,23,6,243,40.27,0.000%,.18242,1.14,0.03,6421.3
GET /items?categoryId=383,400,13,5,106,8.61,0.000%,.19936,1.15,0.03,5883.5
GET /items?categoryId=384,313,16,6,42,7.73,0.000%,.15601,0.98,0.02,6434.0
GET /items?categoryId=385,403,15,5,54,8.08,0.000%,.20086,1.24,0.03,6339.6
GET /items?categoryId=386,432,16,6,130,12.53,0.000%,.21532,1.35,0.03,6418.6
GET /items?categoryId=387,288,15,5,130,9.73,0.000%,.14355,0.74,0.02,5260.8
GET /items?categoryId=388,324,17,5,130,18.19,0.000%,.16149,1.00,0.03,6326.4
GET /items?categoryId=389,328,20,6,135,19.25,0.000%,.16348,1.03,0.03,6446.9
GET /items?categoryId=390,358,17,6,224,18.50,0.000%,.17843,1.13,0.03,6482.8
GET /items?categoryId=391,322,14,5,52,9.12,0.000%,.16050,0.92,0.03,5845.1
GET /items?categoryId=392,329,17,6,165,15.61,0.000%,.16399,1.03,0.03,6458.2
GET /items?categoryId=393,387,16,6,88,10.50,0.000%,.19289,1.21,0.03,6446.2
GET /items?categoryId=394,286,16,6,70,9.09,0.000%,.14255,0.89,0.02,6403.6
GET /items?categoryId=395,334,17,6,131,13.12,0.000%,.16648,1.05,0.03,6451.3
GET /items?categoryId=396,368,16,6,38,6.95,0.000%,.18342,1.15,0.03,6427.9
GET /items?categoryId=397,335,19,6,200,24.91,0.000%,.16698,1.05,0.03,6434.2
GET /items?categoryId=398,398,17,4,158,18.54,0.000%,.19838,1.20,0.03,6185.0
GET /items?categoryId=399,328,16,6,63,8.73,0.000%,.16349,1.03,0.03,6452.3
GET /items?categoryId=400,389,15,5,147,16.08,0.000%,.19389,1.00,0.03,5268.8
GET /items?categoryId=401,317,15,4,57,10.19,0.000%,.15801,0.87,0.02,5608.6
GET /items?categoryId=402,337,15,5,39,6.37,0.000%,.16797,1.05,0.03,6430.0
GET /items?categoryId=403,369,13,5,65,8.74,0.000%,.18393,1.08,0.03,5988.8
GET /items?categoryId=404,407,20,6,140,14.96,0.000%,.20287,1.28,0.03,6437.4
GET /items?categoryId=405,385,19,5,200,26.39,0.000%,.19191,1.12,0.03,5972.2
GET /items?categoryId=406,392,18,6,137,17.21,0.000%,.19539,1.23,0.03,6424.0
GET /items?categoryId=407,408,14,5,192,14.87,0.000%,.20337,1.18,0.03,5943.9
GET /items?categoryId=408,307,17,5,76,15.84,0.000%,.15302,0.89,0.02,5969.4
GET /items?categoryId=409,263,15,5,72,10.69,0.000%,.13109,0.78,0.02,6074.4
GET /items?categoryId=410,378,15,6,59,7.90,0.000%,.18841,1.18,0.03,6432.4
GET /items?categoryId=411,305,13,5,55,7.81,0.000%,.15203,0.84,0.02,5680.3
GET /items?categoryId=412,332,18,6,184,18.17,0.000%,.16548,1.04,0.03,6443.9
GET /items?categoryId=413,356,27,6,227,28.09,0.000%,.17745,1.12,0.03,6449.2
GET /items?categoryId=414,355,16,5,137,10.58,0.000%,.17695,0.97,0.03,5593.2
GET /items?categoryId=415,297,27,6,172,39.06,0.000%,.14805,0.93,0.02,6462.5
GET /items?categoryId=416,370,21,5,150,18.76,0.000%,.18443,1.16,0.03,6445.3
GET /items?categoryId=417,330,16,5,70,8.38,0.000%,.16449,0.96,0.03,5959.0
GET /items?categoryId=418,381,16,5,45,7.96,0.000%,.18991,1.20,0.03,6465.7
GET /items?categoryId=419,401,15,5,38,7.58,0.000%,.19988,1.26,0.03,6434.8
GET /items?categoryId=420,415,15,5,237,15.80,0.000%,.20686,1.06,0.03,5237.1
GET /items?categoryId=421,367,19,6,138,16.34,0.000%,.18294,1.16,0.03,6473.0
GET /items?categoryId=422,311,18,6,92,12.99,0.000%,.15502,0.98,0.02,6456.3
GET /items?categoryId=423,331,18,6,159,15.54,0.000%,.16499,1.03,0.03,6415.7
GET /items?categoryId=424,453,21,6,145,14.08,0.000%,.22580,1.42,0.04,6441.7
GET /items?categoryId=425,315,15,6,54,8.84,0.000%,.15702,0.95,0.02,6184.6
GET /items?categoryId=426,282,13,5,33,5.08,0.000%,.14057,0.82,0.02,5970.3
GET /items?categoryId=427,302,15,5,57,6.95,0.000%,.15054,0.95,0.02,6450.1
GET /items?categoryId=428,445,19,7,214,23.80,0.000%,.22181,1.39,0.04,6432.3
GET /items?categoryId=429,306,15,5,152,13.94,0.000%,.15253,0.80,0.02,5377.7
GET /items?categoryId=430,290,27,6,153,40.57,0.000%,.14456,0.75,0.02,5338.8
GET /items?categoryId=431,326,21,5,142,25.57,0.000%,.16250,1.02,0.03,6419.8
GET /items?categoryId=432,374,19,6,154,18.24,0.000%,.18643,1.17,0.03,6441.8
GET /items?categoryId=433,280,21,6,152,19.98,0.000%,.13957,0.88,0.02,6444.8
GET /items?categoryId=434,352,15,4,105,10.95,0.000%,.17546,1.04,0.03,6076.7
GET /items?categoryId=435,357,13,5,28,4.64,0.000%,.17796,1.00,0.03,5727.7
GET /items?categoryId=436,312,17,4,172,14.38,0.000%,.15553,0.94,0.02,6216.3
GET /items?categoryId=437,414,15,5,46,7.49,0.000%,.20637,1.18,0.03,5839.2
GET /items?categoryId=438,368,17,5,175,17.62,0.000%,.18344,1.09,0.03,6092.0
GET /items?categoryId=439,371,20,5,179,27.25,0.000%,.18494,1.16,0.03,6445.3
GET /items?categoryId=440,450,15,5,160,12.13,0.000%,.22431,1.21,0.04,5523.6
GET /items?categoryId=441,276,17,6,104,12.28,0.000%,.13758,0.86,0.02,6436.2
GET /items?categoryId=442,332,18,6,83,10.18,0.000%,.16550,1.04,0.03,6440.5
GET /items?categoryId=443,308,17,6,156,11.96,0.000%,.15354,0.97,0.02,6452.2
GET /items?categoryId=444,298,16,5,177,17.43,0.000%,.14855,0.89,0.02,6104.9
GET /items?categoryId=445,405,16,6,46,6.78,0.000%,.20188,1.27,0.03,6421.9
GET /items?categoryId=446,291,16,8,38,6.22,0.000%,.14506,0.92,0.02,6468.1
GET /items?categoryId=447,399,15,4,151,12.60,0.000%,.19890,1.14,0.03,5858.5
GET /items?categoryId=448,397,15,4,57,7.90,0.000%,.19790,1.08,0.03,5613.4
GET /items?categoryId=449,378,16,6,59,9.79,0.000%,.18842,1.18,0.03,6433.3
GET /items?categoryId=450,414,17,6,52,7.92,0.000%,.20637,1.30,0.03,6444.5
GET /items?categoryId=451,362,21,5,211,29.30,0.000%,.18045,1.01,0.03,5724.1
GET /items?categoryId=452,374,18,5,191,15.00,0.000%,.18643,1.00,0.03,5485.9
GET /items?categoryId=453,333,15,5,41,6.36,0.000%,.16599,0.85,0.03,5265.8
GET /items?categoryId=454,354,16,6,224,12.58,0.000%,.17646,1.10,0.03,6406.2
GET /items?categoryId=455,352,18,5,159,18.53,0.000%,.17547,1.05,0.03,6124.7
GET /items?categoryId=456,429,18,5,58,9.64,0.000%,.21385,1.35,0.03,6470.7
GET /items?categoryId=457,360,26,6,252,43.60,0.000%,.17945,1.13,0.03,6437.9
GET /items?categoryId=458,308,23,5,251,38.92,0.000%,.15353,0.84,0.02,5609.4
GET /items?categoryId=459,378,20,6,139,15.39,0.000%,.18842,1.18,0.03,6434.4
GET /items?categoryId=460,343,17,5,101,9.71,0.000%,.17098,1.07,0.03,6437.1
GET /items?categoryId=461,395,20,4,248,23.31,0.000%,.19690,1.01,0.03,5256.8
GET /items?categoryId=462,327,19,7,183,17.46,0.000%,.16301,1.03,0.03,6450.4
GET /items?categoryId=463,307,16,5,55,10.00,0.000%,.15303,0.80,0.02,5357.7
GET /items?categoryId=464,326,18,6,54,8.30,0.000%,.16251,1.02,0.03,6446.4
GET /items?categoryId=465,293,15,5,54,9.52,0.000%,.14606,0.78,0.02,5488.7
GET /items?categoryId=466,375,17,6,174,10.80,0.000%,.18693,1.18,0.03,6439.7
GET /items?categoryId=467,307,17,5,67,13.20,0.000%,.15303,0.87,0.02,5853.6
GET /items?categoryId=468,317,15,6,58,7.14,0.000%,.15802,0.99,0.02,6440.5
GET /items?categoryId=469,253,29,5,215,50.30,0.000%,.12612,0.69,0.02,5610.3
GET /items?categoryId=470,371,20,6,244,20.66,0.000%,.18493,1.16,0.03,6439.7
GET /items?categoryId=471,328,17,6,126,9.99,0.000%,.16350,1.01,0.03,6329.5
GET /items?categoryId=472,281,17,5,58,9.15,0.000%,.14007,0.89,0.02,6470.0
GET /items?categoryId=473,331,17,6,58,7.44,0.000%,.16500,1.04,0.03,6429.1
GET /items?categoryId=474,382,15,5,56,8.11,0.000%,.19043,1.09,0.03,5873.3
GET /items?categoryId=475,324,18,5,55,9.68,0.000%,.16151,1.02,0.03,6439.0
GET /items?categoryId=476,325,17,6,45,8.53,0.000%,.16201,1.02,0.03,6435.2
GET /items?categoryId=477,305,17,6,91,10.46,0.000%,.15203,0.95,0.02,6429.5
GET /items?categoryId=478,331,21,6,189,29.73,0.000%,.16500,1.04,0.03,6437.0
GET /items?categoryId=479,325,16,6,39,7.10,0.000%,.16201,1.02,0.03,6447.5
GET /items?categoryId=480,385,20,6,101,13.59,0.000%,.19192,1.21,0.03,6447.4
GET /items?categoryId=481,322,14,5,42,6.56,0.000%,.16051,0.97,0.03,6191.3
GET /items?categoryId=482,369,14,5,43,6.07,0.000%,.18395,1.14,0.03,6328.5
GET /items?categoryId=483,288,17,6,102,9.55,0.000%,.14356,0.90,0.02,6404.0
GET /items?categoryId=484,339,14,5,36,5.70,0.000%,.16899,0.89,0.03,5372.2
GET /items?categoryId=485,347,20,5,167,27.08,0.000%,.17297,0.97,0.03,5714.0
GET /items?categoryId=486,259,19,6,50,10.06,0.000%,.12911,0.81,0.02,6454.9
GET /items?categoryId=487,402,16,5,61,9.36,0.000%,.20039,1.24,0.03,6335.8
GET /items?categoryId=488,302,14,6,37,7.26,0.000%,.15054,0.90,0.02,6100.9
GET /items?categoryId=489,335,20,6,72,11.86,0.000%,.16699,1.05,0.03,6435.0
GET /items?categoryId=490,260,16,6,50,8.08,0.000%,.12961,0.70,0.02,5508.1
GET /items?categoryId=491,407,18,6,54,8.72,0.000%,.20288,1.28,0.03,6452.5
GET /items?categoryId=492,293,14,5,51,6.46,0.000%,.14606,0.76,0.02,5351.6
GET /items?categoryId=493,249,23,6,178,26.98,0.000%,.12412,0.78,0.02,6442.8
GET /items?categoryId=494,350,19,5,136,15.51,0.000%,.17447,0.97,0.03,5704.9
GET /items?categoryId=495,406,19,6,69,12.38,0.000%,.20239,1.27,0.03,6436.4
GET /items?categoryId=496,279,18,6,55,8.59,0.000%,.13908,0.88,0.02,6451.3
GET /items?categoryId=497,285,19,5,103,16.22,0.000%,.14207,0.82,0.02,5926.1
GET /items?categoryId=498,278,19,7,100,15.27,0.000%,.13858,0.87,0.02,6446.7
GET /items?categoryId=499,309,16,5,84,9.63,0.000%,.15403,0.95,0.02,6309.3
GET /items?categoryId=500,367,15,5,109,10.17,0.000%,.18294,0.98,0.03,5495.5
GET /items?categoryId=501,339,19,6,128,17.68,0.000%,.16899,1.00,0.03,6084.7
GET /items?categoryId=502,367,15,5,39,8.60,0.000%,.18294,1.06,0.03,5907.1
GET /items?categoryId=503,332,23,6,76,16.83,0.000%,.16550,1.04,0.03,6451.3
GET /items?categoryId=504,315,14,5,45,7.03,0.000%,.15703,0.93,0.02,6069.7
GET /items?categoryId=505,296,14,5,56,7.82,0.000%,.14755,0.87,0.02,6060.9
GET /items?categoryId=506,290,16,6,59,8.71,0.000%,.14456,0.91,0.02,6427.1
GET /items?categoryId=507,375,16,6,55,8.32,0.000%,.18693,1.18,0.03,6452.3
GET /items?categoryId=508,335,23,6,171,21.91,0.000%,.16699,1.05,0.03,6445.8
GET /items?categoryId=509,257,20,5,135,15.27,0.000%,.12811,0.81,0.02,6435.6
GET /items?categoryId=510,382,20,7,93,13.36,0.000%,.19042,1.19,0.03,6420.2
GET /items?categoryId=511,374,20,6,82,12.38,0.000%,.18643,1.18,0.03,6458.8
GET /items?categoryId=512,248,17,5,48,9.82,0.000%,.12363,0.63,0.02,5242.4
GET /items?categoryId=513,245,18,7,49,9.16,0.000%,.12213,0.77,0.02,6448.5
GET /items?categoryId=514,353,17,6,177,16.91,0.000%,.17597,1.07,0.03,6206.7
GET /items?categoryId=515,387,28,7,177,37.31,0.000%,.19291,1.22,0.03,6463.2
GET /items?categoryId=516,336,18,6,95,9.25,0.000%,.16749,1.05,0.03,6412.5
GET /items?categoryId=517,376,23,5,152,19.16,0.000%,.18743,1.01,0.03,5500.9
GET /items?categoryId=518,324,21,6,55,9.23,0.000%,.16151,1.02,0.03,6459.1
GET /items?categoryId=519,304,18,5,73,11.67,0.000%,.15154,0.81,0.02,5461.7
GET /items?categoryId=520,223,21,8,71,14.55,0.000%,.11117,0.70,0.02,6458.9
GET /items?categoryId=521,373,19,6,68,13.69,0.000%,.18594,1.17,0.03,6459.5
GET /items?categoryId=522,362,20,6,101,13.59,0.000%,.18046,1.14,0.03,6450.1
GET /items?categoryId=523,272,17,6,84,9.19,0.000%,.13559,0.85,0.02,6447.3
GET /items?categoryId=524,320,17,5,73,13.40,0.000%,.15952,0.88,0.03,5628.0
GET /items?categoryId=525,254,17,5,47,9.98,0.000%,.12663,0.78,0.02,6313.7
GET /items?categoryId=526,278,22,5,161,20.12,0.000%,.13859,0.82,0.02,6049.7
GET /items?categoryId=527,265,21,7,60,9.80,0.000%,.13211,0.83,0.02,6431.2
GET /items?categoryId=528,373,18,5,50,10.59,0.000%,.18594,1.00,0.03,5487.6
GET /items?categoryId=529,326,18,6,64,10.39,0.000%,.16252,1.02,0.03,6445.5
GET /items?categoryId=530,345,24,7,124,25.11,0.000%,.17200,1.08,0.03,6451.9
GET /items?categoryId=531,351,18,5,98,14.27,0.000%,.17499,1.08,0.03,6313.7
GET /items?categoryId=532,283,15,5,51,9.91,0.000%,.14109,0.84,0.02,6084.2
GET /items?categoryId=533,304,21,6,166,24.66,0.000%,.15156,0.95,0.02,6446.3
GET /items?categoryId=534,348,27,5,166,36.58,0.000%,.17350,1.01,0.03,5944.5
GET /items?categoryId=535,358,20,5,119,18.56,0.000%,.17848,1.04,0.03,5965.8
GET /items?categoryId=536,294,21,6,86,13.90,0.000%,.14658,0.92,0.02,6438.4
GET /items?categoryId=537,366,17,6,55,6.51,0.000%,.18247,1.15,0.03,6439.2
GET /items?categoryId=538,271,20,6,133,14.58,0.000%,.13511,0.85,0.02,6443.9
GET /items?categoryId=539,319,16,7,53,7.82,0.000%,.15904,1.00,0.03,6443.3
GET /items?categoryId=540,354,14,5,48,6.86,0.000%,.17648,1.01,0.03,5841.5
GET /items?categoryId=541,239,15,7,39,5.09,0.000%,.11916,0.75,0.02,6405.6
GET /items?categoryId=542,306,18,6,178,23.37,0.000%,.15256,0.87,0.02,5842.6
GET /items?categoryId=543,342,26,7,168,27.71,0.000%,.17051,1.08,0.03,6457.1
GET /items?categoryId=544,264,21,6,75,13.23,0.000%,.13162,0.82,0.02,6415.9
GET /items?categoryId=545,293,19,7,87,11.06,0.000%,.14607,0.92,0.02,6422.9
GET /items?categoryId=546,359,25,8,118,19.92,0.000%,.17898,1.13,0.03,6445.8
GET /items?categoryId=547,263,18,7,57,7.25,0.000%,.13112,0.83,0.02,6454.9
GET /items?categoryId=548,372,19,6,74,13.02,0.000%,.18547,1.17,0.03,6467.7
GET /items?categoryId=549,292,16,6,54,8.26,0.000%,.14558,0.86,0.02,6053.2
GET /items?categoryId=550,367,31,6,196,45.98,0.000%,.18297,1.15,0.03,6444.9
GET /items?categoryId=551,408,18,6,166,11.38,0.000%,.20341,1.28,0.03,6462.3
GET /items?categoryId=552,352,16,5,39,7.00,0.000%,.17549,0.92,0.03,5369.7
GET /items?categoryId=553,251,17,6,89,9.88,0.000%,.12514,0.79,0.02,6453.3
GET /items?categoryId=554,313,28,6,122,27.96,0.000%,.15605,0.98,0.02,6449.8
GET /items?categoryId=555,339,20,5,95,13.81,0.000%,.16902,1.06,0.03,6426.2
GET /items?categoryId=556,382,19,7,75,12.17,0.000%,.19045,1.20,0.03,6455.1
GET /items?categoryId=557,199,14,5,46,6.50,0.000%,.09921,0.56,0.02,5761.3
GET /items?categoryId=558,333,21,8,155,20.13,0.000%,.16602,1.04,0.03,6429.7
GET /items?categoryId=559,371,18,5,85,14.65,0.000%,.18496,0.99,0.03,5489.8
GET /items?categoryId=560,341,19,5,192,21.25,0.000%,.17001,0.97,0.03,5852.1
GET /items?categoryId=561,226,29,7,216,45.72,0.000%,.11268,0.71,0.02,6474.0
GET /items?categoryId=562,230,19,7,82,12.58,0.000%,.11467,0.72,0.02,6466.5
GET /items?categoryId=563,338,21,6,82,14.50,0.000%,.16851,1.06,0.03,6432.9
GET /items?categoryId=564,260,23,6,79,13.68,0.000%,.12963,0.82,0.02,6474.0
GET /items?categoryId=565,349,19,5,59,10.28,0.000%,.17400,1.05,0.03,6191.6
GET /items?categoryId=566,323,22,6,170,21.87,0.000%,.16104,1.01,0.03,6428.8
GET /items?categoryId=567,280,25,5,170,29.47,0.000%,.13959,0.85,0.02,6205.1
GET /items?categoryId=568,330,23,7,189,26.73,0.000%,.16452,1.04,0.03,6446.3
GET /items?categoryId=569,351,21,5,169,22.20,0.000%,.17499,0.92,0.03,5378.2
GET /items?categoryId=570,290,20,7,65,11.23,0.000%,.14459,0.92,0.02,6485.8
GET /items?categoryId=571,413,15,5,71,8.46,0.000%,.20592,1.11,0.03,5511.7
GET /items?categoryId=572,350,17,6,55,9.76,0.000%,.17451,1.09,0.03,6421.9
GET /items?categoryId=573,254,19,5,129,16.19,0.000%,.12664,0.74,0.02,5981.3
GET /items?categoryId=574,356,18,6,73,11.34,0.000%,.17749,1.01,0.03,5827.1
GET /items?categoryId=575,408,29,5,204,44.57,0.000%,.20342,1.16,0.03,5851.2
GET /items?categoryId=576,269,20,8,63,11.46,0.000%,.13411,0.84,0.02,6446.5
GET /items?categoryId=577,305,24,8,147,24.54,0.000%,.15207,0.96,0.02,6464.3
GET /items?categoryId=578,273,18,6,68,13.74,0.000%,.13611,0.79,0.02,5961.9
GET /items?categoryId=579,363,18,6,55,10.75,0.000%,.18099,1.03,0.03,5831.6
GET /items?categoryId=580,375,20,5,85,16.99,0.000%,.18697,1.05,0.03,5738.8
GET /items?categoryId=581,274,26,7,215,36.61,0.000%,.13661,0.86,0.02,6426.9
GET /items?categoryId=582,319,26,5,183,37.38,0.000%,.15905,0.85,0.03,5485.5
GET /items?categoryId=583,275,25,5,164,30.74,0.000%,.13712,0.77,0.02,5715.0
GET /items?categoryId=584,314,20,6,116,13.07,0.000%,.15656,0.99,0.02,6449.7
GET /items?categoryId=585,305,14,5,50,6.58,0.000%,.15208,0.89,0.02,5963.1
GET /items?categoryId=586,251,20,6,135,21.46,0.000%,.12515,0.79,0.02,6447.4
GET /items?categoryId=587,319,15,5,47,7.65,0.000%,.15905,0.91,0.03,5857.5
GET /items?categoryId=588,307,20,7,76,13.02,0.000%,.15308,0.96,0.02,6446.2
GET /items?categoryId=589,366,20,4,238,36.12,0.000%,.18249,1.09,0.03,6094.4
GET /items?categoryId=590,313,19,5,216,30.86,0.000%,.15607,0.85,0.02,5597.9
GET /items?categoryId=591,350,26,5,163,34.02,0.000%,.17451,0.90,0.03,5252.3
GET /items?categoryId=592,322,29,6,139,24.83,0.000%,.16055,1.01,0.03,6449.2
GET /items?categoryId=593,289,26,7,113,21.26,0.000%,.14409,0.90,0.02,6412.8
GET /items?categoryId=594,243,17,5,164,16.03,0.000%,.12116,0.65,0.02,5494.9
GET /items?categoryId=595,348,32,4,191,43.81,0.000%,.17352,0.89,0.03,5248.7
GET /items?categoryId=596,307,19,6,56,10.55,0.000%,.15307,0.96,0.02,6446.8
GET /items?categoryId=597,380,16,5,89,10.17,0.000%,.18947,1.16,0.03,6296.1
GET /items?categoryId=598,258,16,5,91,10.74,0.000%,.12864,0.81,0.02,6433.5
GET /items?categoryId=599,302,16,5,70,12.37,0.000%,.15058,0.77,0.02,5248.0
GET /items?categoryId=600,322,18,5,183,16.89,0.000%,.16055,0.86,0.03,5474.4
GET /items?categoryId=601,283,21,6,139,16.41,0.000%,.14111,0.89,0.02,6449.4
GET /items?categoryId=602,278,15,6,63,7.18,0.000%,.13861,0.74,0.02,5457.4
GET /items?categoryId=603,345,20,5,165,21.27,0.000%,.17202,1.04,0.03,6184.0
GET /items?categoryId=604,330,20,5,71,13.19,0.000%,.16454,0.87,0.03,5385.9
GET /items?categoryId=605,290,18,5,88,14.49,0.000%,.14460,0.84,0.02,5972.1
GET /items?categoryId=606,279,15,5,66,9.68,0.000%,.13912,0.79,0.02,5826.5
GET /items?categoryId=607,361,17,4,64,10.58,0.000%,.18000,0.92,0.03,5235.3
GET /items?categoryId=608,341,20,6,212,17.76,0.000%,.17003,1.07,0.03,6463.5
GET /items?categoryId=609,310,19,4,190,21.17,0.000%,.15457,0.94,0.02,6211.0
GET /items?categoryId=610,296,19,7,84,10.93,0.000%,.14759,0.93,0.02,6450.7
GET /items?categoryId=611,314,16,5,72,11.15,0.000%,.15656,0.97,0.02,6320.2
GET /items?categoryId=612,270,23,5,130,23.10,0.000%,.13463,0.74,0.02,5638.8
GET /items?categoryId=613,304,18,5,105,13.32,0.000%,.15158,0.93,0.02,6301.4
GET /items?categoryId=614,245,16,5,68,9.80,0.000%,.12216,0.72,0.02,6065.7
GET /items?categoryId=615,282,16,5,67,10.92,0.000%,.14061,0.82,0.02,6004.9
GET /items?categoryId=616,220,27,6,271,46.92,0.000%,.10970,0.69,0.02,6420.2
GET /items?categoryId=617,367,20,7,98,17.73,0.000%,.18299,1.15,0.03,6440.0
GET /items?categoryId=618,303,20,5,171,22.86,0.000%,.15108,0.92,0.02,6217.3
GET /items?categoryId=619,272,18,5,185,19.81,0.000%,.13563,0.74,0.02,5590.5
GET /items?categoryId=620,266,22,7,185,21.24,0.000%,.13264,0.84,0.02,6466.1
GET /items?categoryId=621,371,19,6,180,16.12,0.000%,.18499,1.16,0.03,6429.3
GET /items?categoryId=622,367,27,6,122,22.48,0.000%,.18299,1.15,0.03,6456.9
GET /items?categoryId=623,246,21,6,219,16.37,0.000%,.12266,0.77,0.02,6448.2
GET /items?categoryId=624,268,19,5,86,16.01,0.000%,.13363,0.76,0.02,5841.6
GET /items?categoryId=625,341,21,7,85,11.37,0.000%,.17003,1.07,0.03,6428.3
GET /items?categoryId=626,330,20,6,74,14.14,0.000%,.16455,1.03,0.03,6431.1
GET /items?categoryId=627,327,22,6,152,16.35,0.000%,.16305,1.03,0.03,6443.0
GET /items?categoryId=628,242,21,6,153,19.77,0.000%,.12067,0.76,0.02,6421.8
GET /items?categoryId=629,330,18,5,111,14.05,0.000%,.16455,0.92,0.03,5745.3
GET /items?categoryId=630,356,24,7,232,28.50,0.000%,.17751,1.11,0.03,6410.8
GET /items?categoryId=631,285,21,6,84,15.15,0.000%,.14211,0.89,0.02,6427.7
GET /items?categoryId=632,375,20,4,126,15.12,0.000%,.18699,1.04,0.03,5708.8
GET /items?categoryId=633,299,15,4,83,8.69,0.000%,.14909,0.83,0.02,5675.8
GET /items?categoryId=634,355,22,6,198,23.21,0.000%,.17701,1.12,0.03,6484.3
GET /items?categoryId=635,272,18,6,49,8.32,0.000%,.13563,0.85,0.02,6417.8
GET /items?categoryId=636,267,14,4,39,5.76,0.000%,.13313,0.68,0.02,5252.4
GET /items?categoryId=637,394,26,6,212,30.89,0.000%,.19646,1.24,0.03,6438.1
GET /items?categoryId=638,291,22,6,91,16.28,0.000%,.14510,0.91,0.02,6438.6
GET /items?categoryId=639,313,19,6,80,11.02,0.000%,.15607,0.98,0.02,6443.2
GET /items?categoryId=640,233,20,5,131,25.75,0.000%,.11618,0.60,0.02,5256.3
GET /items?categoryId=641,404,21,5,132,21.06,0.000%,.20144,1.19,0.03,6072.2
GET /items?categoryId=642,349,29,7,182,31.96,0.000%,.17402,1.09,0.03,6419.8
GET /items?categoryId=643,257,25,6,182,27.22,0.000%,.12815,0.80,0.02,6430.5
GET /items?categoryId=644,241,16,5,54,10.35,0.000%,.12017,0.73,0.02,6199.3
GET /items?categoryId=645,330,33,7,219,46.64,0.000%,.16455,1.04,0.03,6448.9
GET /items?categoryId=646,345,21,7,99,15.99,0.000%,.17202,1.08,0.03,6422.4
GET /items?categoryId=647,328,24,6,156,23.03,0.000%,.16355,1.02,0.03,6409.1
GET /items?categoryId=648,266,18,6,87,12.71,0.000%,.13264,0.83,0.02,6433.1
GET /items?categoryId=649,376,19,6,90,12.62,0.000%,.18749,1.17,0.03,6417.0
GET /items?categoryId=650,284,26,5,223,42.29,0.000%,.14161,0.84,0.02,6068.4
GET /items?categoryId=651,304,22,5,209,22.61,0.000%,.15158,0.83,0.02,5578.1
GET /items?categoryId=652,310,22,4,126,23.13,0.000%,.15457,0.82,0.02,5461.8
GET /items?categoryId=653,297,21,6,86,12.65,0.000%,.14810,0.93,0.02,6403.2
GET /items?categoryId=654,380,20,5,196,15.67,0.000%,.18948,0.97,0.03,5229.4
GET /items?categoryId=655,314,28,6,267,42.32,0.000%,.15657,0.98,0.02,6427.2
GET /items?categoryId=656,322,37,6,302,64.07,0.000%,.16056,1.01,0.03,6434.4
GET /items?categoryId=657,357,20,5,88,17.29,0.000%,.17801,1.07,0.03,6183.6
GET /items?categoryId=658,340,28,6,208,32.78,0.000%,.16953,1.07,0.03,6443.8
GET /items?categoryId=659,352,28,6,132,23.45,0.000%,.17552,1.11,0.03,6465.2
GET /items?categoryId=660,264,20,6,81,12.24,0.000%,.13164,0.83,0.02,6438.1
GET /items?categoryId=661,380,23,7,76,14.01,0.000%,.18948,1.20,0.03,6459.9
GET /items?categoryId=662,381,18,5,221,20.21,0.000%,.18998,1.15,0.03,6217.4
GET /items?categoryId=663,276,17,5,180,15.04,0.000%,.13763,0.72,0.02,5382.4
GET /items?categoryId=664,272,21,6,60,12.05,0.000%,.13563,0.85,0.02,6438.5
GET /items?categoryId=665,304,21,9,69,12.60,0.000%,.15159,0.95,0.02,6449.6
GET /items?categoryId=666,354,18,5,177,18.74,0.000%,.17652,1.01,0.03,5832.8
GET /items?categoryId=667,292,18,5,97,11.91,0.000%,.14561,0.76,0.02,5350.3
GET /items?categoryId=668,280,26,7,162,24.07,0.000%,.13962,0.88,0.02,6462.2
GET /items?categoryId=669,392,23,5,245,35.89,0.000%,.19547,1.02,0.03,5346.2
GET /items?categoryId=670,345,23,5,93,14.42,0.000%,.17204,1.06,0.03,6328.6
GET /items?categoryId=671,283,19,5,53,10.86,0.000%,.14112,0.77,0.02,5608.9
GET /items?categoryId=672,401,19,5,80,10.85,0.000%,.19996,1.19,0.03,6082.7
GET /items?categoryId=673,283,23,7,80,14.94,0.000%,.14112,0.89,0.02,6429.0
GET /items?categoryId=674,332,21,5,223,21.60,0.000%,.16555,0.94,0.03,5843.1
GET /items?categoryId=675,331,25,7,188,24.93,0.000%,.16506,1.04,0.03,6434.0
GET /items?categoryId=676,267,21,7,114,14.20,0.000%,.13314,0.83,0.02,6421.8
GET /items?categoryId=677,352,24,6,151,25.44,0.000%,.17553,0.98,0.03,5738.6
GET /items?categoryId=678,340,24,5,141,28.00,0.000%,.16955,0.87,0.03,5242.0
GET /items?categoryId=679,396,23,6,90,15.62,0.000%,.19747,1.25,0.03,6461.7
GET /items?categoryId=680,267,20,4,186,22.37,0.000%,.13315,0.69,0.02,5340.5
GET /items?categoryId=681,349,24,5,190,22.38,0.000%,.17404,1.01,0.03,5961.3
GET /items?categoryId=682,255,27,5,244,32.91,0.000%,.12717,0.67,0.02,5358.5
GET /items?categoryId=683,355,25,7,112,18.37,0.000%,.17704,1.11,0.03,6440.6
GET /items?categoryId=684,320,22,6,95,16.44,0.000%,.15958,1.01,0.03,6477.6
GET /items?categoryId=685,268,22,4,133,25.32,0.000%,.13365,0.80,0.02,6096.2
GET /items?categoryId=686,274,25,6,152,20.49,0.000%,.13664,0.86,0.02,6450.7
GET /items?categoryId=687,353,23,7,73,14.11,0.000%,.17604,1.11,0.03,6464.1
GET /items?categoryId=688,312,20,5,228,28.22,0.000%,.15560,0.80,0.02,5242.8
GET /items?categoryId=689,319,21,4,227,23.31,0.000%,.15909,0.98,0.03,6318.4
GET /items?categoryId=690,235,26,6,208,25.91,0.000%,.11720,0.74,0.02,6440.2
GET /items?categoryId=691,417,22,5,89,16.15,0.000%,.20797,1.31,0.03,6465.5
GET /items?categoryId=692,267,25,6,127,25.28,0.000%,.13316,0.84,0.02,6446.9
GET /items?categoryId=693,278,23,6,91,17.13,0.000%,.13865,0.88,0.02,6466.9
GET /items?categoryId=694,310,21,8,119,14.70,0.000%,.15461,0.97,0.02,6447.3
GET /items?categoryId=695,332,30,6,226,30.36,0.000%,.16558,1.04,0.03,6426.2
GET /items?categoryId=696,261,20,6,69,12.58,0.000%,.13017,0.82,0.02,6434.9
GET /items?categoryId=697,271,18,6,81,13.83,0.000%,.13516,0.71,0.02,5370.0
GET /items?categoryId=698,326,27,7,218,25.45,0.000%,.16259,1.02,0.03,6448.5
GET /items?categoryId=699,333,21,5,102,15.53,0.000%,.16608,0.85,0.03,5262.2
GET /items?categoryId=700,333,19,5,277,26.48,0.000%,.16608,0.91,0.03,5621.8
GET /items?categoryId=701,365,32,5,276,54.34,0.000%,.18204,1.08,0.03,6088.8
GET /items?categoryId=702,285,19,5,79,15.56,0.000%,.14214,0.76,0.02,5485.4
GET /items?categoryId=703,310,22,5,160,21.87,0.000%,.15461,0.81,0.02,5359.1
GET /items?categoryId=704,316,29,7,152,28.09,0.000%,.15761,0.99,0.02,6445.8
GET /items?categoryId=705,336,22,6,113,19.46,0.000%,.16758,1.06,0.03,6456.7
GET /items?categoryId=706,269,27,5,178,30.14,0.000%,.13417,0.77,0.02,5851.2
GET /items?categoryId=707,330,23,4,182,21.21,0.000%,.16459,0.92,0.03,5722.1
GET /items?categoryId=708,377,22,5,188,21.94,0.000%,.18803,1.01,0.03,5496.4
GET /items?categoryId=709,332,21,5,104,18.11,0.000%,.16559,0.91,0.03,5607.4
GET /items?categoryId=710,230,24,6,110,18.23,0.000%,.11472,0.72,0.02,6437.8
GET /items?categoryId=711,394,21,6,66,12.42,0.000%,.19651,1.24,0.03,6445.7
GET /items?categoryId=712,259,30,6,280,47.18,0.000%,.12918,0.81,0.02,6427.1
GET /items?categoryId=713,331,40,6,239,59.53,0.000%,.16509,1.04,0.03,6438.9
GET /items?categoryId=714,346,21,5,186,17.50,0.000%,.17258,0.95,0.03,5610.9
GET /items?categoryId=715,338,22,7,89,16.73,0.000%,.16859,1.06,0.03,6429.5
GET /items?categoryId=716,287,20,5,117,22.08,0.000%,.14315,0.82,0.02,5831.0
GET /items?categoryId=717,341,23,4,275,37.63,0.000%,.17008,0.91,0.03,5489.4
GET /items?categoryId=718,339,35,5,257,64.16,0.000%,.16909,0.90,0.03,5466.0
GET /items?categoryId=719,277,25,6,193,27.84,0.000%,.13817,0.87,0.02,6421.7
GET /items?categoryId=720,275,23,7,161,19.13,0.000%,.13716,0.87,0.02,6480.8
GET /items?categoryId=721,368,25,6,258,23.35,0.000%,.18355,1.16,0.03,6445.3
GET /items?categoryId=722,311,27,5,191,29.83,0.000%,.15512,0.80,0.02,5261.3
GET /items?categoryId=723,302,22,7,54,9.62,0.000%,.15064,0.95,0.02,6435.6
GET /items?categoryId=724,282,24,7,198,28.77,0.000%,.14066,0.89,0.02,6447.2
GET /items?categoryId=725,305,25,5,225,29.71,0.000%,.15213,0.80,0.02,5357.2
GET /items?categoryId=726,332,24,6,124,22.17,0.000%,.16560,1.04,0.03,6433.9
GET /items?categoryId=727,359,24,6,110,20.07,0.000%,.17907,1.12,0.03,6425.8
GET /items?categoryId=728,301,25,5,213,36.52,0.000%,.15014,0.86,0.02,5871.3
GET /items?categoryId=729,261,27,5,219,29.23,0.000%,.13019,0.73,0.02,5724.0
GET /items?categoryId=730,292,24,5,215,23.88,0.000%,.14565,0.78,0.02,5472.3
GET /items?categoryId=731,297,25,7,189,20.21,0.000%,.14815,0.93,0.02,6439.1
GET /items?categoryId=732,247,24,7,91,14.39,0.000%,.12320,0.78,0.02,6461.9
GET /items?categoryId=733,396,19,6,64,9.99,0.000%,.19752,1.24,0.03,6440.0
GET /items?categoryId=734,371,20,6,74,12.67,0.000%,.18506,1.16,0.03,6425.6
GET /items?categoryId=735,360,22,7,80,13.69,0.000%,.17958,1.13,0.03,6435.3
GET /items?categoryId=736,291,38,7,266,50.58,0.000%,.14515,0.91,0.02,6454.7
GET /items?categoryId=737,268,31,5,222,42.24,0.000%,.13369,0.76,0.02,5846.6
GET /items?categoryId=738,323,26,5,226,27.98,0.000%,.16112,0.86,0.03,5495.0
GET /items?categoryId=739,373,25,6,163,20.69,0.000%,.18606,1.17,0.03,6458.2
GET /items?categoryId=740,274,21,7,80,12.45,0.000%,.13668,0.86,0.02,6418.1
GET /items?categoryId=741,273,20,5,119,16.83,0.000%,.13618,0.72,0.02,5377.7
GET /items?categoryId=742,311,22,4,120,20.99,0.000%,.15514,0.89,0.02,5849.0
GET /items?categoryId=743,376,25,6,240,33.65,0.000%,.18756,1.18,0.03,6447.5
GET /items?categoryId=744,318,27,6,261,40.76,0.000%,.15863,1.00,0.03,6440.1
GET /items?categoryId=745,324,19,7,123,11.97,0.000%,.16161,1.02,0.03,6446.1
GET /items?categoryId=746,279,29,7,142,28.93,0.000%,.13917,0.87,0.02,6432.0
GET /items?categoryId=747,244,24,7,112,17.98,0.000%,.12171,0.77,0.02,6445.2
GET /items?categoryId=748,353,17,5,160,12.02,0.000%,.17608,1.00,0.03,5843.8
GET /items?categoryId=749,265,19,6,51,7.56,0.000%,.13219,0.83,0.02,6447.1
GET /items?categoryId=750,284,15,5,179,12.43,0.000%,.14167,0.73,0.02,5246.5
GET /items?categoryId=751,368,19,5,222,19.54,0.000%,.18357,1.01,0.03,5608.2
GET /items?categoryId=752,294,17,5,222,14.11,0.000%,.14666,0.84,0.02,5837.2
GET /items?categoryId=753,276,16,5,46,7.38,0.000%,.13767,0.82,0.02,6095.8
GET /items?categoryId=754,323,23,7,198,26.25,0.000%,.16112,1.01,0.03,6436.6
GET /items?categoryId=755,365,19,5,125,19.09,0.000%,.18206,1.01,0.03,5695.4
GET /items?categoryId=756,300,27,6,166,22.59,0.000%,.14965,0.94,0.02,6434.9
GET /items?categoryId=757,360,25,6,119,20.82,0.000%,.17957,1.13,0.03,6465.0
GET /items?categoryId=758,259,18,7,135,9.33,0.000%,.12919,0.81,0.02,6427.3
GET /items?categoryId=759,262,21,4,271,32.30,0.000%,.13069,0.76,0.02,5934.9
GET /items?categoryId=760,393,16,5,49,8.03,0.000%,.19603,1.14,0.03,5954.9
GET /items?categoryId=761,309,14,4,40,6.16,0.000%,.15413,0.85,0.02,5637.9
GET /items?categoryId=762,241,19,6,147,14.93,0.000%,.12022,0.76,0.02,6438.0
GET /items?categoryId=763,263,16,5,95,11.12,0.000%,.13119,0.67,0.02,5230.4
GET /items?categoryId=764,355,24,6,148,22.01,0.000%,.17707,1.11,0.03,6442.3
GET /items?categoryId=765,303,20,7,112,13.66,0.000%,.15113,0.95,0.02,6452.2
GET /items?categoryId=766,347,27,6,255,39.83,0.000%,.17308,1.08,0.03,6417.6
GET /items?categoryId=767,377,29,6,210,32.48,0.000%,.18804,1.18,0.03,6432.3
GET /items?categoryId=768,407,20,6,66,10.53,0.000%,.20301,1.27,0.03,6431.3
GET /items?categoryId=769,315,16,5,60,8.71,0.000%,.15712,0.97,0.02,6321.8
GET /items?categoryId=770,270,17,5,155,19.96,0.000%,.13468,0.72,0.02,5477.7
GET /items?categoryId=771,328,16,6,115,11.30,0.000%,.16361,0.97,0.03,6065.1
GET /items?categoryId=772,352,17,5,124,12.59,0.000%,.17557,1.02,0.03,5948.6
GET /items?categoryId=773,283,19,7,244,23.05,0.000%,.14116,0.89,0.02,6465.4
GET /items?categoryId=774,290,38,7,219,42.32,0.000%,.14464,0.91,0.02,6417.6
GET /items?categoryId=775,395,23,5,109,21.23,0.000%,.19701,1.03,0.03,5366.6
GET /items?categoryId=776,302,18,6,68,10.61,0.000%,.15063,0.88,0.02,5990.4
GET /items?categoryId=777,307,17,5,53,10.09,0.000%,.15312,0.87,0.02,5848.2
GET /items?categoryId=778,362,21,8,199,20.60,0.000%,.18055,1.14,0.03,6437.3
GET /items?categoryId=779,307,20,6,53,8.00,0.000%,.15313,0.97,0.02,6466.8
GET /items?categoryId=780,324,23,5,308,42.75,0.000%,.16160,0.85,0.03,5366.2
GET /items?categoryId=781,324,25,7,300,26.09,0.000%,.16160,1.01,0.03,6428.3
GET /items?categoryId=782,259,22,7,68,13.05,0.000%,.12918,0.81,0.02,6397.6
GET /items?categoryId=783,252,29,7,132,28.14,0.000%,.12569,0.79,0.02,6440.4
GET /items?categoryId=784,430,21,7,120,11.22,0.000%,.21446,1.35,0.03,6448.8
GET /items?categoryId=785,308,17,5,54,8.91,0.000%,.15362,0.83,0.02,5504.5
GET /items?categoryId=786,255,22,6,191,24.52,0.000%,.12719,0.71,0.02,5720.0
GET /items?categoryId=787,291,23,7,113,17.53,0.000%,.14514,0.92,0.02,6463.7
GET /items?categoryId=788,389,22,7,126,11.14,0.000%,.19402,1.23,0.03,6479.4
GET /items?categoryId=789,299,25,8,214,24.48,0.000%,.14913,0.94,0.02,6444.1
GET /items?categoryId=790,276,17,5,70,11.26,0.000%,.13766,0.82,0.02,6084.9
GET /items?categoryId=791,372,16,5,98,10.72,0.000%,.18554,1.02,0.03,5605.7
GET /items?categoryId=792,278,22,8,101,14.72,0.000%,.13866,0.87,0.02,6433.4
GET /items?categoryId=793,305,22,6,81,13.38,0.000%,.15212,0.90,0.02,6090.4
GET /items?categoryId=794,306,21,6,152,17.97,0.000%,.15262,0.89,0.02,5941.2
GET /items?categoryId=795,320,21,7,160,16.13,0.000%,.15960,1.01,0.03,6452.2
GET /items?categoryId=796,416,19,5,185,22.71,0.000%,.20747,1.21,0.03,5978.3
GET /items?categoryId=797,259,23,7,182,24.37,0.000%,.12918,0.81,0.02,6454.0
GET /items?categoryId=798,310,19,5,66,11.76,0.000%,.15462,0.87,0.02,5731.1
GET /items?categoryId=799,318,20,5,128,21.72,0.000%,.15860,0.89,0.03,5722.4
GET /items?categoryId=800,289,23,5,135,22.48,0.000%,.14414,0.89,0.02,6289.4
GET /items?categoryId=801,285,19,5,78,13.40,0.000%,.14214,0.79,0.02,5718.3
GET /items?categoryId=802,263,39,4,206,43.22,0.000%,.13117,0.73,0.02,5736.7
GET /items?categoryId=803,301,40,7,187,40.38,0.000%,.15012,0.94,0.02,6431.8
GET /items?categoryId=804,291,25,7,173,27.02,0.000%,.14514,0.83,0.02,5883.0
GET /items?categoryId=805,345,21,5,84,16.32,0.000%,.17206,0.96,0.03,5718.8
GET /items?categoryId=806,273,27,6,133,25.37,0.000%,.13616,0.78,0.02,5833.3
GET /items?categoryId=807,259,19,5,67,13.41,0.000%,.12919,0.66,0.02,5247.8
GET /items?categoryId=808,364,22,5,195,30.98,0.000%,.18155,0.99,0.03,5604.2
GET /items?categoryId=809,361,24,7,164,24.28,0.000%,.18006,1.13,0.03,6449.3
GET /items?categoryId=810,262,16,5,50,9.10,0.000%,.13068,0.79,0.02,6196.7
GET /items?categoryId=811,327,19,7,162,11.86,0.000%,.16311,1.02,0.03,6432.7
GET /items?categoryId=812,396,20,4,139,20.78,0.000%,.19752,1.12,0.03,5828.2
GET /items?categoryId=813,287,14,5,101,8.70,0.000%,.14315,0.80,0.02,5725.6
GET /items?categoryId=814,315,14,5,33,5.02,0.000%,.15711,0.82,0.02,5367.9
GET /items?categoryId=815,272,24,5,187,35.23,0.000%,.13567,0.79,0.02,5963.5
GET /items?categoryId=816,320,23,5,185,29.90,0.000%,.15961,0.98,0.03,6312.4
GET /items?categoryId=817,321,24,5,172,28.65,0.000%,.16011,0.82,0.03,5260.6
GET /items?categoryId=818,296,36,5,184,47.24,0.000%,.14764,0.81,0.02,5590.7
GET /items?categoryId=819,343,33,7,225,41.75,0.000%,.17109,1.08,0.03,6454.1
GET /items?categoryId=820,376,28,7,152,26.92,0.000%,.18756,1.18,0.03,6431.1
GET /items?categoryId=821,262,22,5,131,21.34,0.000%,.13070,0.71,0.02,5591.5
GET /items?categoryId=822,243,30,8,227,37.28,0.000%,.12123,0.76,0.02,6430.1
GET /items?categoryId=823,257,26,6,226,39.12,0.000%,.12821,0.69,0.02,5496.6
GET /items?categoryId=824,337,24,6,130,21.03,0.000%,.16813,1.06,0.03,6432.1
GET /items?categoryId=825,275,38,6,244,55.50,0.000%,.13720,0.86,0.02,6455.5
GET /items?categoryId=826,324,27,5,177,38.48,0.000%,.16165,0.85,0.03,5363.4
GET /items?categoryId=827,270,26,4,163,35.56,0.000%,.13472,0.70,0.02,5350.1
GET /items?categoryId=828,325,21,5,247,33.13,0.000%,.16216,0.87,0.03,5475.4
GET /items?categoryId=829,277,26,7,196,28.21,0.000%,.13821,0.87,0.02,6425.5
GET /items?categoryId=830,258,42,6,325,66.11,0.000%,.12874,0.81,0.02,6450.6
GET /items?categoryId=831,252,52,8,298,74.74,0.000%,.12575,0.79,0.02,6453.3
GET /items?categoryId=832,279,25,7,118,22.21,0.000%,.13922,0.88,0.02,6440.8
GET /items?categoryId=833,324,40,6,170,39.38,0.000%,.16168,1.02,0.03,6466.2
GET /items?categoryId=834,288,21,5,106,16.96,0.000%,.14372,0.83,0.02,5878.3
GET /items?categoryId=835,318,22,4,177,26.53,0.000%,.15870,0.89,0.03,5739.6
GET /items?categoryId=836,257,27,6,189,35.86,0.000%,.12826,0.70,0.02,5616.9
GET /items?categoryId=837,392,25,5,230,31.78,0.000%,.19564,1.21,0.03,6315.5
GET /items?categoryId=838,276,26,7,231,20.74,0.000%,.13774,0.87,0.02,6432.4
GET /items?categoryId=839,292,26,7,131,22.51,0.000%,.14573,0.92,0.02,6437.4
GET /items?categoryId=840,340,17,5,71,12.16,0.000%,.16969,0.99,0.03,5960.3
GET /items?categoryId=841,391,25,7,164,21.45,0.000%,.19514,1.23,0.03,6434.7
GET /items?categoryId=842,312,19,5,85,15.35,0.000%,.15572,0.88,0.02,5758.1
GET /items?categoryId=843,228,27,5,194,35.64,0.000%,.11380,0.59,0.02,5341.3
GET /items?categoryId=844,300,26,5,181,34.37,0.000%,.14974,0.91,0.02,6201.3
GET /items?categoryId=845,324,27,5,183,29.91,0.000%,.16171,0.91,0.03,5735.1
GET /items?categoryId=846,323,25,5,229,34.08,0.000%,.16120,0.97,0.03,6185.8
GET /items?categoryId=847,376,30,5,228,44.76,0.000%,.18766,1.10,0.03,6002.8
GET /items?categoryId=848,269,31,7,166,34.69,0.000%,.13427,0.84,0.02,6434.5
GET /items?categoryId=849,320,26,6,197,32.79,0.000%,.15973,1.01,0.03,6450.2
GET /items?categoryId=850,361,31,7,145,29.78,0.000%,.18021,1.14,0.03,6453.5
GET /items?categoryId=851,330,23,7,129,18.01,0.000%,.16474,1.04,0.03,6458.9
GET /items?categoryId=852,315,21,5,153,19.64,0.000%,.15725,0.84,0.02,5502.0
GET /items?categoryId=853,329,28,6,157,19.40,0.000%,.16425,1.03,0.03,6408.4
GET /items?categoryId=854,367,25,7,217,21.86,0.000%,.18320,1.15,0.03,6417.0
GET /items?categoryId=855,293,25,5,143,24.33,0.000%,.14626,0.83,0.02,5840.8
GET /items?categoryId=856,239,21,7,122,17.96,0.000%,.11931,0.75,0.02,6408.8
GET /items?categoryId=857,301,25,6,126,20.80,0.000%,.15026,0.94,0.02,6404.3
GET /items?categoryId=858,357,26,5,152,30.52,0.000%,.17822,1.08,0.03,6230.3
GET /items?categoryId=859,388,19,5,203,15.58,0.000%,.19370,0.99,0.03,5237.3
GET /items?categoryId=860,249,19,5,224,19.79,0.000%,.12431,0.68,0.02,5612.4
GET /items?categoryId=861,352,24,5,187,26.22,0.000%,.17572,1.08,0.03,6292.9
GET /items?categoryId=862,383,26,5,166,21.29,0.000%,.19121,1.16,0.03,6229.0
GET /items?categoryId=863,289,20,5,94,15.67,0.000%,.14429,0.74,0.02,5244.5
GET /items?categoryId=865,359,24,5,138,28.19,0.000%,.17923,1.11,0.03,6346.8
GET /items?categoryId=864,267,22,8,86,14.60,0.000%,.13330,0.84,0.02,6444.0
GET /items?categoryId=866,368,31,5,224,42.82,0.000%,.18373,0.95,0.03,5279.4
GET /items?categoryId=867,287,43,7,218,51.10,0.000%,.14329,0.90,0.02,6435.7
GET /items?categoryId=868,284,24,5,160,26.30,0.000%,.14181,0.88,0.02,6329.4
GET /items?categoryId=869,292,29,6,159,34.27,0.000%,.14580,0.91,0.02,6421.5
GET /items?categoryId=870,296,25,7,184,21.17,0.000%,.14781,0.93,0.02,6451.5
GET /items?categoryId=871,422,29,7,152,27.74,0.000%,.21073,1.32,0.03,6432.6
GET /items?categoryId=872,283,23,5,146,31.30,0.000%,.14133,0.84,0.02,6091.0
GET /items?categoryId=873,313,22,7,115,21.64,0.000%,.15631,0.98,0.02,6424.3
GET /items?categoryId=874,404,22,4,231,30.19,0.000%,.20177,1.22,0.03,6207.9
GET /items?categoryId=875,259,28,5,173,35.34,0.000%,.12936,0.69,0.02,5483.6
GET /items?categoryId=876,298,21,4,92,16.47,0.000%,.14885,0.81,0.02,5594.4
GET /items?categoryId=877,334,20,4,98,17.15,0.000%,.16682,1.01,0.03,6204.5
GET /items?categoryId=878,315,24,6,164,22.68,0.000%,.15734,0.99,0.02,6423.0
GET /items?categoryId=879,292,24,5,143,21.53,0.000%,.14585,0.82,0.02,5737.6
GET /items?categoryId=880,361,21,6,70,10.86,0.000%,.18031,1.14,0.03,6446.5
GET /items?categoryId=881,268,19,7,64,9.05,0.000%,.13386,0.84,0.02,6414.2
GET /items?categoryId=882,269,18,5,205,18.44,0.000%,.13436,0.77,0.02,5866.4
GET /items?categoryId=883,326,25,5,191,28.62,0.000%,.16284,0.89,0.03,5618.1
GET /items?categoryId=884,277,24,8,121,18.73,0.000%,.13836,0.87,0.02,6455.2
GET /items?categoryId=885,286,18,5,65,11.34,0.000%,.14286,0.75,0.02,5369.2
GET /items?categoryId=886,312,18,6,105,11.82,0.000%,.15585,0.89,0.02,5862.8
GET /items?categoryId=887,373,24,5,135,22.54,0.000%,.18631,0.99,0.03,5455.8
GET /items?categoryId=888,278,37,7,194,45.86,0.000%,.13886,0.87,0.02,6411.2
GET /items?categoryId=889,315,28,7,180,24.58,0.000%,.15734,0.99,0.02,6438.9
GET /items?categoryId=890,335,23,5,192,32.32,0.000%,.16735,1.02,0.03,6224.7
GET /items?categoryId=891,319,22,7,223,20.46,0.000%,.15935,1.00,0.03,6444.4
GET /items?categoryId=892,274,26,7,166,21.85,0.000%,.13689,0.86,0.02,6423.5
GET /items?categoryId=893,271,24,7,116,16.19,0.000%,.13538,0.86,0.02,6467.2
GET /items?categoryId=894,391,20,5,120,21.45,0.000%,.19534,1.09,0.03,5733.8
GET /items?categoryId=895,301,25,7,159,22.57,0.000%,.15038,0.95,0.02,6438.2
GET /items?categoryId=896,335,28,5,153,30.63,0.000%,.16737,1.03,0.03,6324.2
GET /items?categoryId=897,242,31,6,193,26.72,0.000%,.12090,0.76,0.02,6430.9
GET /items?categoryId=898,380,28,5,200,36.61,0.000%,.18986,1.06,0.03,5713.0
GET /items?categoryId=899,264,33,7,187,38.58,0.000%,.13191,0.83,0.02,6455.7
GET /items?categoryId=900,333,23,8,181,18.55,0.000%,.16639,1.05,0.03,6447.8
GET /items?categoryId=901,279,22,8,66,11.76,0.000%,.13941,0.87,0.02,6421.0
GET /items?categoryId=902,376,23,8,146,17.78,0.000%,.18788,1.19,0.03,6467.9
GET /items?categoryId=903,363,19,5,232,18.69,0.000%,.18139,1.05,0.03,5946.3
GET /items?categoryId=904,313,24,5,243,31.68,0.000%,.15641,0.97,0.02,6342.3
GET /items?categoryId=905,297,23,7,118,15.94,0.000%,.14842,0.94,0.02,6472.0
GET /items?categoryId=906,356,32,7,225,35.09,0.000%,.17789,1.12,0.03,6422.1
GET /items?categoryId=907,354,19,5,74,13.13,0.000%,.17689,0.97,0.03,5628.8
GET /items?categoryId=908,352,23,7,140,16.68,0.000%,.17590,1.11,0.03,6450.0
GET /items?categoryId=909,274,19,9,63,9.05,0.000%,.13692,0.86,0.02,6451.6
GET /items?categoryId=910,336,22,7,161,12.64,0.000%,.16792,1.06,0.03,6442.4
GET /items?categoryId=911,352,24,7,108,17.95,0.000%,.17591,1.10,0.03,6424.1
GET /items?categoryId=912,259,25,7,226,33.76,0.000%,.12944,0.81,0.02,6443.3
GET /items?categoryId=913,351,26,5,239,38.98,0.000%,.17541,1.08,0.03,6323.9
GET /items?categoryId=914,257,26,6,143,28.23,0.000%,.12844,0.70,0.02,5606.4
GET /items?categoryId=915,340,31,6,161,31.94,0.000%,.16992,1.07,0.03,6449.6
GET /items?categoryId=916,311,23,5,219,28.00,0.000%,.15544,0.92,0.02,6073.3
GET /items?categoryId=918,286,22,8,70,13.03,0.000%,.14295,0.90,0.02,6432.4
GET /items?categoryId=917,274,21,7,94,15.92,0.000%,.13695,0.86,0.02,6454.5
GET /items?categoryId=919,395,26,8,165,21.60,0.000%,.19743,1.24,0.03,6433.7
GET /items?categoryId=920,249,23,7,79,12.26,0.000%,.12447,0.78,0.02,6449.2
GET /items?categoryId=921,283,27,7,142,22.08,0.000%,.14147,0.89,0.02,6437.9
GET /items?categoryId=922,270,21,5,134,16.20,0.000%,.13496,0.83,0.02,6293.9
GET /items?categoryId=923,377,22,4,139,21.33,0.000%,.18844,1.05,0.03,5711.5
GET /items?categoryId=924,285,32,7,204,29.93,0.000%,.14246,0.90,0.02,6435.3
GET /items?categoryId=925,298,27,5,194,30.26,0.000%,.14896,0.84,0.02,5756.2
GET /items?categoryId=926,340,30,7,174,35.81,0.000%,.16996,1.07,0.03,6433.9
GET /items?categoryId=927,308,24,6,169,32.78,0.000%,.15397,0.89,0.02,5937.2
GET /items?categoryId=928,342,28,6,168,26.78,0.000%,.17098,1.07,0.03,6433.2
GET /items?categoryId=929,312,31,8,192,34.49,0.000%,.15599,0.98,0.02,6460.2
GET /items?categoryId=930,343,38,8,290,65.53,0.000%,.17149,1.07,0.03,6418.3
GET /items?categoryId=931,306,26,5,199,38.20,0.000%,.15300,0.78,0.02,5248.8
GET /items?categoryId=932,363,28,8,200,27.27,0.000%,.18151,1.14,0.03,6427.3
GET /items?categoryId=933,322,26,7,193,29.82,0.000%,.16101,1.01,0.03,6443.8
GET /items?categoryId=934,330,27,7,171,26.41,0.000%,.16502,1.04,0.03,6454.5
GET /items?categoryId=935,295,22,6,136,19.05,0.000%,.14753,0.92,0.02,6408.8
GET /items?categoryId=936,367,33,6,278,37.16,0.000%,.18355,1.15,0.03,6410.4
GET /items?categoryId=937,328,21,5,100,18.58,0.000%,.16404,0.90,0.03,5594.7
GET /items?categoryId=938,387,24,7,140,19.51,0.000%,.19355,1.22,0.03,6456.9
GET /items?categoryId=939,242,19,5,105,16.59,0.000%,.12104,0.63,0.02,5327.5
GET /items?categoryId=940,358,32,8,201,41.99,0.000%,.17906,1.13,0.03,6461.4
GET /items?categoryId=941,408,23,8,129,16.91,0.000%,.20407,1.29,0.03,6459.8
GET /items?categoryId=942,287,23,7,260,27.73,0.000%,.14356,0.90,0.02,6435.9
GET /items?categoryId=943,310,25,7,246,36.52,0.000%,.15506,0.98,0.02,6446.6
GET /items?categoryId=944,321,22,7,72,10.54,0.000%,.16056,1.01,0.03,6449.1
GET /items?categoryId=945,364,15,5,68,7.52,0.000%,.18207,0.94,0.03,5266.4
GET /items?categoryId=946,336,21,7,208,16.58,0.000%,.16807,1.05,0.03,6425.9
GET /items?categoryId=947,321,21,8,54,8.65,0.000%,.16057,1.01,0.03,6444.8
GET /items?categoryId=948,309,15,5,35,6.05,0.000%,.15457,0.79,0.02,5237.2
GET /items?categoryId=949,365,25,7,161,23.22,0.000%,.18256,1.15,0.03,6460.6
GET /items?categoryId=950,315,23,7,123,14.08,0.000%,.15756,0.99,0.02,6432.4
GET /items?categoryId=951,311,16,5,44,7.56,0.000%,.15555,0.79,0.02,5229.7
GET /items?categoryId=952,372,20,8,117,9.86,0.000%,.18607,1.18,0.03,6476.8
GET /items?categoryId=953,251,16,5,45,7.92,0.000%,.12555,0.69,0.02,5625.3
GET /items?categoryId=954,385,29,8,210,36.64,0.000%,.19258,1.22,0.03,6471.7
GET /items?categoryId=955,230,16,7,42,6.92,0.000%,.11505,0.67,0.02,5933.5
GET /items?categoryId=956,219,21,8,46,8.55,0.000%,.12313,0.77,0.02,6445.3
GET /items?categoryId=957,258,22,8,59,9.96,0.000%,.14504,0.91,0.02,6448.5
GET /items?categoryId=958,260,16,5,37,7.25,0.000%,.14617,0.89,0.02,6227.6
GET /items?categoryId=959,300,16,5,71,7.32,0.000%,.16865,1.04,0.03,6294.4
GET /items?categoryId=960,251,18,6,38,7.80,0.000%,.14112,0.84,0.02,6118.9
GET /items?categoryId=961,339,22,8,204,21.07,0.000%,.19059,1.20,0.03,6422.9
GET /items?categoryId=962,257,34,5,214,51.81,0.000%,.14447,0.77,0.02,5478.5
GET /items?categoryId=963,315,19,6,216,23.60,0.000%,.17708,0.95,0.03,5466.5
GET /items?categoryId=964,257,14,6,35,6.09,0.000%,.14447,0.88,0.02,6220.7
GET /items?categoryId=965,306,15,6,40,6.84,0.000%,.17202,0.88,0.03,5257.5
GET /items?categoryId=966,281,15,6,41,6.79,0.000%,.15796,0.80,0.02,5213.5
GET /items?categoryId=967,273,16,6,38,6.85,0.000%,.15347,0.91,0.02,6059.6
GET /items?categoryId=968,220,13,5,36,4.62,0.000%,.12367,0.73,0.02,6049.2
GET /items?categoryId=969,225,15,5,213,14.96,0.000%,.12648,0.66,0.02,5378.6
GET /items?categoryId=970,310,20,5,173,19.09,0.000%,.17427,1.07,0.03,6313.0
GET /items?categoryId=971,304,23,8,147,13.21,0.000%,.17089,1.07,0.03,6439.8
GET /items?categoryId=972,297,21,7,61,10.93,0.000%,.16695,1.05,0.03,6456.7
GET /items?categoryId=973,260,21,8,58,10.30,0.000%,.14616,0.92,0.02,6444.6
GET /items?categoryId=974,250,15,6,32,5.20,0.000%,.14053,0.79,0.02,5727.0
GET /items?categoryId=975,296,20,7,41,7.49,0.000%,.16639,1.05,0.03,6438.7
GET /items?categoryId=976,278,15,5,44,6.34,0.000%,.15627,0.82,0.02,5366.9
GET /items?categoryId=977,256,20,7,146,13.32,0.000%,.14391,0.91,0.02,6455.6
GET /items?categoryId=978,316,18,5,148,15.18,0.000%,.17763,1.03,0.03,5947.0
GET /items?categoryId=979,264,22,8,57,11.19,0.000%,.14841,0.93,0.02,6401.5
GET /items?categoryId=980,325,24,7,171,16.73,0.000%,.18269,1.15,0.03,6421.6
GET /items?categoryId=981,275,15,6,40,7.13,0.000%,.15459,0.79,0.02,5258.6
GET /items?categoryId=982,315,13,5,32,5.39,0.000%,.17707,0.91,0.03,5268.7
GET /items?categoryId=983,257,18,7,43,7.21,0.000%,.14447,0.91,0.02,6431.0
GET /items?categoryId=984,307,14,5,27,5.32,0.000%,.17257,1.07,0.03,6332.6
GET /items?categoryId=985,269,17,5,171,20.79,0.000%,.15121,0.92,0.02,6218.7
GET /items?categoryId=986,355,19,5,170,21.98,0.000%,.19955,1.02,0.03,5240.1
GET /items?categoryId=987,272,19,7,123,11.68,0.000%,.15291,0.96,0.02,6415.6
GET /items?categoryId=988,283,20,7,154,18.07,0.000%,.15908,1.00,0.03,6425.5
GET /items?categoryId=989,263,20,7,127,14.80,0.000%,.14784,0.93,0.02,6454.8
GET /items?categoryId=990,263,13,5,31,5.58,0.000%,.14784,0.88,0.02,6067.5
GET /items?categoryId=991,364,18,6,42,6.64,0.000%,.20461,1.30,0.03,6483.9
GET /items?categoryId=992,214,14,5,30,5.20,0.000%,.12030,0.73,0.02,6193.9
GET /items?categoryId=993,218,16,8,31,4.66,0.000%,.12255,0.77,0.02,6436.3
GET /items?categoryId=994,269,21,6,137,17.13,0.000%,.15121,0.95,0.02,6453.8
GET /items?categoryId=995,273,23,7,188,17.68,0.000%,.15346,0.96,0.02,6427.9
GET /items?categoryId=996,278,16,5,50,8.34,0.000%,.15626,0.91,0.02,5955.6
GET /items?categoryId=997,290,20,8,211,13.36,0.000%,.16301,1.02,0.03,6396.7
GET /items?categoryId=998,305,13,5,37,5.22,0.000%,.17144,0.92,0.03,5508.2
GET /items?categoryId=999,287,18,7,42,7.16,0.000%,.16133,1.02,0.03,6492.7
GET /items?categoryId=1000,286,16,7,31,5.16,0.000%,.16077,1.02,0.03,6508.5
GET /items?categoryId=1001,320,19,7,170,12.19,0.000%,.17988,1.14,0.03,6493.8
GET /items?categoryId=1002,269,19,9,44,8.37,0.000%,.15121,0.96,0.02,6501.1
GET /items?categoryId=1003,314,24,7,232,24.18,0.000%,.17650,1.12,0.03,6492.2
GET /items?categoryId=1004,264,21,5,177,23.16,0.000%,.14840,0.84,0.02,5790.9
GET /items?categoryId=1005,293,20,7,63,8.87,0.000%,.16471,1.04,0.03,6480.0
GET /items?categoryId=1006,342,14,5,36,6.52,0.000%,.19224,1.13,0.03,6003.6
GET /items?categoryId=1007,341,19,7,42,7.67,0.000%,.19169,1.21,0.03,6474.5
GET /items?categoryId=1008,214,15,5,38,7.45,0.000%,.12030,0.66,0.02,5641.3
GET /items?categoryId=1009,314,20,8,208,15.40,0.000%,.17651,1.12,0.03,6475.9
GET /items?categoryId=1010,319,21,5,190,31.66,0.000%,.17932,1.01,0.03,5765.8
GET /items?categoryId=1011,263,15,5,60,7.45,0.000%,.14785,0.85,0.02,5874.7
GET /items?categoryId=1012,237,22,7,207,19.00,0.000%,.13323,0.85,0.02,6540.9
GET /items?categoryId=1013,361,14,6,41,6.63,0.000%,.20292,1.27,0.03,6403.7
GET /items?categoryId=1014,321,14,6,61,6.04,0.000%,.18044,1.04,0.03,5909.9
GET /items?categoryId=1015,189,18,7,32,5.61,0.000%,.10624,0.67,0.02,6501.4
GET /items?categoryId=1016,323,14,5,28,4.53,0.000%,.18156,0.94,0.03,5292.0
GET /items?categoryId=1017,235,20,5,174,28.88,0.000%,.13210,0.76,0.02,5899.3
GET /items?categoryId=1018,240,20,8,60,10.60,0.000%,.13491,0.86,0.02,6496.9
GET /items?categoryId=1019,257,19,9,103,9.86,0.000%,.14446,0.91,0.02,6464.0
GET /items?categoryId=1020,285,22,8,176,19.68,0.000%,.16020,1.01,0.03,6485.3
GET /items?categoryId=1021,234,23,8,118,13.70,0.000%,.13154,0.84,0.02,6507.3
GET /items?categoryId=1022,272,15,5,32,5.91,0.000%,.15290,0.91,0.02,6119.9
GET /items?categoryId=1023,266,17,7,36,5.36,0.000%,.14952,0.94,0.02,6454.1
GET /items?categoryId=1024,248,19,9,58,8.64,0.000%,.13940,0.88,0.02,6471.8
GET /items?categoryId=1025,283,22,9,67,9.54,0.000%,.15908,1.01,0.03,6481.3
GET /items?categoryId=1026,346,22,6,170,31.75,0.000%,.19448,1.07,0.03,5631.0
GET /items?categoryId=1027,279,27,9,110,24.59,0.000%,.15683,0.99,0.02,6490.1
GET /items?categoryId=1028,315,21,9,179,17.25,0.000%,.17706,1.12,0.03,6464.0
GET /items?categoryId=1029,310,23,5,178,29.41,0.000%,.17426,1.05,0.03,6147.8
GET /items?categoryId=1030,292,18,8,39,6.65,0.000%,.16414,1.04,0.03,6500.3
GET /items?categoryId=1031,301,14,6,36,5.80,0.000%,.16919,1.03,0.03,6249.4
GET /items?categoryId=1032,273,18,9,39,6.02,0.000%,.15346,0.97,0.02,6490.6
GET /items?categoryId=1033,327,28,5,228,51.11,0.000%,.18381,0.95,0.03,5289.0
GET /items?categoryId=1034,325,21,7,59,7.55,0.000%,.18268,1.16,0.03,6488.4
GET /items?categoryId=1035,182,13,5,41,6.50,0.000%,.10231,0.56,0.02,5623.9
GET /items?categoryId=1036,283,19,8,47,6.79,0.000%,.15908,1.01,0.03,6493.7
GET /items?categoryId=1037,294,27,7,214,26.77,0.000%,.16525,1.05,0.03,6485.2
GET /items?categoryId=1038,318,20,7,106,12.37,0.000%,.17874,1.13,0.03,6493.9
GET /items?categoryId=1039,212,14,5,39,6.28,0.000%,.11916,0.66,0.02,5644.8
GET /items?categoryId=1040,322,21,7,163,13.92,0.000%,.18099,1.15,0.03,6497.7
GET /items?categoryId=1041,341,26,7,205,29.42,0.000%,.19167,1.21,0.03,6459.0
GET /items?categoryId=1042,280,18,8,59,8.30,0.000%,.15738,1.00,0.03,6494.5
GET /items?categoryId=1043,252,21,8,53,10.18,0.000%,.14164,0.89,0.02,6466.8
GET /items?categoryId=1044,315,23,9,223,25.60,0.000%,.17703,1.13,0.03,6523.6
GET /items?categoryId=1045,255,32,8,219,40.86,0.000%,.14332,0.91,0.02,6529.3
GET /items?categoryId=1046,259,18,5,128,13.11,0.000%,.14556,0.76,0.02,5322.1
GET /items?categoryId=1047,247,18,8,47,6.91,0.000%,.13882,0.88,0.02,6489.2
GET /items?categoryId=1048,326,25,8,220,19.77,0.000%,.18323,1.17,0.03,6511.2
GET /items?categoryId=1049,357,17,5,53,9.49,0.000%,.20065,1.18,0.03,5999.7
GET /items?categoryId=1050,286,17,9,57,7.40,0.000%,.16074,1.02,0.03,6510.8
GET /items?categoryId=1051,235,18,7,41,7.28,0.000%,.13208,0.83,0.02,6451.0
GET /items?categoryId=1052,275,27,8,187,36.61,0.000%,.15456,0.98,0.02,6507.5
GET /items?categoryId=1053,245,46,5,225,60.30,0.000%,.13769,0.83,0.02,6159.6
GET /items?categoryId=1055,252,20,8,51,8.49,0.000%,.14162,0.90,0.02,6490.3
GET /items?categoryId=1054,302,21,7,48,9.76,0.000%,.16972,1.07,0.03,6465.4
GET /items?categoryId=1056,286,24,7,155,23.07,0.000%,.16073,1.02,0.03,6523.2
GET /items?categoryId=1057,318,19,8,50,8.84,0.000%,.17872,1.13,0.03,6463.3
GET /items?categoryId=1058,280,14,5,38,6.55,0.000%,.15736,0.89,0.03,5767.3
GET /items?categoryId=1059,271,18,7,41,7.61,0.000%,.15231,0.96,0.02,6480.8
GET /items?categoryId=1060,326,14,4,35,6.33,0.000%,.18322,1.05,0.03,5888.1
GET /items?categoryId=1061,279,25,5,193,34.58,0.000%,.15679,0.96,0.02,6247.2
GET /items?categoryId=1062,318,18,5,71,10.31,0.000%,.17870,1.01,0.03,5760.9
GET /items?categoryId=1063,317,23,7,228,30.02,0.000%,.17814,1.13,0.03,6523.3
GET /items?categoryId=1064,207,15,5,42,8.26,0.000%,.11633,0.70,0.02,6152.7
GET /items?categoryId=1065,267,17,5,48,8.60,0.000%,.15005,0.82,0.02,5617.5
GET /items?categoryId=1066,319,17,5,74,13.59,0.000%,.17927,1.05,0.03,6018.2
GET /items?categoryId=1067,322,15,5,64,8.30,0.000%,.18095,0.98,0.03,5545.9
GET /items?categoryId=1068,310,19,8,120,11.14,0.000%,.17419,1.11,0.03,6508.7
GET /items?categoryId=1069,294,21,7,159,15.05,0.000%,.16520,1.05,0.03,6505.1
GET /items?categoryId=1070,277,16,5,201,13.85,0.000%,.15566,0.96,0.02,6326.3
GET /items?categoryId=1071,281,20,5,76,18.20,0.000%,.15791,0.87,0.03,5649.8
GET /items?categoryId=1072,330,15,6,63,8.77,0.000%,.18544,1.07,0.03,5883.0
GET /items?categoryId=1073,343,19,8,57,8.78,0.000%,.19274,1.22,0.03,6492.8
GET /items?categoryId=1074,237,13,5,31,4.28,0.000%,.13318,0.77,0.02,5884.0
GET /items?categoryId=1075,270,14,6,35,6.50,0.000%,.15172,0.93,0.02,6265.0
GET /items?categoryId=1076,303,15,5,188,13.14,0.000%,.17025,0.98,0.03,5875.3
GET /items?categoryId=1077,347,18,5,179,24.53,0.000%,.19497,1.03,0.03,5389.7
GET /items?categoryId=1078,278,24,9,215,25.83,0.000%,.15620,0.99,0.02,6480.8
GET /items?categoryId=1079,290,20,8,68,8.91,0.000%,.16294,1.03,0.03,6474.3
GET /items?categoryId=1080,284,21,8,91,11.45,0.000%,.15958,1.01,0.03,6512.1
GET /items?categoryId=1081,304,22,8,89,11.11,0.000%,.17081,1.08,0.03,6478.4
GET /items?categoryId=1082,279,18,9,40,6.14,0.000%,.15677,1.00,0.02,6502.6
GET /items?categoryId=1083,270,22,7,219,27.54,0.000%,.15169,0.96,0.02,6497.0
GET /items?categoryId=1084,245,18,5,176,18.83,0.000%,.13765,0.74,0.02,5535.7
GET /items?categoryId=1085,282,33,7,231,47.41,0.000%,.15844,1.00,0.03,6449.8
GET /items?categoryId=1086,292,21,8,132,14.29,0.000%,.16405,1.04,0.03,6476.6
GET /items?categoryId=1087,275,14,5,32,5.72,0.000%,.15450,0.85,0.02,5641.8
GET /items?categoryId=1088,226,14,5,32,6.14,0.000%,.12698,0.74,0.02,5996.4
GET /items?categoryId=1089,313,20,8,80,10.96,0.000%,.17586,1.11,0.03,6487.9
GET /items?categoryId=1090,248,27,9,107,23.34,0.000%,.13934,0.88,0.02,6458.0
GET /items?categoryId=1091,286,29,7,230,40.92,0.000%,.16067,1.02,0.03,6485.4
GET /items?categoryId=1092,285,23,8,220,26.98,0.000%,.16011,1.02,0.03,6500.7
GET /items?categoryId=1093,331,25,5,213,42.18,0.000%,.18595,1.05,0.03,5783.2
GET /items?categoryId=1094,257,26,8,179,31.46,0.000%,.14438,0.92,0.02,6489.4
GET /items?categoryId=1095,221,15,5,38,6.51,0.000%,.12416,0.73,0.02,6016.3
GET /items?categoryId=1096,238,19,8,39,6.90,0.000%,.13371,0.85,0.02,6535.7
GET /items?categoryId=1097,225,18,7,37,6.22,0.000%,.12641,0.81,0.02,6524.9
GET /items?categoryId=1098,320,15,5,65,9.53,0.000%,.17978,1.03,0.03,5861.1
GET /items?categoryId=1099,265,25,7,133,20.01,0.000%,.14888,0.94,0.02,6492.0
GET /items?categoryId=1100,282,32,8,223,36.60,0.000%,.15841,1.00,0.03,6489.8
GET /items?categoryId=1101,279,23,9,55,9.67,0.000%,.15673,0.99,0.02,6482.5
GET /items?categoryId=1102,337,22,8,211,16.78,0.000%,.18932,1.21,0.03,6533.9
GET /items?categoryId=1103,318,23,8,58,10.62,0.000%,.17864,1.13,0.03,6499.1
GET /items?categoryId=1104,301,19,8,44,7.10,0.000%,.16910,1.07,0.03,6484.7
GET /items?categoryId=1105,245,13,5,28,4.37,0.000%,.13764,0.84,0.02,6243.5
GET /items?categoryId=1106,352,21,7,106,14.16,0.000%,.19775,1.25,0.03,6470.7
GET /items?categoryId=1107,252,19,5,216,28.29,0.000%,.14156,0.84,0.02,6047.6
GET /items?categoryId=1108,311,16,6,87,11.14,0.000%,.17472,1.06,0.03,6214.3
GET /items?categoryId=1109,221,21,8,72,9.10,0.000%,.12415,0.79,0.02,6492.5
GET /items?categoryId=1110,229,19,5,101,12.34,0.000%,.12864,0.67,0.02,5295.1
GET /items?categoryId=1111,319,19,5,135,16.69,0.000%,.17920,0.97,0.03,5548.5
GET /items?categoryId=1112,259,17,5,90,10.05,0.000%,.14550,0.90,0.02,6339.2
GET /items?categoryId=1113,291,15,5,41,6.79,0.000%,.16346,0.90,0.03,5652.5
GET /items?categoryId=1114,332,16,5,47,8.66,0.000%,.18650,1.03,0.03,5645.8
GET /items?categoryId=1115,261,21,6,214,27.54,0.000%,.14660,0.76,0.02,5298.2
GET /items?categoryId=1116,331,22,8,218,17.50,0.000%,.18592,1.18,0.03,6510.2
GET /items?categoryId=1117,295,20,6,150,18.49,0.000%,.16570,0.89,0.03,5515.9
GET /items?categoryId=1118,276,20,5,178,20.24,0.000%,.15504,0.91,0.02,6031.5
GET /items?categoryId=1119,291,23,8,183,15.90,0.000%,.16345,1.04,0.03,6516.8
GET /items?categoryId=1120,240,18,8,42,6.27,0.000%,.13481,0.85,0.02,6486.7
GET /items?categoryId=1121,265,20,8,49,8.26,0.000%,.14885,0.94,0.02,6486.6
GET /items?categoryId=1122,251,18,6,53,11.24,0.000%,.14099,0.87,0.02,6282.6
GET /items?categoryId=1123,315,28,7,255,29.73,0.000%,.17692,1.12,0.03,6501.3
GET /items?categoryId=1124,225,24,6,194,31.64,2.667%,.12637,0.75,0.02,6048.2
GET /items?categoryId=1125,333,26,9,174,23.44,5.105%,.18702,1.15,0.03,6275.5
GET /items?categoryId=1126,255,20,4,193,29.96,0.000%,.14323,0.84,0.02,6010.1
GET /items?categoryId=1127,250,30,8,197,41.26,0.000%,.14041,0.89,0.02,6498.7
GET /items?categoryId=1128,283,22,7,53,9.89,1.767%,.15895,1.00,0.02,6410.4
GET /items?categoryId=1129,225,27,8,101,14.66,8.000%,.12638,0.76,0.02,6147.4
GET /items?categoryId=1130,222,21,5,100,16.50,14.865%,.12469,0.63,0.02,5145.2
GET /items?categoryId=1131,299,20,5,243,24.53,15.050%,.16791,0.80,0.02,4860.7
GET /items?categoryId=1132,234,25,5,193,37.18,13.248%,.13142,0.69,0.02,5337.7
GET /items?categoryId=1133,223,27,7,179,24.87,4.484%,.12524,0.77,0.02,6324.6
GET /items?categoryId=1134,299,19,5,105,15.48,4.013%,.16791,0.96,0.03,5871.0
GET /items?categoryId=1135,261,17,5,170,17.65,0.000%,.14658,0.77,0.02,5413.7
GET /items?categoryId=1136,252,27,8,170,31.05,0.000%,.14153,0.90,0.02,6490.9
GET /items?categoryId=1137,293,20,7,45,7.81,0.000%,.16456,1.04,0.03,6461.7
GET /items?categoryId=1138,243,22,8,90,15.31,6.996%,.13647,0.83,0.02,6208.8
GET /items?categoryId=1139,337,31,8,259,29.69,16.320%,.18924,1.07,0.03,5816.7
GET /items?categoryId=1140,256,27,6,241,21.22,12.109%,.14376,0.84,0.02,5990.7
GET /items?categoryId=1141,315,24,8,54,11.39,10.476%,.17688,1.05,0.03,6066.0
GET /items?categoryId=1142,236,26,9,80,12.83,8.475%,.13253,0.79,0.02,6134.9
GET /items?categoryId=1143,234,23,7,86,12.93,0.000%,.13140,0.84,0.02,6526.7
GET /items?categoryId=1144,303,16,6,117,11.18,0.000%,.17015,0.94,0.03,5645.4
GET /items?categoryId=1145,289,20,8,116,10.61,0.000%,.16229,1.03,0.03,6468.3
GET /items?categoryId=1146,290,20,5,246,27.50,6.897%,.16283,0.81,0.02,5071.7
GET /items?categoryId=1147,298,38,7,237,39.74,15.772%,.16734,0.96,0.02,5854.1
GET /items?categoryId=1148,330,20,5,60,12.34,12.121%,.18530,1.03,0.03,5667.2
GET /items?categoryId=1149,267,24,9,71,14.69,8.989%,.14992,0.90,0.02,6134.8
GET /items?categoryId=1150,260,22,9,54,9.83,6.923%,.14599,0.89,0.02,6218.8
GET /items?categoryId=1151,295,17,6,80,8.50,0.000%,.16564,1.03,0.03,6355.6
GET /items?categoryId=1152,271,22,6,164,30.52,0.000%,.15217,0.93,0.02,6284.6
GET /items?categoryId=1153,313,17,5,161,13.82,0.000%,.17575,0.91,0.03,5290.8
GET /items?categoryId=1154,284,22,6,132,21.54,5.282%,.15947,0.83,0.02,5356.8
GET /items?categoryId=1155,253,19,6,113,15.06,18.182%,.14206,0.67,0.02,4850.6
GET /items?categoryId=1156,350,22,5,127,18.34,11.143%,.19652,0.95,0.03,4950.2
GET /items?categoryId=1157,231,19,5,90,11.46,8.225%,.12970,0.77,0.02,6047.7
GET /items?categoryId=1158,306,25,7,87,11.05,4.575%,.17181,1.06,0.03,6320.2
GET /items?categoryId=1159,280,16,6,37,7.59,0.000%,.15723,0.94,0.03,6151.0
GET /items?categoryId=1160,283,19,6,122,18.86,0.000%,.15890,0.82,0.03,5278.2
GET /items?categoryId=1161,321,24,8,139,16.46,0.000%,.18025,1.14,0.03,6492.5
GET /items?categoryId=1162,288,20,6,113,15.27,5.556%,.16172,0.83,0.02,5257.8
GET /items?categoryId=1163,263,23,5,180,22.16,14.829%,.14768,0.73,0.02,5043.0
GET /items?categoryId=1164,313,24,8,78,14.85,12.460%,.17576,1.02,0.02,5951.0
GET /items?categoryId=1165,334,15,5,57,9.24,10.778%,.18755,1.01,0.03,5499.7
GET /items?categoryId=1166,296,22,8,107,16.72,8.784%,.16621,0.99,0.02,6120.4
GET /items?categoryId=1167,244,15,6,39,7.93,0.000%,.13702,0.76,0.02,5669.8
GET /items?categoryId=1168,250,21,7,176,23.00,0.000%,.14039,0.89,0.02,6499.0
GET /items?categoryId=1169,328,18,5,168,17.32,0.000%,.18418,1.04,0.03,5778.6
GET /items?categoryId=1170,306,21,5,280,35.18,4.902%,.17184,0.88,0.03,5247.2
GET /items?categoryId=1171,278,35,7,212,41.00,12.950%,.15612,0.91,0.02,5985.4
GET /items?categoryId=1172,256,17,5,170,17.73,12.109%,.14377,0.79,0.02,5597.2
GET /items?categoryId=1173,252,20,8,47,9.63,6.746%,.14152,0.86,0.02,6211.0
GET /items?categoryId=1174,296,14,5,55,7.46,0.000%,.16623,0.92,0.03,5670.4
GET /items?categoryId=1175,301,17,7,34,5.31,0.000%,.16904,1.07,0.03,6493.8
GET /items?categoryId=1176,312,14,4,96,7.95,0.000%,.17522,0.91,0.03,5302.5
GET /items?categoryId=1177,271,37,7,247,49.88,0.000%,.15220,0.97,0.02,6523.5
GET /items?categoryId=1178,295,31,4,230,46.71,8.136%,.16567,0.97,0.02,5964.8
GET /items?categoryId=1179,268,24,8,193,19.97,14.925%,.15052,0.86,0.02,5878.1
GET /items?categoryId=1180,235,21,7,57,11.72,8.936%,.13199,0.79,0.02,6127.5
GET /items?categoryId=1181,243,15,5,65,7.98,0.412%,.13648,0.80,0.02,5997.4
GET /items?categoryId=1182,241,14,5,36,6.57,0.000%,.13536,0.85,0.02,6402.4
GET /items?categoryId=1183,281,13,5,28,4.60,0.000%,.15783,0.84,0.03,5421.8
GET /items?categoryId=1184,248,14,5,42,7.38,0.000%,.13929,0.83,0.02,6105.6
GET /items?categoryId=1185,296,28,5,236,46.81,0.000%,.16625,0.94,0.03,5769.6
GET /items?categoryId=1186,265,39,7,191,41.22,10.566%,.14884,0.88,0.02,6064.5
GET /items?categoryId=1187,266,34,7,188,32.38,15.789%,.14941,0.85,0.02,5823.3
GET /items?categoryId=1188,241,17,5,57,10.60,12.448%,.13537,0.71,0.02,5353.1
GET /items?categoryId=1189,285,15,5,57,7.99,7.368%,.16008,0.95,0.02,6058.6
GET /items?categoryId=1190,268,20,8,82,9.76,0.000%,.15053,0.96,0.02,6498.9
GET /items?categoryId=1191,286,15,5,61,8.12,0.000%,.16065,0.88,0.03,5631.5
GET /items?categoryId=1192,234,19,8,39,6.39,0.000%,.13144,0.83,0.02,6503.3
GET /items?categoryId=1193,290,25,5,265,39.90,0.690%,.16290,0.89,0.03,5618.5
GET /items?categoryId=1194,267,36,6,196,46.75,11.610%,.14998,0.88,0.02,6011.3
GET /items?categoryId=1195,318,29,5,154,34.72,12.893%,.17862,0.94,0.02,5400.4
GET /items?categoryId=1196,277,26,4,110,30.07,6.498%,.15560,0.91,0.02,5993.1
GET /items?categoryId=1197,331,17,5,109,12.09,0.000%,.18594,1.07,0.03,5904.4
GET /items?categoryId=1198,278,21,8,51,9.35,0.000%,.15617,0.99,0.02,6499.5
GET /items?categoryId=1199,326,18,7,38,7.02,0.000%,.18314,1.16,0.03,6506.7
GET /items?categoryId=1200,209,13,5,32,5.61,0.000%,.11741,0.62,0.02,5420.1
GET /items?categoryId=1201,280,30,4,190,47.43,4.643%,.15729,0.90,0.02,5848.1
GET /items?categoryId=1202,335,26,5,217,41.09,13.134%,.18819,1.01,0.03,5517.2
GET /items?categoryId=1203,283,17,5,104,14.16,10.601%,.15898,0.89,0.02,5743.1
GET /items?categoryId=1204,212,16,5,40,8.56,0.000%,.11910,0.63,0.02,5375.8
GET /items?categoryId=1205,248,16,6,100,8.83,0.000%,.13933,0.72,0.02,5309.7
GET /items?categoryId=1206,274,14,5,32,6.03,0.000%,.15393,0.94,0.02,6228.1
GET /items?categoryId=1207,323,18,7,41,6.57,0.000%,.18147,1.15,0.03,6491.7
GET /items?categoryId=1208,268,16,5,179,19.05,1.493%,.15057,0.93,0.02,6305.5
GET /items?categoryId=1209,307,31,8,206,34.08,9.446%,.17248,1.03,0.02,6097.4
GET /items?categoryId=1210,257,19,4,224,17.55,14.786%,.14440,0.74,0.02,5258.7
GET /items?categoryId=1211,290,33,6,176,40.41,7.931%,.16293,0.98,0.02,6150.3
GET /items?categoryId=1212,286,21,5,161,24.42,0.000%,.16069,0.93,0.03,5909.6
GET /items?categoryId=1213,242,21,8,45,9.42,0.000%,.13598,0.86,0.02,6480.2
GET /items?categoryId=1214,355,15,5,51,7.69,0.000%,.19946,1.17,0.03,6001.5
GET /items?categoryId=1215,256,14,5,51,7.87,0.000%,.14384,0.89,0.02,6347.7
GET /items?categoryId=1216,214,30,8,211,42.08,2.336%,.12025,0.75,0.02,6404.9
GET /items?categoryId=1217,267,30,7,207,28.68,14.981%,.15003,0.86,0.02,5854.4
GET /items?categoryId=1218,246,25,10,227,23.54,13.415%,.13823,0.80,0.02,5928.1
GET /items?categoryId=1219,314,21,9,107,10.86,9.236%,.17644,1.06,0.03,6127.1
GET /items?categoryId=1220,245,19,5,103,14.81,0.000%,.13767,0.85,0.02,6355.8
GET /items?categoryId=1221,314,21,8,48,9.21,0.000%,.17645,1.11,0.03,6445.3
GET /items?categoryId=1222,310,16,5,37,7.27,0.000%,.17420,1.02,0.03,5990.7
GET /items?categoryId=1223,246,19,8,53,7.98,0.000%,.13824,0.88,0.02,6493.3
GET /items?categoryId=1224,337,21,9,99,12.89,0.000%,.18937,1.20,0.03,6482.4
GET /items?categoryId=1225,212,24,7,181,20.30,6.132%,.11913,0.72,0.02,6224.6
GET /items?categoryId=1226,335,32,5,189,40.96,13.433%,.18826,1.08,0.03,5849.6
GET /items?categoryId=1227,252,26,8,124,17.48,2.381%,.14161,0.89,0.02,6402.6
GET /items?categoryId=1228,278,24,5,177,33.28,0.000%,.15623,0.83,0.02,5407.6
GET /items?categoryId=1229,245,21,7,61,11.16,0.000%,.13769,0.87,0.02,6475.4
GET /items?categoryId=1230,302,23,7,54,11.42,0.000%,.16973,1.08,0.03,6502.6
GET /items?categoryId=1231,320,16,4,43,8.68,0.000%,.17985,0.99,0.03,5654.8
GET /items?categoryId=1232,271,21,9,90,15.55,2.214%,.15231,0.95,0.02,6414.2
GET /items?categoryId=1233,263,29,8,124,28.12,15.970%,.14782,0.85,0.02,5854.7
GET /items?categoryId=1234,350,27,5,160,33.43,11.143%,.19672,0.99,0.03,5170.7
GET /items?categoryId=1235,275,24,8,144,18.98,0.000%,.15457,0.98,0.02,6462.5
GET /items?categoryId=1236,284,24,8,153,18.19,0.000%,.15963,1.01,0.03,6495.8
GET /items?categoryId=1237,218,20,8,87,13.93,0.000%,.12253,0.78,0.02,6497.3
GET /items?categoryId=1238,354,12,5,38,5.67,0.000%,.19898,1.24,0.03,6363.2
GET /items?categoryId=1239,255,13,5,44,7.40,0.000%,.14334,0.73,0.02,5248.8
GET /items?categoryId=1240,272,19,7,98,9.72,1.471%,.15290,0.96,0.02,6438.9
GET /items?categoryId=1241,318,16,5,78,13.89,13.522%,.17876,0.87,0.02,4991.7
GET /items?categoryId=1242,321,26,8,186,22.47,11.838%,.18045,1.06,0.03,6005.9
GET /items?categoryId=1243,259,29,7,174,29.79,4.247%,.14559,0.90,0.02,6323.6
GET /items?categoryId=1244,331,18,5,65,11.79,0.000%,.18608,1.10,0.03,6029.1
GET /items?categoryId=1245,296,15,5,80,8.50,0.000%,.16641,1.01,0.03,6245.6
GET /items?categoryId=1246,322,14,5,59,9.33,0.000%,.18103,1.04,0.03,5894.8
GET /items?categoryId=1247,216,17,5,75,14.06,0.000%,.12144,0.71,0.02,5998.3
GET /items?categoryId=1248,265,13,5,55,7.42,0.000%,.14899,0.80,0.02,5503.0
GET /items?categoryId=1249,256,27,8,178,31.14,3.906%,.14393,0.89,0.02,6328.1
GET /items?categoryId=1250,307,34,7,243,43.63,13.029%,.17260,1.00,0.02,5952.6
GET /items?categoryId=1251,352,24,8,111,17.31,0.000%,.19792,1.25,0.03,6477.3
GET /items?categoryId=1252,262,21,8,137,12.62,0.000%,.14732,0.94,0.02,6505.2
GET /items?categoryId=1253,243,19,7,55,8.27,0.000%,.13664,0.87,0.02,6497.1
GET /items?categoryId=1254,275,12,5,29,5.24,0.000%,.15464,0.84,0.02,5540.3
GET /items?categoryId=1255,238,16,4,80,10.83,0.000%,.13383,0.69,0.02,5315.4
GET /items?categoryId=1256,261,19,8,49,8.64,0.000%,.14677,0.93,0.02,6497.0
GET /items?categoryId=1257,312,30,5,209,46.32,13.462%,.17545,0.89,0.02,5212.8
GET /items?categoryId=1258,240,33,7,227,30.16,7.917%,.13496,0.82,0.02,6208.5
GET /items?categoryId=1259,248,24,8,87,14.90,0.000%,.13947,0.88,0.02,6475.6
GET /items?categoryId=1260,321,21,8,66,10.54,0.000%,.18052,1.14,0.03,6489.4
GET /items?categoryId=1261,223,26,8,127,24.20,0.000%,.12542,0.80,0.02,6518.1
GET /items?categoryId=1262,286,22,7,128,21.41,0.000%,.16084,1.02,0.03,6492.4
GET /items?categoryId=1263,229,18,8,44,8.24,0.000%,.12879,0.81,0.02,6464.2
GET /items?categoryId=1264,343,13,5,43,6.41,0.000%,.19290,1.04,0.03,5505.1
GET /items?categoryId=1265,222,32,9,339,43.58,9.459%,.12486,0.75,0.02,6132.1
GET /items?categoryId=1266,332,26,5,187,34.81,12.952%,.18673,1.01,0.03,5550.1
GET /items?categoryId=1267,333,15,5,40,7.97,0.000%,.18730,1.08,0.03,5894.2
GET /items?categoryId=1268,283,14,5,33,6.75,0.000%,.15917,0.95,0.03,6114.7
GET /items?categoryId=1269,325,17,9,42,5.61,0.000%,.18280,1.16,0.03,6476.9
GET /items?categoryId=1270,266,14,5,52,8.33,0.000%,.14961,0.80,0.02,5497.5
GET /items?categoryId=1271,238,18,5,94,16.30,0.000%,.13387,0.83,0.02,6381.7
GET /items?categoryId=1272,286,16,5,215,15.60,0.000%,.16087,0.91,0.03,5766.6
GET /items?categoryId=1273,280,16,5,122,11.29,6.071%,.15749,0.84,0.02,5453.8
GET /items?categoryId=1274,318,22,5,148,24.86,11.635%,.17886,0.88,0.03,5040.3
GET /items?categoryId=1275,206,22,7,134,12.15,3.398%,.11587,0.72,0.02,6340.7
GET /items?categoryId=1276,263,15,5,40,8.26,0.000%,.14793,0.90,0.02,6259.9
GET /items?categoryId=1277,301,19,9,40,7.73,0.000%,.16931,1.07,0.03,6499.9
GET /items?categoryId=1278,258,19,8,40,7.19,0.000%,.14513,0.92,0.02,6470.1
GET /items?categoryId=1279,324,12,5,32,4.12,0.000%,.18225,1.13,0.03,6366.2
GET /items?categoryId=1280,224,35,7,224,49.88,0.000%,.12600,0.80,0.02,6501.8
GET /items?categoryId=1281,235,23,9,194,24.15,0.000%,.13219,0.84,0.02,6478.1
GET /items?categoryId=1282,314,26,5,344,52.23,7.643%,.17663,0.97,0.03,5637.1
GET /items?categoryId=1283,289,25,6,194,42.01,6.574%,.16256,0.86,0.02,5446.9
GET /items?categoryId=1284,215,17,6,72,10.17,0.000%,.12095,0.70,0.02,5885.5
GET /items?categoryId=1285,256,20,7,45,7.27,0.000%,.14401,0.91,0.02,6490.3
GET /items?categoryId=1286,250,13,6,29,4.45,0.000%,.14064,0.81,0.02,5861.9
GET /items?categoryId=1287,264,18,8,36,5.33,0.000%,.14851,0.94,0.02,6496.7
GET /items?categoryId=1288,234,20,8,198,24.67,0.000%,.13164,0.83,0.02,6485.8
GET /items?categoryId=1289,315,18,6,126,20.20,0.000%,.17720,0.95,0.03,5506.1
GET /items?categoryId=1290,315,26,8,268,35.38,1.587%,.17720,1.11,0.03,6435.3
GET /items?categoryId=1291,314,27,5,201,38.12,10.828%,.17664,0.87,0.03,5070.1
GET /items?categoryId=1292,232,26,8,135,25.56,0.000%,.13051,0.83,0.02,6517.7
GET /items?categoryId=1293,327,16,5,95,12.47,0.000%,.18396,1.08,0.03,5986.3
GET /items?categoryId=1294,329,19,9,39,6.82,0.000%,.18509,1.18,0.03,6508.7
GET /items?categoryId=1295,229,26,8,228,36.81,0.000%,.12883,0.82,0.02,6498.7
GET /items?categoryId=1296,331,14,5,48,8.90,0.000%,.18622,1.02,0.03,5619.9
GET /items?categoryId=1297,235,20,7,49,8.93,0.000%,.13221,0.84,0.02,6504.4
GET /items?categoryId=1298,302,14,5,58,8.07,0.000%,.16990,0.92,0.03,5546.2
GET /items?categoryId=1299,302,27,5,205,38.73,8.609%,.16991,0.87,0.02,5250.7
GET /items?categoryId=1300,302,28,7,193,33.93,0.000%,.16990,1.08,0.03,6506.8
GET /items?categoryId=1301,258,16,4,46,9.93,0.000%,.14516,0.80,0.02,5647.4
GET /items?categoryId=1302,358,14,4,218,14.73,0.000%,.20143,1.20,0.03,6091.2
GET /items?categoryId=1303,309,17,5,91,13.44,0.000%,.17386,0.98,0.03,5781.7
GET /items?categoryId=1304,265,20,5,95,18.75,0.000%,.14911,0.91,0.02,6244.2
GET /items?categoryId=1305,274,15,5,67,11.27,0.000%,.15418,0.85,0.02,5657.1
GET /items?categoryId=1306,334,19,7,129,11.31,1.497%,.18794,1.18,0.03,6446.4
GET /items?categoryId=1307,303,29,7,174,31.01,9.571%,.17050,1.02,0.02,6115.2
GET /items?categoryId=1308,314,19,5,114,17.93,0.000%,.17670,1.03,0.03,5988.3
GET /items?categoryId=1309,242,17,4,83,14.11,0.000%,.13619,0.75,0.02,5612.6
GET /items?categoryId=1310,273,28,7,254,44.05,0.000%,.15363,0.97,0.02,6476.8
GET /items?categoryId=1311,309,14,5,41,7.99,0.000%,.17389,0.94,0.03,5541.2
GET /items?categoryId=1312,259,17,5,64,11.23,0.000%,.14576,0.80,0.02,5651.6
GET /items?categoryId=1313,322,26,8,172,30.43,0.000%,.18122,1.15,0.03,6476.1
GET /items?categoryId=1314,269,30,7,165,37.34,0.000%,.15140,0.96,0.02,6475.8
GET /items?categoryId=1315,259,33,8,230,47.84,8.880%,.14576,0.87,0.02,6129.4
GET /items?categoryId=1316,345,21,5,149,24.39,0.000%,.19418,1.16,0.03,6138.8
GET /items?categoryId=1317,322,17,5,192,20.18,0.000%,.18124,1.04,0.03,5886.1
GET /items?categoryId=1318,239,21,8,61,12.89,0.000%,.13453,0.85,0.02,6465.7
GET /items?categoryId=1319,296,14,5,54,6.89,0.000%,.16661,0.92,0.03,5631.9
GET /items?categoryId=1320,318,15,4,58,10.06,0.000%,.17900,1.12,0.03,6379.4
GET /items?categoryId=1321,326,17,5,147,17.75,0.000%,.18349,1.10,0.03,6137.4
GET /items?categoryId=1322,272,16,5,66,8.87,0.000%,.15311,0.83,0.02,5518.7
GET /items?categoryId=1323,245,19,5,183,24.48,1.633%,.13792,0.80,0.02,5956.1
GET /items?categoryId=1324,320,19,5,154,21.06,0.000%,.18014,1.00,0.03,5679.9
GET /items?categoryId=1325,321,16,5,52,8.47,0.000%,.18070,0.99,0.03,5637.9
GET /items?categoryId=1326,299,20,8,48,8.46,0.000%,.16832,1.07,0.03,6495.0
GET /items?categoryId=1327,263,18,8,47,7.27,0.000%,.14806,0.94,0.02,6498.8
GET /items?categoryId=1328,262,26,6,256,53.58,0.000%,.14750,0.80,0.02,5531.8
GET /items?categoryId=1329,346,22,7,116,17.09,0.000%,.19480,1.23,0.03,6485.0
GET /items?categoryId=1330,231,15,5,68,11.46,2.597%,.13006,0.66,0.02,5225.0
GET /items?categoryId=1331,222,20,5,69,16.18,12.162%,.12500,0.68,0.02,5573.2
GET /items?categoryId=1332,283,29,8,186,28.99,2.827%,.15934,0.99,0.02,6350.5
GET /items?categoryId=1333,331,26,8,187,16.93,0.000%,.18637,1.18,0.03,6493.2
GET /items?categoryId=1334,338,15,5,57,8.72,0.000%,.19031,0.99,0.03,5316.5
GET /items?categoryId=1335,229,24,7,187,28.44,0.000%,.12894,0.82,0.02,6481.7
GET /items?categoryId=1336,256,16,4,72,13.28,0.000%,.14416,0.84,0.02,5995.6
GET /items?categoryId=1337,358,15,5,65,8.69,0.000%,.20160,1.15,0.03,5865.6
GET /items?categoryId=1338,278,15,6,43,7.37,0.000%,.15656,0.98,0.02,6383.5
GET /items?categoryId=1339,200,19,5,192,28.13,1.500%,.11263,0.60,0.02,5487.8
GET /items?categoryId=1340,330,22,5,222,28.66,0.000%,.18584,1.12,0.03,6147.0
GET /items?categoryId=1341,237,29,5,210,40.49,0.000%,.13347,0.78,0.02,5992.8
GET /items?categoryId=1342,264,23,4,207,31.08,0.000%,.14868,0.89,0.02,6128.2
GET /items?categoryId=1343,272,16,4,56,8.72,0.000%,.15320,0.87,0.02,5785.5
GET /items?categoryId=1344,201,15,5,56,8.59,0.000%,.11321,0.64,0.02,5774.5
GET /items?categoryId=1345,290,13,5,31,4.96,0.000%,.16334,0.84,0.03,5279.8
GET /items?categoryId=1346,302,20,8,54,7.73,0.000%,.17010,1.08,0.03,6494.1
GET /items?categoryId=1347,233,20,8,49,9.57,0.000%,.13124,0.83,0.02,6488.1
GET /items?categoryId=1348,196,22,8,151,16.16,0.000%,.11040,0.70,0.02,6508.2
GET /items?categoryId=1349,325,19,5,205,27.77,0.000%,.18305,1.07,0.03,5993.5
GET /items?categoryId=1350,280,22,5,175,26.15,0.000%,.15772,0.98,0.03,6382.2
GET /items?categoryId=1351,226,18,5,95,12.31,0.000%,.12730,0.66,0.02,5285.6
GET /items?categoryId=1352,304,15,5,47,8.06,0.000%,.17125,0.90,0.03,5401.7
GET /items?categoryId=1353,298,14,5,39,6.41,0.000%,.16787,0.86,0.03,5268.0
GET /items?categoryId=1354,312,13,6,40,5.32,0.000%,.17576,0.97,0.03,5650.4
GET /items?categoryId=1355,324,14,5,36,5.67,0.000%,.18252,1.11,0.03,6224.7
GET /items?categoryId=1356,242,17,7,43,5.19,0.000%,.13632,0.86,0.02,6483.1
GET /items?categoryId=1357,315,21,8,141,14.13,0.000%,.17744,1.13,0.03,6494.4
GET /items?categoryId=1358,326,19,5,250,24.43,0.000%,.18364,1.01,0.03,5658.9
GET /items?categoryId=1359,240,25,5,104,24.13,0.000%,.13520,0.78,0.02,5900.9
GET /items?categoryId=1360,239,17,5,98,14.91,0.000%,.13464,0.84,0.02,6362.4
GET /items?categoryId=1361,307,15,5,68,7.75,0.000%,.17295,0.91,0.03,5415.0
GET /items?categoryId=1362,313,19,8,40,6.61,0.000%,.17633,1.12,0.03,6495.7
GET /items?categoryId=1363,324,20,8,241,18.54,0.000%,.18253,1.16,0.03,6522.7
GET /items?categoryId=1364,277,14,5,84,9.42,0.000%,.15606,0.86,0.02,5670.2
GET /items?categoryId=1365,320,27,7,276,40.74,0.000%,.18028,1.15,0.03,6508.4
GET /items?categoryId=1366,293,25,8,214,25.75,0.000%,.16507,1.04,0.03,6463.3
GET /items?categoryId=1367,299,22,8,104,9.26,0.000%,.16845,1.07,0.03,6487.6
GET /items?categoryId=1368,298,14,5,111,9.57,0.000%,.16789,0.92,0.03,5629.8
GET /items?categoryId=1369,324,15,5,77,7.14,0.000%,.18253,1.09,0.03,6113.3
GET /items?categoryId=1370,224,23,9,239,21.05,0.000%,.12620,0.80,0.02,6511.0
GET /items?categoryId=1371,291,23,5,228,39.26,0.000%,.16395,0.90,0.03,5627.6
GET /items?categoryId=1372,272,16,5,208,22.12,0.000%,.15325,0.79,0.02,5300.6
GET /items?categoryId=1373,268,16,5,43,8.96,0.000%,.15099,0.83,0.02,5658.6
GET /items?categoryId=1374,301,20,5,185,25.52,0.000%,.16959,0.96,0.03,5771.8
GET /items?categoryId=1375,308,19,5,145,20.98,0.000%,.17353,1.06,0.03,6239.7
GET /items?categoryId=1376,253,20,7,51,8.73,0.000%,.14255,0.91,0.02,6505.2
GET /items?categoryId=1377,344,24,7,161,22.17,0.000%,.19383,1.23,0.03,6490.6
GET /items?categoryId=1378,267,27,7,137,16.02,0.000%,.15044,0.95,0.02,6477.7
GET /items?categoryId=1379,255,25,8,58,11.30,0.000%,.14368,0.91,0.02,6460.1
GET /items?categoryId=1380,284,21,9,93,7.76,0.000%,.16003,1.01,0.03,6472.2
GET /items?categoryId=1381,340,25,5,202,41.61,0.000%,.19158,1.19,0.03,6345.7
GET /items?categoryId=1382,269,23,5,156,31.50,0.000%,.15158,0.85,0.02,5748.2
GET /items?categoryId=1383,299,25,8,163,17.05,0.000%,.16848,1.07,0.03,6503.9
GET /items?categoryId=1384,288,15,5,67,10.32,0.000%,.16229,0.90,0.03,5658.4
GET /items?categoryId=1385,261,22,9,65,10.69,0.000%,.14707,0.93,0.02,6497.3
GET /items?categoryId=1386,280,19,5,118,15.51,0.000%,.15779,0.96,0.03,6243.7
GET /items?categoryId=1387,319,17,6,67,8.69,0.000%,.17977,1.05,0.03,5989.9
GET /items?categoryId=1388,258,16,6,48,8.54,0.000%,.14539,0.85,0.02,6014.6
GET /items?categoryId=1389,259,17,5,168,12.33,0.000%,.14595,0.87,0.02,6103.5
GET /items?categoryId=1390,355,28,8,169,21.42,0.000%,.20005,1.27,0.03,6502.3
GET /items?categoryId=1391,298,19,5,132,12.85,0.000%,.16793,0.93,0.03,5677.4
GET /items?categoryId=1392,223,17,5,66,11.63,0.000%,.12567,0.73,0.02,5921.3
GET /items?categoryId=1393,320,22,8,72,10.59,0.000%,.18033,1.14,0.03,6481.6
GET /items?categoryId=1394,262,20,8,43,6.64,0.000%,.14766,0.93,0.02,6482.7
GET /items?categoryId=1395,314,41,8,172,43.79,0.000%,.17696,1.12,0.03,6452.7
GET /items?categoryId=1396,268,15,5,53,7.16,0.000%,.15103,0.83,0.02,5615.1
GET /items?categoryId=1397,276,18,5,205,15.72,0.000%,.15555,0.84,0.02,5543.3
GET /items?categoryId=1398,294,16,5,169,12.15,0.000%,.16569,0.89,0.03,5524.4
GET /items?categoryId=1399,264,19,6,144,17.38,0.000%,.14879,0.92,0.02,6353.1
GET /items?categoryId=1400,220,21,9,54,9.50,0.000%,.12400,0.79,0.02,6556.0
GET /items?categoryId=1401,301,23,9,112,16.26,0.000%,.16965,1.08,0.03,6498.7
GET /items?categoryId=1402,275,16,5,56,8.78,0.000%,.15500,0.91,0.02,6043.1
GET /items?categoryId=1403,323,19,8,183,10.69,0.000%,.18206,1.15,0.03,6496.0
GET /items?categoryId=1404,255,16,5,60,9.90,0.000%,.14373,0.83,0.02,5904.5
GET /items?categoryId=1405,234,23,7,141,16.43,0.000%,.13190,0.83,0.02,6479.5
GET /items?categoryId=1406,301,25,9,163,20.05,0.000%,.16966,1.08,0.03,6489.3
GET /items?categoryId=1407,264,28,8,161,25.52,0.000%,.14880,0.94,0.02,6480.6
GET /items?categoryId=1408,324,23,8,107,16.39,0.000%,.18263,1.16,0.03,6498.3
GET /items?categoryId=1409,221,18,8,40,6.88,0.000%,.12458,0.79,0.02,6480.4
GET /items?categoryId=1410,311,19,8,42,6.74,0.000%,.17531,1.11,0.03,6510.0
GET /items?categoryId=1411,257,28,8,178,34.88,0.000%,.14487,0.91,0.02,6466.7
GET /items?categoryId=1412,226,23,5,158,33.08,0.000%,.12740,0.74,0.02,5919.2
GET /items?categoryId=1413,317,17,8,99,6.54,0.000%,.17869,1.13,0.03,6476.1
GET /items?categoryId=1414,280,14,5,128,12.57,0.000%,.15784,0.81,0.03,5279.8
GET /items?categoryId=1415,297,15,5,99,11.94,0.000%,.16743,0.98,0.03,5986.7
GET /items?categoryId=1416,256,19,8,65,9.38,0.000%,.14431,0.92,0.02,6544.2
GET /items?categoryId=1417,340,20,8,100,12.74,0.000%,.19167,1.21,0.03,6475.1
GET /items?categoryId=1418,238,12,5,56,5.56,0.000%,.13418,0.70,0.02,5311.4
GET /items?categoryId=1419,308,19,9,73,9.16,0.000%,.17364,1.10,0.03,6469.5
GET /items?categoryId=1420,269,18,8,41,6.73,0.000%,.15166,0.96,0.02,6494.9
GET /items?categoryId=1421,301,20,8,105,12.33,0.000%,.16969,1.08,0.03,6512.3
GET /items?categoryId=1422,304,19,8,159,17.80,0.000%,.17139,1.08,0.03,6470.0
GET /items?categoryId=1423,250,14,5,121,11.22,0.000%,.14095,0.72,0.02,5260.0
GET /items?categoryId=1424,230,17,5,78,12.94,0.000%,.12969,0.76,0.02,5996.0
GET /items?categoryId=1425,344,13,5,35,6.04,0.000%,.19395,1.14,0.03,6025.3
GET /items?categoryId=1426,225,12,5,50,5.35,0.000%,.12686,0.65,0.02,5259.0
GET /items?categoryId=1427,213,14,5,76,9.85,0.000%,.12010,0.70,0.02,6008.9
GET /items?categoryId=1428,308,13,5,51,6.04,0.000%,.17366,1.01,0.03,5984.4
GET /items?categoryId=1429,262,13,6,46,4.83,0.000%,.14773,0.78,0.02,5401.7
GET /items?categoryId=1430,261,14,5,125,15.64,0.000%,.14716,0.81,0.02,5649.8
GET /items?categoryId=1431,258,18,5,199,23.03,0.000%,.14547,0.89,0.02,6242.4
GET /items?categoryId=1432,251,24,8,221,19.33,0.000%,.14154,0.90,0.02,6513.2
GET /items?categoryId=1433,271,27,8,219,27.24,0.000%,.15282,0.97,0.02,6508.9
GET /items?categoryId=1434,284,21,8,72,10.32,0.000%,.16014,1.01,0.03,6483.6
GET /items?categoryId=1435,239,14,5,62,8.45,0.000%,.13478,0.82,0.02,6249.1
GET /items?categoryId=1436,298,21,8,71,12.46,0.000%,.16805,1.06,0.03,6475.6
GET /items?categoryId=1437,258,17,4,71,12.29,0.000%,.14549,0.75,0.02,5308.2
GET /items?categoryId=1438,344,24,8,208,31.20,0.000%,.19399,1.23,0.03,6474.5
GET /items?categoryId=1439,282,25,9,175,17.68,0.000%,.15903,1.01,0.03,6506.4
GET /items?categoryId=1440,313,25,7,259,29.61,0.000%,.17653,1.11,0.03,6466.8
GET /items?categoryId=1441,258,22,9,70,11.29,0.000%,.14551,0.92,0.02,6476.5
GET /items?categoryId=1442,340,25,9,125,19.82,0.000%,.19176,1.22,0.03,6492.5
GET /items?categoryId=1443,243,14,5,62,10.23,0.000%,.13705,0.78,0.02,5800.6
GET /items?categoryId=1444,299,30,9,212,44.51,0.000%,.16865,1.07,0.03,6502.0
GET /items?categoryId=1445,225,22,8,187,20.90,0.000%,.12691,0.81,0.02,6511.1
GET /items?categoryId=1446,300,23,8,105,15.02,0.000%,.16923,1.07,0.03,6480.6
GET /items?categoryId=1447,230,16,6,128,12.47,0.000%,.12974,0.73,0.02,5738.4
GET /items?categoryId=1448,225,26,5,212,38.87,0.000%,.12692,0.78,0.02,6263.8
GET /items?categoryId=1449,233,17,5,55,11.47,0.000%,.13143,0.68,0.02,5261.8
GET /items?categoryId=1450,264,21,8,66,9.98,0.000%,.14893,0.94,0.02,6484.5
GET /items?categoryId=1451,320,24,8,227,20.97,0.000%,.18052,1.14,0.03,6468.0
GET /items?categoryId=1452,327,27,8,237,33.96,0.000%,.18447,1.17,0.03,6495.2
GET /items?categoryId=1453,196,20,8,58,9.17,0.000%,.11058,0.70,0.02,6493.9
GET /items?categoryId=1454,312,13,5,49,6.12,0.000%,.17602,1.09,0.03,6363.7
GET /items?categoryId=1455,310,20,5,92,22.68,0.000%,.17490,1.00,0.03,5862.0
GET /items?categoryId=1456,251,22,5,241,36.74,0.000%,.14161,0.88,0.02,6388.1
GET /items?categoryId=1457,296,23,8,204,14.49,0.000%,.16700,1.06,0.03,6503.6
GET /items?categoryId=1458,349,13,5,57,5.59,0.000%,.19691,1.21,0.03,6270.1
GET /items?categoryId=1459,321,20,8,57,9.12,0.000%,.18111,1.15,0.03,6487.4
GET /items?categoryId=1460,230,25,5,125,28.38,0.000%,.12977,0.81,0.02,6355.5
GET /items?categoryId=1461,249,22,9,103,13.31,0.000%,.14050,0.89,0.02,6513.6
GET /items?categoryId=1462,255,24,8,124,25.81,0.000%,.14388,0.91,0.02,6508.2
GET /items?categoryId=1463,358,25,8,222,28.93,0.000%,.20200,1.28,0.03,6463.4
GET /items?categoryId=1464,263,31,9,221,35.93,0.000%,.14841,0.94,0.02,6492.6
GET /items?categoryId=1465,297,20,5,149,19.57,0.000%,.16760,0.94,0.03,5757.3
GET /items?categoryId=1466,346,15,5,166,12.79,0.000%,.19525,1.15,0.03,6021.6
GET /items?categoryId=1467,243,20,5,90,18.19,0.000%,.13714,0.84,0.02,6281.1
GET /items?categoryId=1468,219,18,5,64,13.06,0.000%,.12359,0.70,0.02,5793.5
GET /items?categoryId=1469,313,15,5,125,8.78,0.000%,.17665,0.99,0.03,5743.7
GET /items?categoryId=1470,281,20,8,52,7.74,0.000%,.15859,1.01,0.03,6507.7
GET /items?categoryId=1471,318,17,5,244,15.84,0.000%,.17947,0.99,0.03,5640.4
GET /items?categoryId=1472,211,22,7,61,11.94,0.000%,.11909,0.75,0.02,6482.9
GET /items?categoryId=1473,322,24,8,188,22.13,0.000%,.18173,1.15,0.03,6481.8
GET /items?categoryId=1474,312,15,5,90,8.54,0.000%,.17610,1.02,0.03,5925.6
GET /items?categoryId=1475,217,15,5,47,6.79,0.000%,.12249,0.76,0.02,6348.4
GET /items?categoryId=1476,258,23,8,74,12.59,0.000%,.14562,0.92,0.02,6480.9
GET /items?categoryId=1477,179,15,4,51,7.33,0.000%,.10103,0.56,0.02,5664.4
GET /items?categoryId=1478,281,24,10,143,17.71,0.000%,.15861,1.01,0.03,6514.5
GET /items?categoryId=1479,269,22,9,141,12.53,0.000%,.15184,0.96,0.02,6501.7
GET /items?categoryId=1480,322,26,8,222,26.44,0.000%,.18175,1.15,0.03,6501.2
GET /items?categoryId=1481,242,15,5,61,9.12,0.000%,.13660,0.72,0.02,5401.7
GET /items?categoryId=1482,309,25,8,155,23.33,0.000%,.17443,1.11,0.03,6532.1
GET /items?categoryId=1483,242,31,7,153,29.99,0.000%,.13662,0.87,0.02,6523.1
GET /items?categoryId=1484,328,21,7,94,10.88,0.000%,.18514,1.17,0.03,6491.6
GET /items?categoryId=1485,244,14,6,40,6.45,0.000%,.13774,0.72,0.02,5323.0
GET /items?categoryId=1486,260,15,5,45,6.83,0.000%,.14677,0.79,0.02,5521.2
GET /items?categoryId=1487,353,21,6,257,33.78,0.000%,.19927,1.10,0.03,5639.0
GET /items?categoryId=1488,271,23,11,154,16.01,0.000%,.15298,0.97,0.02,6505.6
GET /items?categoryId=1489,261,27,9,159,24.06,0.000%,.14734,0.93,0.02,6487.8
GET /items?categoryId=1490,241,21,8,55,8.36,0.000%,.13606,0.87,0.02,6514.0
GET /items?categoryId=1491,293,22,9,163,16.42,0.000%,.16542,1.05,0.03,6512.9
GET /items?categoryId=1492,229,20,9,41,6.38,0.000%,.12929,0.82,0.02,6501.9
GET /items?categoryId=1493,287,13,5,41,5.91,0.000%,.16203,0.84,0.03,5289.5
GET /items?categoryId=1494,367,15,5,92,7.83,0.000%,.20719,1.15,0.03,5684.7
GET /items?categoryId=1495,331,20,6,105,14.73,0.000%,.18686,1.14,0.03,6260.5
GET /items?categoryId=1496,302,22,10,202,16.00,0.000%,.17049,1.08,0.03,6489.0
GET /items?categoryId=1497,262,22,8,198,16.24,0.000%,.14792,0.94,0.02,6484.3
GET /items?categoryId=1498,284,23,8,90,16.77,0.000%,.16035,1.02,0.03,6481.8
GET /items?categoryId=1499,288,20,8,93,8.44,0.000%,.16261,1.03,0.03,6493.6
GET /items?categoryId=1500,300,15,5,108,12.77,0.000%,.16939,0.94,0.03,5672.3
GET /items?categoryId=1501,248,15,5,222,26.37,0.000%,.14003,0.87,0.02,6350.7
GET /items?categoryId=1502,223,28,5,222,42.77,0.000%,.12592,0.66,0.02,5382.3
GET /items?categoryId=1503,276,18,5,150,17.80,0.000%,.15584,0.95,0.02,6227.6
GET /items?categoryId=1504,321,32,7,206,41.41,0.000%,.18125,1.15,0.03,6505.9
GET /items?categoryId=1505,309,16,5,101,12.41,0.000%,.17448,0.96,0.03,5638.2
GET /items?categoryId=1506,306,14,5,64,6.52,0.000%,.17279,0.97,0.03,5774.1
GET /items?categoryId=1507,316,21,9,48,6.76,0.000%,.17844,1.13,0.03,6505.6
GET /items?categoryId=1508,232,17,6,137,15.54,0.000%,.13100,0.72,0.02,5653.2
GET /items?categoryId=1509,229,29,9,215,38.58,0.000%,.12932,0.83,0.02,6546.6
GET /items?categoryId=1510,228,23,8,242,26.75,0.000%,.12875,0.82,0.02,6494.3
GET /items?categoryId=1511,284,24,9,108,16.42,0.000%,.16037,1.02,0.03,6540.2
GET /items?categoryId=1512,263,21,8,172,15.04,0.000%,.14851,0.94,0.02,6507.9
GET /items?categoryId=1513,292,23,8,56,9.44,0.000%,.16491,1.05,0.03,6496.5
GET /items?categoryId=1514,305,13,5,38,5.61,0.000%,.17225,0.91,0.03,5403.9
GET /items?categoryId=1515,291,15,6,78,9.09,0.000%,.16434,1.02,0.03,6362.9
GET /items?categoryId=1516,321,14,5,109,7.94,0.000%,.18129,1.10,0.03,6235.5
GET /items?categoryId=1517,287,26,8,266,29.15,0.000%,.16208,1.03,0.03,6527.9
GET /items?categoryId=1518,322,16,5,257,16.40,0.000%,.18184,1.06,0.03,5987.8
GET /items?categoryId=1519,255,14,5,47,6.87,0.000%,.14401,0.76,0.02,5398.9
GET /items?categoryId=1520,241,31,8,206,39.81,0.000%,.13610,0.86,0.02,6485.6
GET /items?categoryId=1521,253,17,5,161,14.93,0.000%,.14289,0.86,0.02,6138.8
GET /items?categoryId=1522,269,22,9,50,8.94,0.000%,.15193,0.96,0.02,6498.7
GET /items?categoryId=1523,278,19,8,38,5.54,0.000%,.15701,1.00,0.02,6509.5
GET /items?categoryId=1524,270,16,5,86,11.11,0.000%,.15249,0.83,0.02,5569.7
GET /items?categoryId=1525,316,24,8,220,16.12,0.000%,.17847,1.13,0.03,6491.0
GET /items?categoryId=1526,263,27,9,109,17.60,0.000%,.14854,0.94,0.02,6476.5
GET /items?categoryId=1527,298,25,8,201,26.42,0.000%,.16831,1.06,0.03,6460.4
GET /items?categoryId=1528,328,26,9,203,33.17,0.000%,.18526,1.18,0.03,6520.4
GET /items?categoryId=1529,209,15,6,48,7.68,0.000%,.11806,0.66,0.02,5756.8
GET /items?categoryId=1530,322,21,8,192,13.41,0.000%,.18189,1.15,0.03,6473.3
GET /items?categoryId=1531,250,14,4,26,5.04,0.000%,.14122,0.81,0.02,5905.4
GET /items?categoryId=1532,268,19,9,38,5.67,0.000%,.15139,0.96,0.02,6462.6
GET /items?categoryId=1533,238,28,8,216,36.90,0.000%,.13445,0.85,0.02,6498.8
GET /items?categoryId=1534,340,24,9,148,15.39,0.000%,.19206,1.21,0.03,6464.2
GET /items?categoryId=1535,328,23,9,201,15.23,0.000%,.18528,1.17,0.03,6481.6
GET /items?categoryId=1536,308,17,6,44,8.68,0.000%,.17399,0.90,0.03,5291.4
GET /items?categoryId=1537,277,20,8,41,6.64,0.000%,.15648,0.99,0.02,6483.7
GET /items?categoryId=1538,314,20,5,264,23.05,0.000%,.17739,0.91,0.03,5266.6
GET /items?categoryId=1539,237,16,5,37,7.23,0.000%,.13389,0.71,0.02,5411.1
GET /items?categoryId=1540,255,16,5,211,21.68,0.000%,.14406,0.85,0.02,6032.1
GET /items?categoryId=1541,260,20,9,42,5.76,0.000%,.14688,0.93,0.02,6506.1
GET /items?categoryId=1542,307,26,8,195,27.57,0.000%,.17344,1.10,0.03,6521.7
GET /items?categoryId=1543,338,35,10,180,42.31,0.000%,.19095,1.21,0.03,6489.6
GET /items?categoryId=1544,289,17,7,60,8.04,0.000%,.16327,1.01,0.03,6357.3
GET /items?categoryId=1545,209,27,5,202,42.35,0.000%,.11808,0.72,0.02,6226.8
GET /items?categoryId=1546,362,16,6,166,10.01,0.000%,.20453,1.06,0.03,5306.5
GET /items?categoryId=1547,302,17,6,261,16.00,0.000%,.17063,0.98,0.03,5908.3
GET /items?categoryId=1548,249,23,8,113,12.77,0.000%,.14068,0.89,0.02,6494.9
GET /items?categoryId=1549,302,14,5,40,5.91,0.000%,.17062,1.00,0.03,6016.5
GET /items?categoryId=1550,225,22,8,111,10.98,0.000%,.12712,0.81,0.02,6489.3
GET /items?categoryId=1551,298,25,9,207,20.98,0.000%,.16836,1.07,0.03,6500.7
GET /items?categoryId=1552,298,28,8,112,24.85,0.000%,.16837,1.07,0.03,6511.1
GET /items?categoryId=1553,304,22,9,199,16.29,0.000%,.17176,1.09,0.03,6500.5
GET /items?categoryId=1554,302,27,9,236,28.00,0.000%,.17063,1.08,0.03,6489.0
GET /items?categoryId=1555,347,15,5,45,7.64,0.000%,.19606,1.06,0.03,5520.4
GET /items?categoryId=1556,330,15,5,95,7.97,0.000%,.18645,1.00,0.03,5514.3
GET /items?categoryId=1557,247,15,6,67,6.31,0.000%,.13956,0.83,0.02,6113.2
GET /items?categoryId=1558,278,22,8,132,15.75,0.000%,.15707,1.00,0.03,6489.0
GET /items?categoryId=1559,316,16,5,85,8.96,0.000%,.17854,1.12,0.03,6397.2
GET /items?categoryId=1560,234,16,6,138,18.41,0.000%,.13222,0.77,0.02,5972.9
GET /items?categoryId=1561,231,20,5,124,18.81,0.000%,.13052,0.67,0.02,5265.8
GET /items?categoryId=1562,280,27,9,271,34.45,0.000%,.15822,1.01,0.03,6521.5
GET /items?categoryId=1563,324,15,5,54,7.79,0.000%,.18307,1.07,0.03,5992.1
GET /items?categoryId=1564,204,20,8,55,5.58,0.000%,.11527,0.73,0.02,6511.4
GET /items?categoryId=1565,263,16,6,44,7.37,0.000%,.14860,0.91,0.02,6240.5
GET /items?categoryId=1566,258,14,6,37,5.71,0.000%,.14579,0.77,0.02,5417.9
GET /items?categoryId=1567,243,29,6,232,51.17,0.000%,.13731,0.71,0.02,5310.7
GET /items?categoryId=1568,340,26,4,242,44.53,0.000%,.19211,1.02,0.03,5425.2
GET /items?categoryId=1569,227,35,5,223,45.22,0.000%,.12828,0.69,0.02,5533.8
GET /items?categoryId=1570,325,26,9,268,27.10,0.000%,.18365,1.16,0.03,6463.9
GET /items?categoryId=1571,317,18,5,83,10.42,0.000%,.17913,1.11,0.03,6355.7
GET /items?categoryId=1572,242,20,6,56,11.89,0.000%,.13676,0.79,0.02,5898.7
GET /items?categoryId=1573,301,23,9,104,11.78,0.000%,.17010,1.08,0.03,6518.5
GET /items?categoryId=1574,329,31,10,218,26.23,0.000%,.18593,1.18,0.03,6521.7
GET /items?categoryId=1575,247,18,4,55,10.75,0.000%,.13960,0.75,0.02,5523.0
GET /items?categoryId=1576,280,20,5,65,11.39,0.000%,.15825,0.98,0.03,6362.2
GET /items?categoryId=1577,295,31,9,230,28.17,0.000%,.16673,1.05,0.03,6471.7
GET /items?categoryId=1578,303,18,6,165,13.79,0.000%,.17126,1.05,0.03,6267.6
GET /items?categoryId=1579,267,17,5,79,10.14,0.000%,.15091,0.90,0.02,6116.4
GET /items?categoryId=1580,286,25,8,87,15.49,0.000%,.16165,1.03,0.03,6513.5
GET /items?categoryId=1581,296,29,6,313,51.71,0.000%,.16730,0.92,0.03,5632.3
GET /items?categoryId=1582,351,22,5,120,21.79,0.000%,.19842,1.07,0.03,5502.8
GET /items?categoryId=1583,229,22,6,159,18.18,0.000%,.12946,0.81,0.02,6382.9
GET /items?categoryId=1584,270,40,9,251,44.56,0.000%,.15264,0.97,0.02,6511.9
GET /items?categoryId=1585,339,26,8,131,17.10,0.000%,.19165,1.21,0.03,6490.2
GET /items?categoryId=1586,350,30,9,292,37.58,0.000%,.19787,1.25,0.03,6489.6
GET /items?categoryId=1587,235,25,9,294,26.64,0.000%,.13286,0.85,0.02,6513.1
GET /items?categoryId=1588,240,30,9,124,25.46,0.000%,.13570,0.86,0.02,6506.7
GET /items?categoryId=1589,268,25,10,167,20.77,0.000%,.15154,0.96,0.02,6518.1
GET /items?categoryId=1590,263,26,6,173,35.85,0.000%,.14871,0.77,0.02,5284.7
GET /items?categoryId=1591,313,28,6,265,31.16,0.000%,.17699,1.08,0.03,6258.0
GET /items?categoryId=1592,315,36,9,236,34.13,0.000%,.17812,1.13,0.03,6512.1
GET /items?categoryId=1593,311,28,6,157,34.94,0.000%,.17589,1.05,0.03,6122.3
GET /items?categoryId=1594,315,21,5,145,24.86,0.000%,.17816,1.01,0.03,5790.8
GET /items?categoryId=1595,253,26,6,174,39.63,0.000%,.14310,0.79,0.02,5655.6
GET /items?categoryId=1596,256,47,9,465,95.18,0.000%,.14480,0.92,0.02,6491.2
GET /items?categoryId=1597,265,40,9,452,68.71,0.000%,.14990,0.95,0.02,6480.9
GET /items?categoryId=1598,260,46,9,287,70.28,0.000%,.14711,0.93,0.02,6499.2
GET /items?categoryId=1599,282,49,9,458,85.89,0.000%,.15956,1.01,0.03,6475.6
GET /items?categoryId=1600,205,35,6,417,68.01,0.000%,.11600,0.60,0.02,5303.0
GET /items?categoryId=1601,355,36,9,142,32.46,0.000%,.20091,1.27,0.03,6481.8
GET /items?categoryId=1602,347,32,5,244,50.16,0.000%,.19640,1.19,0.03,6227.3
GET /items?categoryId=1603,241,28,5,331,37.71,0.000%,.13641,0.78,0.02,5892.1
GET /items?categoryId=1604,317,32,11,408,45.27,0.000%,.17945,1.14,0.03,6497.6
GET /items?categoryId=1605,322,39,6,270,58.38,0.000%,.18232,0.99,0.03,5534.2
GET /items?categoryId=1606,287,71,10,518,128.54,0.000%,.16251,1.03,0.03,6476.6
GET /items?categoryId=1607,232,43,10,305,66.75,0.000%,.13140,0.84,0.02,6528.4
GET /items?categoryId=1608,249,22,6,218,28.68,0.000%,.14104,0.73,0.02,5278.9
GET /items?categoryId=1609,258,70,6,481,127.46,0.000%,.14615,0.89,0.02,6223.6
GET /items?categoryId=1610,341,37,6,244,55.84,0.000%,.19319,1.04,0.03,5499.1
GET /items?categoryId=1611,320,38,6,476,82.20,0.000%,.18132,0.94,0.03,5288.0
GET /items?categoryId=1612,299,42,9,450,77.40,0.000%,.16943,1.07,0.03,6480.8
GET /items?categoryId=1613,267,30,11,125,24.48,0.000%,.15135,0.96,0.02,6523.5
GET /items?categoryId=1614,334,16,5,109,12.19,0.000%,.18932,1.02,0.03,5514.5
GET /items?categoryId=1615,284,15,5,95,9.30,0.000%,.16098,1.00,0.03,6347.4
GET /items?categoryId=1616,229,23,9,134,14.45,0.000%,.12981,0.83,0.02,6517.0
GET /items?categoryId=1617,275,57,10,315,79.66,0.000%,.15589,0.99,0.02,6490.7
GET /items?categoryId=1618,246,36,11,133,28.76,0.000%,.13946,0.88,0.02,6493.7
GET /items?categoryId=1619,287,18,5,122,13.70,0.000%,.16271,1.01,0.03,6379.7
GET /items?categoryId=1620,276,36,10,258,44.63,0.000%,.15648,0.99,0.02,6463.8
GET /items?categoryId=1621,326,25,6,187,25.90,0.000%,.18483,1.02,0.03,5625.9
GET /items?categoryId=1622,305,27,10,216,22.95,0.000%,.17293,1.09,0.03,6480.3
GET /items?categoryId=1623,257,27,9,206,22.69,0.000%,.14572,0.92,0.02,6494.5
GET /items?categoryId=1624,277,19,5,188,22.93,0.000%,.15708,0.96,0.03,6278.9
GET /items?categoryId=1625,356,37,8,194,41.17,0.000%,.20188,1.28,0.03,6474.4
GET /items?categoryId=1626,272,18,5,85,14.94,0.000%,.15425,0.87,0.02,5771.6
GET /items?categoryId=1627,200,41,9,244,47.18,0.000%,.11342,0.72,0.02,6512.6
GET /items?categoryId=1628,224,48,10,307,75.97,0.000%,.12702,0.81,0.02,6492.3
GET /items?categoryId=1629,357,30,5,267,40.40,0.000%,.20246,1.21,0.03,6129.7
GET /items?categoryId=1630,303,26,8,87,14.50,0.000%,.17185,1.09,0.03,6494.4
GET /items?categoryId=1631,251,20,5,112,16.57,0.000%,.14236,0.80,0.02,5750.3
GET /items?categoryId=1632,333,25,9,122,21.21,0.000%,.18888,1.20,0.03,6505.5
GET /items?categoryId=1633,290,19,6,146,19.65,0.000%,.16449,0.91,0.03,5644.6
GET /items?categoryId=1634,331,36,8,294,56.57,0.000%,.18774,1.19,0.03,6499.5
GET /items?categoryId=1635,307,27,9,123,16.17,0.000%,.17414,1.10,0.03,6497.0
GET /items?categoryId=1636,216,29,9,125,24.85,0.000%,.12254,0.78,0.02,6484.8
GET /items?categoryId=1637,294,24,9,95,18.76,0.000%,.16679,1.06,0.03,6495.4
GET /items?categoryId=1638,282,26,6,111,28.71,0.000%,.15997,0.90,0.03,5783.1
GET /items?categoryId=1639,315,24,9,93,15.42,0.000%,.17870,1.13,0.03,6471.2
GET /items?categoryId=1640,205,15,6,68,8.55,0.000%,.11630,0.68,0.02,5943.9
GET /items?categoryId=1641,331,30,9,220,29.76,0.000%,.18779,1.19,0.03,6475.2
GET /items?categoryId=1642,267,18,5,56,10.96,0.000%,.15148,0.82,0.02,5515.5
GET /items?categoryId=1643,237,20,5,127,18.08,0.000%,.13446,0.79,0.02,5999.9
GET /items?categoryId=1644,315,19,6,125,15.89,0.000%,.17872,1.01,0.03,5769.2
GET /items?categoryId=1645,229,30,9,125,21.61,0.000%,.12992,0.82,0.02,6475.5
GET /items?categoryId=1646,331,24,8,79,10.62,0.000%,.18780,1.19,0.03,6466.2
GET /items?categoryId=1647,296,16,5,74,10.95,0.000%,.16795,1.03,0.03,6252.9
GET /items?categoryId=1648,273,16,6,39,6.84,0.000%,.15490,0.82,0.02,5424.0
GET /items?categoryId=1649,295,16,5,220,13.00,0.000%,.16739,0.95,0.03,5781.7
GET /items?categoryId=1650,334,23,9,212,13.68,0.000%,.18951,1.20,0.03,6473.4
GET /items?categoryId=1651,317,25,11,118,14.96,0.000%,.17987,1.14,0.03,6490.1
GET /items?categoryId=1652,203,28,9,136,19.71,0.000%,.11519,0.73,0.02,6464.0
GET /items?categoryId=1653,276,21,6,156,17.63,0.000%,.15661,0.98,0.02,6382.2
GET /items?categoryId=1654,287,22,8,144,14.52,0.000%,.16285,0.98,0.03,6146.2
GET /items?categoryId=1655,308,20,7,44,8.54,0.000%,.17476,1.01,0.03,5893.4
GET /items?categoryId=1656,294,29,9,129,25.64,0.000%,.16682,1.06,0.03,6487.8
GET /items?categoryId=1657,216,30,8,177,27.00,0.000%,.12257,0.78,0.02,6496.6
GET /items?categoryId=1658,326,25,9,215,14.04,0.000%,.18498,1.17,0.03,6490.8
GET /items?categoryId=1659,224,26,9,94,14.10,0.000%,.12711,0.81,0.02,6499.7
GET /items?categoryId=1660,286,21,8,66,7.58,0.000%,.16228,1.03,0.03,6492.0
GET /items?categoryId=1661,315,19,5,74,11.90,0.000%,.17875,1.07,0.03,6143.7
GET /items?categoryId=1662,286,23,8,64,8.88,0.000%,.16229,1.03,0.03,6479.7
GET /items?categoryId=1663,331,29,10,156,16.51,0.000%,.18783,1.19,0.03,6479.8
GET /items?categoryId=1664,230,19,5,77,12.66,0.000%,.13052,0.80,0.02,6246.6
GET /items?categoryId=1665,275,17,5,76,14.27,0.000%,.15605,0.82,0.02,5393.0
GET /items?categoryId=1666,229,19,6,105,16.79,0.000%,.12995,0.75,0.02,5904.0
GET /items?categoryId=1667,287,16,5,51,7.59,0.000%,.16287,1.01,0.03,6349.7
GET /items?categoryId=1668,227,21,10,46,8.21,0.000%,.12882,0.82,0.02,6484.3
GET /items?categoryId=1669,268,20,10,111,7.88,0.000%,.15209,0.97,0.02,6542.9
GET /items?categoryId=1670,304,21,5,165,21.21,0.000%,.17252,1.05,0.03,6236.7
GET /items?categoryId=1671,297,16,6,39,6.71,0.000%,.16854,0.95,0.03,5762.5
GET /items?categoryId=1672,217,31,10,131,26.06,0.000%,.12314,0.78,0.02,6478.5
GET /items?categoryId=1673,250,26,9,134,18.54,0.000%,.14188,0.90,0.02,6480.4
GET /items?categoryId=1674,235,23,9,62,9.61,0.000%,.13336,0.85,0.02,6515.2
GET /items?categoryId=1675,339,25,9,79,13.36,0.000%,.19238,1.22,0.03,6496.7
GET /items?categoryId=1676,275,23,6,142,20.75,0.000%,.15606,0.95,0.02,6258.6
GET /items?categoryId=1677,331,21,5,141,22.37,0.000%,.18785,0.99,0.03,5412.2
GET /items?categoryId=1678,310,31,9,150,27.52,0.000%,.17593,1.12,0.03,6511.8
GET /items?categoryId=1679,244,28,9,150,16.08,0.000%,.13848,0.88,0.02,6493.4
GET /items?categoryId=1680,265,25,9,93,14.69,0.000%,.15041,0.95,0.02,6474.1
GET /items?categoryId=1681,214,24,8,118,17.07,0.000%,.12147,0.77,0.02,6487.8
GET /items?categoryId=1682,293,26,5,193,35.00,0.000%,.16630,0.86,0.03,5281.1
GET /items?categoryId=1683,305,27,6,168,31.04,0.000%,.17312,1.04,0.03,6140.5
GET /items?categoryId=1684,277,30,10,183,25.06,0.000%,.15723,0.99,0.03,6454.5
GET /items?categoryId=1685,289,31,5,281,43.16,0.000%,.16406,0.89,0.03,5536.9
GET /items?categoryId=1686,241,23,10,91,10.85,0.000%,.13683,0.87,0.02,6477.5
GET /items?categoryId=1687,353,23,5,131,19.67,0.000%,.20042,1.22,0.03,6248.3
GET /items?categoryId=1688,221,28,9,121,16.77,0.000%,.12548,0.79,0.02,6477.1
GET /items?categoryId=1689,330,23,8,76,10.21,0.000%,.18736,1.19,0.03,6526.0
GET /items?categoryId=1690,324,22,9,50,6.29,0.000%,.18396,1.17,0.03,6500.7
GET /items?categoryId=1691,331,27,9,116,17.10,0.000%,.18793,1.19,0.03,6475.6
GET /items?categoryId=1692,319,30,12,215,20.56,0.000%,.18112,1.15,0.03,6509.7
GET /items?categoryId=1693,226,16,6,48,7.43,0.000%,.12832,0.73,0.02,5786.2
GET /items?categoryId=1694,227,26,8,131,20.75,0.000%,.12889,0.82,0.02,6494.0
GET /items?categoryId=1695,278,24,10,59,9.91,0.000%,.15785,1.00,0.03,6493.4
GET /items?categoryId=1696,252,35,9,180,30.38,0.000%,.14309,0.91,0.02,6491.0
GET /items?categoryId=1697,329,29,9,121,22.95,0.000%,.18681,1.18,0.03,6493.9
GET /items?categoryId=1698,344,18,4,137,16.74,0.000%,.19533,1.17,0.03,6139.6
GET /items?categoryId=1699,258,20,5,215,22.30,0.000%,.14650,0.86,0.02,5993.4
GET /items?categoryId=1700,310,32,9,210,25.32,0.000%,.17605,1.12,0.03,6490.5
GET /items?categoryId=1701,258,20,7,101,19.46,0.000%,.14652,0.78,0.02,5423.6
GET /items?categoryId=1702,363,18,5,135,13.14,0.000%,.20615,1.11,0.03,5508.0
GET /items?categoryId=1703,297,22,10,143,9.90,0.000%,.16868,1.06,0.03,6460.0
GET /items?categoryId=1704,326,31,9,210,27.91,0.000%,.18515,1.17,0.03,6487.3
GET /items?categoryId=1705,336,24,9,94,14.50,0.000%,.19084,1.21,0.03,6503.3
GET /items?categoryId=1706,262,17,6,54,11.22,0.000%,.14882,0.86,0.02,5883.3
GET /items?categoryId=1707,242,29,9,133,22.67,0.000%,.13744,0.87,0.02,6488.1
GET /items?categoryId=1708,305,24,6,149,23.87,0.000%,.17323,1.00,0.03,5884.5
GET /items?categoryId=1709,297,19,6,79,13.00,0.000%,.16869,0.99,0.03,6038.1
GET /items?categoryId=1710,262,21,6,117,21.97,0.000%,.14882,0.89,0.02,6126.2
GET /items?categoryId=1711,229,28,6,214,32.30,0.000%,.13008,0.71,0.02,5552.5
GET /items?categoryId=1712,261,25,6,182,26.69,0.000%,.14826,0.93,0.02,6398.2
GET /items?categoryId=1713,281,23,6,142,19.44,0.000%,.15962,0.96,0.03,6157.4
GET /items?categoryId=1714,258,21,6,85,16.16,0.000%,.14656,0.84,0.02,5888.6
GET /items?categoryId=1715,199,24,9,73,8.80,0.000%,.11305,0.72,0.02,6513.1
GET /items?categoryId=1716,281,30,5,203,39.23,0.000%,.15964,0.92,0.03,5873.2
GET /items?categoryId=1717,317,25,10,77,11.41,0.000%,.18007,1.14,0.03,6487.4
GET /items?categoryId=1718,254,20,6,151,22.28,0.000%,.14429,0.78,0.02,5549.8
GET /items?categoryId=1719,272,20,6,141,19.82,0.000%,.15452,0.92,0.02,6124.5
GET /items?categoryId=1720,247,24,8,81,14.53,0.000%,.14032,0.88,0.02,6451.8
GET /items?categoryId=1721,304,29,5,164,38.79,0.000%,.17271,1.08,0.03,6398.9
GET /items?categoryId=1722,275,24,9,125,11.64,0.000%,.15623,0.99,0.02,6478.1
GET /items?categoryId=1723,224,24,10,56,10.61,0.000%,.12727,0.81,0.02,6483.9
GET /items?categoryId=1724,281,31,6,183,45.03,0.000%,.15965,0.90,0.03,5772.8
GET /items?categoryId=1725,261,22,5,265,43.11,0.000%,.14829,0.78,0.02,5386.2
GET /items?categoryId=1726,345,21,6,265,26.94,0.000%,.19600,1.19,0.03,6222.4
GET /items?categoryId=1727,242,22,10,136,16.17,0.000%,.13751,0.87,0.02,6487.8
GET /items?categoryId=1728,258,22,8,55,8.52,0.000%,.14660,0.93,0.02,6477.9
GET /items?categoryId=1729,230,13,6,27,5.16,0.000%,.13069,0.81,0.02,6382.3
GET /items?categoryId=1730,286,29,10,189,25.41,0.000%,.16251,1.03,0.03,6463.8
GET /items?categoryId=1731,297,29,8,158,27.82,0.000%,.16876,1.07,0.03,6484.5
GET /items?categoryId=1732,252,22,5,151,21.36,0.000%,.14319,0.84,0.02,5993.4
GET /items?categoryId=1733,261,24,5,157,26.10,0.000%,.14832,0.86,0.02,5927.7
GET /items?categoryId=1734,236,23,8,84,10.77,0.000%,.13412,0.85,0.02,6516.3
GET /items?categoryId=1735,334,19,5,208,18.48,0.000%,.18979,1.12,0.03,6016.4
GET /items?categoryId=1736,298,26,9,154,19.27,0.000%,.16934,1.08,0.03,6515.9
GET /items?categoryId=1737,279,22,9,46,8.93,0.000%,.15855,1.00,0.03,6473.7
GET /items?categoryId=1738,285,22,10,74,10.97,0.000%,.16196,1.03,0.03,6481.1
GET /items?categoryId=1739,332,21,5,140,18.82,0.000%,.18867,1.15,0.03,6228.8
GET /items?categoryId=1740,308,36,10,218,34.24,0.000%,.17504,1.11,0.03,6491.3
GET /items?categoryId=1741,275,30,8,136,26.50,0.000%,.15630,0.99,0.02,6463.2
GET /items?categoryId=1742,317,27,9,103,19.91,0.000%,.18016,1.14,0.03,6466.4
GET /items?categoryId=1743,248,23,5,243,28.32,0.000%,.14094,0.86,0.02,6255.2
GET /items?categoryId=1744,237,25,9,67,11.35,0.000%,.13470,0.86,0.02,6506.5
GET /items?categoryId=1745,266,34,9,255,47.67,0.000%,.15118,0.95,0.02,6466.4
GET /items?categoryId=1746,351,27,9,182,20.84,0.000%,.19951,1.26,0.03,6489.3
GET /items?categoryId=1747,320,24,5,162,26.94,0.000%,.18189,0.99,0.03,5549.2
GET /items?categoryId=1748,279,29,10,163,23.85,0.000%,.15859,1.01,0.03,6503.0
GET /items?categoryId=1749,265,18,5,69,11.22,0.000%,.15064,0.86,0.02,5836.2
GET /items?categoryId=1750,274,27,5,297,52.70,0.000%,.15576,0.86,0.02,5632.2
GET /items?categoryId=1751,316,37,9,298,49.45,0.000%,.17961,1.14,0.03,6478.7
GET /items?categoryId=1752,246,20,5,131,21.57,0.000%,.13985,0.73,0.02,5379.8
GET /items?categoryId=1753,347,21,5,105,21.38,0.000%,.19726,1.16,0.03,6028.0
GET /items?categoryId=1754,261,29,11,162,31.10,0.000%,.14838,0.94,0.02,6512.5
GET /items?categoryId=1755,254,23,4,170,25.60,0.000%,.14441,0.75,0.02,5304.7
GET /items?categoryId=1756,262,31,9,221,23.97,0.000%,.14898,0.95,0.02,6534.1
GET /items?categoryId=1757,313,30,9,99,17.44,0.000%,.17796,1.13,0.03,6478.9
GET /items?categoryId=1758,270,40,8,279,49.22,0.000%,.15351,0.97,0.02,6454.0
GET /items?categoryId=1759,318,22,5,152,20.60,0.000%,.18080,1.08,0.03,6113.0
GET /items?categoryId=1761,248,33,5,395,77.15,0.000%,.14101,0.76,0.02,5530.5
GET /items?categoryId=1760,203,29,11,100,18.37,0.000%,.11543,0.73,0.02,6484.1
GET /items?categoryId=1762,297,42,6,362,83.21,0.000%,.16888,0.88,0.03,5313.5
GET /items?categoryId=1763,262,20,5,125,21.58,0.000%,.14899,0.86,0.02,5876.4
GET /items?categoryId=1764,331,30,9,224,25.15,0.000%,.18824,1.19,0.03,6498.3
GET /items?categoryId=1765,331,21,5,101,16.45,0.000%,.18823,1.08,0.03,5874.4
GET /items?categoryId=1766,292,32,6,278,55.09,0.000%,.16607,0.87,0.03,5370.4
GET /items?categoryId=1767,306,32,6,261,58.30,0.000%,.17403,0.94,0.03,5556.4
GET /items?categoryId=1768,294,24,9,63,9.77,0.000%,.16723,1.06,0.03,6494.5
GET /items?categoryId=1769,269,31,9,114,21.32,0.000%,.15300,0.96,0.02,6441.8
GET /items?categoryId=1770,291,25,8,210,15.04,0.000%,.16552,1.06,0.03,6528.7
GET /items?categoryId=1771,292,23,5,235,22.66,0.000%,.16609,0.86,0.03,5296.7
GET /items?categoryId=1772,254,27,6,152,28.03,0.000%,.14448,0.76,0.02,5413.5
GET /items?categoryId=1773,328,30,8,266,29.75,0.000%,.18655,1.19,0.03,6513.8
GET /items?categoryId=1774,252,26,6,164,32.41,0.000%,.14335,0.89,0.02,6384.2
GET /items?categoryId=1775,331,16,5,57,8.82,0.000%,.18828,0.99,0.03,5393.4
GET /items?categoryId=1776,298,23,9,75,10.11,0.000%,.16951,1.08,0.03,6496.7
GET /items?categoryId=1777,305,21,5,98,16.17,0.000%,.17350,1.06,0.03,6260.4
GET /items?categoryId=1778,242,23,6,209,25.60,0.000%,.13766,0.73,0.02,5413.0
GET /items?categoryId=1779,299,22,5,239,20.03,0.000%,.17009,0.88,0.03,5293.6
GET /items?categoryId=1780,219,28,10,179,24.47,0.000%,.12460,0.79,0.02,6527.1
GET /items?categoryId=1781,224,19,5,60,13.71,0.000%,.12745,0.70,0.02,5650.7
GET /items?categoryId=1782,314,25,4,147,24.14,0.000%,.17864,1.11,0.03,6370.4
GET /items?categoryId=1783,315,20,6,95,15.45,0.000%,.17921,1.05,0.03,6003.0
GET /items?categoryId=1784,278,23,8,64,9.56,0.000%,.15817,1.00,0.03,6475.1
GET /items?categoryId=1785,222,24,9,197,14.65,0.000%,.12631,0.80,0.02,6483.8
GET /items?categoryId=1786,232,40,9,202,42.09,0.000%,.13200,0.83,0.02,6473.2
GET /items?categoryId=1787,268,34,9,147,28.98,0.000%,.15250,0.96,0.02,6473.4
GET /items?categoryId=1788,305,24,9,79,12.76,0.000%,.17356,1.10,0.03,6518.9
GET /items?categoryId=1789,241,25,10,178,23.35,0.000%,.13714,0.87,0.02,6498.4
GET /items?categoryId=1790,240,15,5,56,8.93,0.000%,.13658,0.82,0.02,6132.8
GET /items?categoryId=1791,333,29,9,155,23.19,0.000%,.18949,1.20,0.03,6509.3
GET /items?categoryId=1792,251,20,5,162,16.03,0.000%,.14284,0.87,0.02,6218.5
GET /items?categoryId=1793,309,25,8,218,16.28,0.000%,.17584,1.11,0.03,6481.9
GET /items?categoryId=1794,219,33,9,166,32.13,0.000%,.12463,0.79,0.02,6496.6
GET /items?categoryId=1795,301,18,6,66,12.49,0.000%,.17130,0.97,0.03,5790.7
GET /items?categoryId=1796,307,28,10,115,16.10,0.000%,.17473,1.11,0.03,6476.2
GET /items?categoryId=1797,306,21,6,110,19.51,0.000%,.17416,1.06,0.03,6230.7
GET /items?categoryId=1798,334,30,5,256,52.63,0.000%,.19009,1.18,0.03,6352.0
GET /items?categoryId=1799,280,28,10,154,18.97,0.000%,.15938,1.01,0.03,6488.9
GET /items?categoryId=1800,326,35,10,199,28.53,0.000%,.18556,1.17,0.03,6469.0
GET /items?categoryId=1801,299,21,6,106,15.60,0.000%,.17020,0.88,0.03,5265.8
GET /items?categoryId=1802,251,22,6,105,21.21,0.000%,.14288,0.86,0.02,6156.7
GET /items?categoryId=1803,344,28,5,238,44.11,0.000%,.19582,1.10,0.03,5760.1
GET /items?categoryId=1804,327,29,9,248,31.71,0.000%,.18614,1.18,0.03,6491.8
GET /items?categoryId=1805,249,21,5,116,14.37,0.000%,.14176,0.88,0.02,6357.0
GET /items?categoryId=1806,318,22,6,118,22.94,0.000%,.18105,1.09,0.03,6151.3
GET /items?categoryId=1807,298,23,6,158,26.25,0.000%,.16967,0.87,0.03,5265.6
GET /items?categoryId=1808,198,33,5,270,53.08,0.000%,.11273,0.61,0.02,5503.6
GET /items?categoryId=1809,254,40,5,251,66.40,0.000%,.14462,0.82,0.02,5789.5
GET /items?categoryId=1810,257,27,9,257,19.26,0.000%,.14633,0.93,0.02,6479.0
GET /items?categoryId=1811,313,19,4,78,14.58,0.000%,.17823,1.07,0.03,6128.0
GET /items?categoryId=1812,202,19,6,81,14.28,0.000%,.11503,0.61,0.02,5404.2
GET /items?categoryId=1813,324,31,9,196,34.88,0.000%,.18450,1.17,0.03,6467.3
GET /items?categoryId=1814,322,16,6,70,9.65,0.000%,.18337,1.05,0.03,5874.6
GET /items?categoryId=1815,318,20,6,218,18.01,0.000%,.18110,1.09,0.03,6149.1
GET /items?categoryId=1816,309,31,8,174,24.24,0.000%,.17598,1.11,0.03,6480.3
GET /items?categoryId=1817,335,31,9,173,23.09,0.000%,.19079,1.21,0.03,6492.0
GET /items?categoryId=1818,292,30,9,125,21.65,0.000%,.16630,1.05,0.03,6487.1
GET /items?categoryId=1819,310,19,5,59,11.55,0.000%,.17656,0.99,0.03,5769.9
GET /items?categoryId=1820,302,19,5,125,19.41,0.000%,.17201,0.97,0.03,5770.4
GET /items?categoryId=1821,248,22,5,203,24.66,0.000%,.14126,0.78,0.02,5659.7
GET /items?categoryId=1822,296,23,9,57,8.74,0.000%,.16860,1.07,0.03,6491.5
GET /items?categoryId=1823,271,28,5,208,36.31,0.000%,.15437,0.94,0.02,6236.4
GET /items?categoryId=1824,326,29,5,167,32.08,0.000%,.18570,0.96,0.03,5268.8
GET /items?categoryId=1825,257,37,8,174,29.93,0.000%,.14638,0.93,0.02,6498.9
GET /items?categoryId=1826,230,27,9,116,15.96,0.000%,.13102,0.83,0.02,6493.6
GET /items?categoryId=1827,306,20,5,82,13.37,0.000%,.17431,0.98,0.03,5758.7
GET /items?categoryId=1828,309,21,5,201,23.17,0.000%,.17603,1.05,0.03,6133.8
GET /items?categoryId=1829,255,48,9,216,54.89,0.000%,.14526,0.92,0.02,6517.1
GET /items?categoryId=1830,328,28,9,193,24.93,0.000%,.18685,1.18,0.03,6487.4
GET /items?categoryId=1831,320,35,6,213,41.23,0.000%,.18229,1.09,0.03,6120.7
GET /items?categoryId=1832,254,36,10,163,30.92,0.000%,.14471,0.92,0.02,6484.8
GET /items?categoryId=1833,253,22,6,115,19.33,0.000%,.14415,0.76,0.02,5424.9
GET /items?categoryId=1834,258,31,9,133,18.47,0.000%,.14699,0.93,0.02,6496.4
GET /items?categoryId=1835,302,18,5,51,9.51,0.000%,.17205,0.99,0.03,5880.9
GET /items?categoryId=1836,293,18,6,64,10.66,0.000%,.16694,0.99,0.03,6098.5
GET /items?categoryId=1837,298,27,9,189,21.79,0.000%,.16978,1.08,0.03,6500.0
GET /items?categoryId=1838,289,30,10,188,31.71,0.000%,.16466,1.04,0.03,6476.2
GET /items?categoryId=1839,339,25,9,202,23.59,0.000%,.19315,1.22,0.03,6469.0
GET /items?categoryId=1840,271,37,10,204,44.12,0.000%,.15441,0.98,0.02,6514.7
GET /items?categoryId=1841,318,35,10,171,28.32,0.000%,.18119,1.15,0.03,6501.6
GET /items?categoryId=1842,292,32,10,152,30.30,0.000%,.16636,1.05,0.03,6482.2
GET /items?categoryId=1843,276,20,5,79,15.20,0.000%,.15725,0.81,0.03,5254.5
GET /items?categoryId=1844,204,19,6,197,20.16,0.000%,.11624,0.60,0.02,5295.4
GET /items?categoryId=1845,357,25,9,166,13.92,0.000%,.20340,1.30,0.03,6527.4
GET /items?categoryId=1846,217,29,11,224,23.34,0.000%,.12365,0.79,0.02,6514.2
GET /items?categoryId=1847,282,27,10,182,20.54,0.000%,.16068,1.02,0.03,6477.6
GET /items?categoryId=1848,194,32,5,176,45.85,0.000%,.11055,0.61,0.02,5642.9
GET /items?categoryId=1849,272,30,10,127,24.69,0.000%,.15499,0.98,0.02,6493.4
GET /items?categoryId=1850,298,29,9,152,19.83,0.000%,.16981,1.07,0.03,6473.9
GET /items?categoryId=1851,266,30,12,166,22.09,0.000%,.15157,0.97,0.02,6524.5
GET /items?categoryId=1852,239,18,6,134,14.28,0.000%,.13619,0.85,0.02,6359.0
GET /items?categoryId=1853,276,21,6,207,26.16,0.000%,.15727,0.81,0.03,5294.2
GET /items?categoryId=1854,241,32,12,110,22.41,0.000%,.13733,0.87,0.02,6511.7
GET /items?categoryId=1855,297,39,9,238,33.34,0.000%,.16923,1.07,0.03,6473.5
GET /items?categoryId=1856,291,37,9,161,32.20,0.000%,.16583,1.05,0.03,6505.8
GET /items?categoryId=1858,291,23,6,169,25.40,0.000%,.16583,1.01,0.03,6266.5
GET /items?categoryId=1857,209,28,9,112,17.27,0.000%,.11910,0.76,0.02,6501.0
GET /items?categoryId=1859,252,27,10,92,17.12,0.000%,.14361,0.91,0.02,6491.7
GET /items?categoryId=1860,262,22,6,142,17.70,0.000%,.14931,0.91,0.02,6230.1
GET /items?categoryId=1861,304,30,8,266,48.82,0.000%,.17324,1.06,0.03,6250.2
GET /items?categoryId=1862,246,44,9,269,67.02,0.000%,.14019,0.89,0.02,6487.6
GET /items?categoryId=1863,240,26,6,140,28.09,0.000%,.13677,0.73,0.02,5500.6
GET /items?categoryId=1864,358,24,9,65,10.35,0.000%,.20402,1.29,0.03,6471.6
GET /items?categoryId=1865,289,25,5,164,36.77,0.000%,.16470,0.93,0.03,5751.9
GET /items?categoryId=1866,337,17,6,72,10.42,0.000%,.19206,1.20,0.03,6377.0
GET /items?categoryId=1867,243,29,10,193,18.33,0.000%,.13849,0.88,0.02,6484.3
GET /items?categoryId=1868,224,31,9,125,19.31,0.000%,.12767,0.81,0.02,6493.8
GET /items?categoryId=1869,245,30,6,171,36.32,0.000%,.13963,0.77,0.02,5644.1
GET /items?categoryId=1870,273,26,9,72,11.47,0.000%,.15559,0.99,0.02,6515.5
GET /items?categoryId=1871,240,17,7,58,8.65,0.000%,.13679,0.72,0.02,5397.2
GET /items?categoryId=1872,312,16,5,47,7.09,0.000%,.17782,0.94,0.03,5393.8
GET /items?categoryId=1873,299,16,6,68,8.54,0.000%,.17041,1.04,0.03,6235.2
GET /items?categoryId=1874,270,28,10,182,23.84,0.000%,.15388,0.98,0.02,6502.6
GET /items?categoryId=1875,293,24,11,74,10.43,0.000%,.16700,1.06,0.03,6498.9
GET /items?categoryId=1876,292,26,10,147,19.43,0.000%,.16643,1.06,0.03,6512.2
GET /items?categoryId=1877,237,24,6,203,23.19,0.000%,.13509,0.78,0.02,5904.4
GET /items?categoryId=1878,291,32,9,150,20.77,0.000%,.16585,1.05,0.03,6495.1
GET /items?categoryId=1879,245,31,10,128,25.25,0.000%,.13963,0.89,0.02,6512.8
GET /items?categoryId=1880,280,26,10,122,18.57,0.000%,.15959,1.01,0.03,6474.6
GET /items?categoryId=1881,217,21,5,111,23.56,0.000%,.12369,0.67,0.02,5528.0
GET /items?categoryId=1882,333,25,9,160,17.90,0.000%,.18980,1.20,0.03,6488.9
GET /items?categoryId=1883,216,23,10,72,9.39,0.000%,.12312,0.78,0.02,6487.7
GET /items?categoryId=1884,276,17,6,65,9.34,0.000%,.15733,0.91,0.03,5892.4
GET /items?categoryId=1885,245,29,9,175,22.05,0.000%,.13966,0.89,0.02,6514.6
GET /items?categoryId=1886,292,28,10,192,25.85,0.000%,.16644,1.05,0.03,6472.9
GET /items?categoryId=1887,225,23,6,102,19.67,0.000%,.12825,0.68,0.02,5427.0
GET /items?categoryId=1888,306,21,6,78,13.50,0.000%,.17442,1.04,0.03,6125.6
GET /items?categoryId=1889,307,15,5,75,7.79,0.000%,.17500,0.94,0.03,5501.0
GET /items?categoryId=1890,196,24,9,78,11.76,0.000%,.11173,0.71,0.02,6471.0
GET /items?categoryId=1891,298,26,5,168,33.19,0.000%,.16987,1.01,0.03,6098.2
GET /items?categoryId=1892,327,32,9,173,27.37,0.000%,.18640,1.18,0.03,6509.0
GET /items?categoryId=1893,308,24,9,212,17.39,0.000%,.17558,1.11,0.03,6484.3
GET /items?categoryId=1894,229,24,6,202,24.81,0.000%,.13055,0.78,0.02,6133.8
GET /items?categoryId=1895,284,23,5,110,22.55,0.000%,.16191,0.89,0.03,5645.4
GET /items?categoryId=1896,314,36,9,189,31.01,0.000%,.17900,1.13,0.03,6488.5
GET /items?categoryId=1897,314,25,9,97,13.90,0.000%,.17901,1.14,0.03,6511.3
GET /items?categoryId=1898,296,31,8,190,33.19,0.000%,.16875,1.07,0.03,6486.6
GET /items?categoryId=1899,290,39,9,200,45.97,0.000%,.16533,1.05,0.03,6505.4
GET /items?categoryId=1900,281,24,10,92,13.99,0.000%,.16020,1.01,0.03,6473.1
GET /items?categoryId=1901,261,19,5,200,23.82,0.000%,.14881,0.89,0.02,6110.6
GET /items?categoryId=1902,249,16,5,61,11.32,0.000%,.14197,0.80,0.02,5745.0
GET /items?categoryId=1903,270,24,9,71,12.54,0.000%,.15394,0.97,0.02,6484.6
GET /items?categoryId=1904,309,19,5,169,16.96,0.000%,.17617,1.09,0.03,6362.7
GET /items?categoryId=1905,290,19,6,125,16.47,0.000%,.16535,0.86,0.03,5300.3
GET /items?categoryId=1906,220,23,9,58,10.92,0.000%,.12543,0.79,0.02,6457.9
GET /items?categoryId=1907,320,25,10,203,14.46,0.000%,.18245,1.16,0.03,6495.7
GET /items?categoryId=1908,253,26,10,61,11.13,0.000%,.14425,0.91,0.02,6481.8
GET /items?categoryId=1909,265,26,6,186,35.64,0.000%,.15109,0.87,0.02,5875.0
GET /items?categoryId=1910,302,24,10,192,15.59,0.000%,.17219,1.10,0.03,6523.9
GET /items?categoryId=1911,231,16,5,166,13.21,0.000%,.13171,0.70,0.02,5417.7
GET /items?categoryId=1912,329,24,9,88,12.17,0.000%,.18758,1.18,0.03,6456.5
GET /items?categoryId=1913,332,18,5,107,15.56,0.000%,.18929,1.09,0.03,5881.8
GET /items?categoryId=1914,244,26,10,82,11.94,0.000%,.13911,0.88,0.02,6499.0
GET /items?categoryId=1915,310,18,5,79,10.82,0.000%,.17675,0.91,0.03,5294.1
GET /items?categoryId=1916,260,18,5,69,12.58,0.000%,.14824,0.78,0.02,5407.6
GET /items?categoryId=1917,343,22,5,219,23.41,0.000%,.19557,1.19,0.03,6228.5
GET /items?categoryId=1918,282,16,5,79,9.63,0.000%,.16079,0.85,0.03,5410.8
GET /items?categoryId=1919,304,25,11,141,19.08,0.000%,.17333,1.09,0.03,6463.2
GET /items?categoryId=1920,267,25,9,86,13.53,0.000%,.15225,0.97,0.02,6513.9
GET /items?categoryId=1921,278,24,10,84,12.10,0.000%,.15851,1.01,0.03,6510.5
GET /items?categoryId=1922,251,28,5,126,31.81,0.000%,.14312,0.76,0.02,5413.9
GET /items?categoryId=1923,336,25,11,110,14.71,0.000%,.19158,1.22,0.03,6511.3
GET /items?categoryId=1924,312,21,5,104,18.82,0.000%,.17790,1.00,0.03,5750.0
GET /items?categoryId=1925,325,32,6,213,47.15,0.000%,.18531,0.98,0.03,5414.9
GET /items?categoryId=1926,264,27,10,137,15.88,0.000%,.15054,0.96,0.02,6523.8
GET /items?categoryId=1927,289,27,10,131,16.59,0.000%,.16479,1.05,0.03,6510.7
GET /items?categoryId=1928,203,18,5,70,11.97,0.000%,.11576,0.65,0.02,5772.9
GET /items?categoryId=1929,234,17,6,64,10.80,0.000%,.13344,0.81,0.02,6245.3
GET /items?categoryId=1930,218,29,10,163,25.92,0.000%,.12431,0.79,0.02,6520.7
GET /items?categoryId=1931,332,31,9,114,23.70,0.000%,.18932,1.20,0.03,6468.9
GET /items?categoryId=1932,306,26,9,91,14.82,0.000%,.17449,1.10,0.03,6479.9
GET /items?categoryId=1933,322,25,5,235,38.21,0.000%,.18361,1.01,0.03,5645.1
GET /items?categoryId=1934,271,17,5,65,11.42,0.000%,.15454,0.84,0.02,5540.6
GET /items?categoryId=1935,250,15,5,53,7.92,0.000%,.14257,0.73,0.02,5276.0
GET /items?categoryId=1936,301,18,5,54,9.88,0.000%,.17166,0.88,0.03,5271.0
GET /items?categoryId=1937,315,18,6,53,8.76,0.000%,.17963,1.03,0.03,5890.9
GET /items?categoryId=1938,285,26,10,73,12.28,0.000%,.16251,1.03,0.03,6498.8
GET /items?categoryId=1939,285,19,6,172,15.43,0.000%,.16251,0.86,0.03,5391.9
GET /items?categoryId=1940,238,25,5,212,40.25,0.000%,.13572,0.84,0.02,6370.7
GET /items?categoryId=1941,269,31,5,212,47.81,0.000%,.15340,0.87,0.02,5787.6
GET /items?categoryId=1942,314,20,5,122,21.85,0.000%,.17906,0.93,0.03,5292.4
GET /items?categoryId=1943,300,19,5,88,17.62,0.000%,.17108,0.96,0.03,5773.2
GET /items?categoryId=1944,271,24,10,85,12.11,0.000%,.15455,0.98,0.02,6500.9
GET /items?categoryId=1945,254,28,9,126,17.79,0.000%,.14485,0.92,0.02,6468.6
GET /items?categoryId=1946,272,18,4,74,13.07,0.000%,.15511,0.91,0.02,5998.2
GET /items?categoryId=1947,238,30,10,207,26.07,0.000%,.13573,0.86,0.02,6502.8
GET /items?categoryId=1948,276,41,10,181,41.82,0.000%,.15740,1.00,0.03,6513.8
GET /items?categoryId=1949,326,24,5,201,24.63,0.000%,.18591,1.15,0.03,6354.4
GET /items?categoryId=1950,217,19,5,65,13.82,0.000%,.12376,0.71,0.02,5887.5
GET /items?categoryId=1951,300,17,5,60,11.44,0.000%,.17109,0.93,0.03,5536.7
GET /items?categoryId=1952,234,14,5,39,5.90,0.000%,.13345,0.76,0.02,5866.3
GET /items?categoryId=1953,370,19,5,83,13.05,0.000%,.21102,1.14,0.03,5538.9
GET /items?categoryId=1954,290,19,5,83,15.99,0.000%,.16540,1.03,0.03,6381.4
GET /items?categoryId=1955,271,35,8,217,40.62,0.000%,.15455,0.98,0.02,6498.6
GET /items?categoryId=1956,256,22,6,223,26.13,0.000%,.14600,0.84,0.02,5878.3
GET /items?categoryId=1957,294,36,10,182,33.48,0.000%,.16768,1.06,0.03,6481.5
GET /items?categoryId=1958,256,17,6,134,16.56,0.000%,.14601,0.86,0.02,6022.0
GET /items?categoryId=1959,218,20,8,50,6.66,0.000%,.12433,0.79,0.02,6480.2
GET /items?categoryId=1960,230,14,5,31,5.39,0.000%,.13118,0.69,0.02,5379.9
GET /items?categoryId=1961,360,13,5,37,5.71,0.000%,.20532,1.07,0.03,5356.5
GET /items?categoryId=1962,248,16,5,134,11.03,0.000%,.14144,0.86,0.02,6226.3
GET /items?categoryId=1963,260,25,9,199,23.79,0.000%,.14828,0.94,0.02,6490.0
GET /items?categoryId=1964,228,27,9,235,31.25,0.000%,.13002,0.82,0.02,6486.7
GET /items?categoryId=1965,266,19,5,191,22.46,0.000%,.15170,0.84,0.02,5658.5
GET /items?categoryId=1966,289,27,9,135,18.56,0.000%,.16482,1.04,0.03,6449.6
GET /items?categoryId=1967,317,15,5,147,12.85,0.000%,.18078,1.11,0.03,6269.7
GET /items?categoryId=1968,251,12,6,26,4.75,0.000%,.14314,0.89,0.02,6373.8
GET /items?categoryId=1969,340,20,9,36,5.10,0.000%,.19389,1.23,0.03,6484.0
GET /items?categoryId=1970,332,30,5,185,45.40,0.000%,.18933,1.05,0.03,5666.5
GET /items?categoryId=1971,235,32,10,199,38.80,0.000%,.13402,0.85,0.02,6504.2
GET /items?categoryId=1972,306,30,10,197,37.92,0.000%,.17449,1.11,0.03,6498.7
GET /items?categoryId=1973,288,22,9,116,8.50,0.000%,.16423,1.04,0.03,6483.5
GET /items?categoryId=1974,317,25,11,149,18.96,0.000%,.18077,1.15,0.03,6507.4
GET /items?categoryId=1975,313,23,9,61,7.92,0.000%,.17848,1.13,0.03,6499.4
GET /items?categoryId=1976,214,22,10,47,8.04,0.000%,.12203,0.78,0.02,6508.0
GET /items?categoryId=1977,333,20,11,46,5.06,0.000%,.18988,1.20,0.03,6491.3
GET /items?categoryId=1978,226,22,9,172,17.00,0.000%,.12887,0.82,0.02,6479.1
GET /items?categoryId=1979,335,16,5,186,15.81,0.000%,.19102,1.16,0.03,6221.4
GET /items?categoryId=1980,294,19,5,212,29.25,0.000%,.16765,0.89,0.03,5411.4
GET /items?categoryId=1981,244,17,5,43,9.13,0.000%,.13913,0.78,0.02,5761.6
GET /items?categoryId=1982,260,22,10,50,7.93,0.000%,.14825,0.94,0.02,6471.8
GET /items?categoryId=1983,210,14,5,36,6.90,0.000%,.11974,0.72,0.02,6135.2
GET /items?categoryId=1984,259,21,9,38,5.81,0.000%,.14768,0.93,0.02,6466.8
GET /items?categoryId=1985,326,21,10,68,7.08,0.000%,.18588,1.18,0.03,6496.7
GET /items?categoryId=1986,318,34,9,254,46.94,0.000%,.18132,1.15,0.03,6486.7
GET /items?categoryId=1987,274,15,6,45,7.84,0.000%,.15622,0.93,0.02,6128.6
GET /items?categoryId=1988,293,15,6,221,14.59,0.000%,.16706,1.02,0.03,6246.0
GET /items?categoryId=1989,276,17,6,192,15.78,0.000%,.15735,0.89,0.03,5790.5
GET /items?categoryId=1990,295,18,6,192,13.67,0.000%,.16820,0.91,0.03,5543.9
GET /items?categoryId=1991,300,18,6,140,13.27,0.000%,.17105,1.00,0.03,6000.2
GET /items?categoryId=1992,276,18,5,140,18.49,0.000%,.15736,0.82,0.03,5311.6
GET /items?categoryId=1993,296,17,5,157,18.18,0.000%,.16876,1.03,0.03,6274.6
GET /items?categoryId=1994,221,15,5,79,7.74,0.000%,.12600,0.65,0.02,5271.7
GET /items?categoryId=1995,290,29,9,172,28.98,0.000%,.16534,1.05,0.03,6500.0
GET /items?categoryId=1996,326,25,10,219,18.16,0.000%,.18586,1.18,0.03,6517.6
GET /items?categoryId=1997,286,13,6,48,5.80,0.000%,.16306,0.84,0.03,5268.2
GET /items?categoryId=1998,248,23,9,56,9.48,0.000%,.14138,0.90,0.02,6494.3
GET /items?categoryId=1999,245,17,6,47,9.92,0.000%,.13967,0.87,0.02,6369.9
GET /items?categoryId=2000,307,35,5,322,68.78,2.932%,.17501,1.05,0.03,6153.0
TOTAL,873708,17,0,563,22.98,0.324%,409.35573,1747.26,61.61,4370.8
