Label,# Samples,Average,Min,Max,Std. Dev.,Error %,Throughput,Received KB/sec,Sent KB/sec,Avg. Bytes
GET /items?categoryId=1,175,24,6,290,33.77,0.000%,.18176,0.89,0.03,5031.0
GET /items/{id},127388,10,0,483,21.90,0.001%,124.95390,35.20,16.65,288.5
GET /items?categoryId=2,171,15,6,39,6.73,0.000%,.17815,1.08,0.03,6193.0
GET /items?categoryId=3,184,15,6,133,14.01,0.000%,.19194,1.15,0.03,6135.0
GET /items?categoryId=4,189,19,6,123,20.67,0.000%,.19734,1.05,0.03,5440.0
GET /items?categoryId=5,146,16,6,38,6.90,0.000%,.15256,0.81,0.02,5450.0
GET /items?categoryId=6,171,14,6,38,6.27,0.000%,.17879,0.91,0.03,5195.0
GET /items?categoryId=7,135,12,6,35,6.12,0.000%,.14124,0.81,0.02,5895.0
GET /items?categoryId=8,195,19,6,142,23.75,0.000%,.20411,1.25,0.03,6251.0
GET /items?categoryId=9,160,14,6,154,15.84,0.000%,.16754,0.87,0.03,5334.0
GET /items?categoryId=10,208,20,6,168,17.62,0.000%,.21790,1.35,0.03,6331.0
GET /items?categoryId=11,188,14,5,41,7.23,0.000%,.19706,1.21,0.03,6302.0
GET /items?categoryId=12,170,16,5,177,15.48,0.000%,.17827,1.10,0.03,6327.0
GET /items?categoryId=13,141,15,6,35,6.72,0.000%,.14792,0.91,0.02,6296.0
GET /items?categoryId=14,199,18,6,285,33.22,0.000%,.20882,1.29,0.03,6320.0
GET /items?categoryId=15,185,28,6,295,58.80,0.000%,.19421,1.19,0.03,6291.0
GET /items?categoryId=16,132,15,6,38,7.64,0.000%,.13862,0.85,0.02,6300.0
GET /items?categoryId=17,144,13,5,40,7.77,0.000%,.15127,0.83,0.02,5603.0
GET /items?categoryId=18,155,15,5,90,9.45,0.000%,.16284,1.00,0.03,6287.0
GET /items?categoryId=19,193,18,6,83,13.41,0.000%,.20282,1.26,0.03,6337.0
GET /items?categoryId=20,174,13,6,33,6.00,0.000%,.18291,1.12,0.03,6293.0
GET /items?categoryId=21,192,15,5,145,11.89,0.000%,.20191,1.25,0.03,6345.0
GET /items?categoryId=22,212,19,6,228,18.80,0.000%,.22300,1.18,0.04,5415.0
GET /items?categoryId=23,161,17,6,51,12.02,0.000%,.16940,1.00,0.03,6015.0
GET /items?categoryId=24,173,14,6,62,11.18,0.000%,.18207,1.10,0.03,6202.0
GET /items?categoryId=25,160,16,5,42,9.20,0.000%,.16843,0.90,0.03,5495.0
GET /items?categoryId=26,187,14,6,39,6.70,0.000%,.19691,1.04,0.03,5399.0
GET /items?categoryId=27,204,20,5,150,22.21,0.000%,.21483,1.24,0.03,5889.0
GET /items?categoryId=28,125,13,7,34,5.67,0.000%,.13167,0.82,0.02,6374.0
GET /items?categoryId=29,145,20,5,295,39.27,0.000%,.15276,0.86,0.02,5764.0
GET /items?categoryId=30,166,21,5,95,17.26,0.000%,.17491,1.08,0.03,6340.0
GET /items?categoryId=31,169,20,5,47,10.52,0.000%,.17812,1.04,0.03,5974.0
GET /items?categoryId=32,184,16,6,38,7.49,0.000%,.19395,1.20,0.03,6351.0
GET /items?categoryId=33,174,15,6,49,6.29,0.000%,.18346,1.14,0.03,6341.0
GET /items?categoryId=34,155,17,6,47,11.47,0.000%,.16346,0.95,0.03,5981.0
GET /items?categoryId=35,191,16,5,47,8.80,0.000%,.20146,1.14,0.03,5783.0
GET /items?categoryId=36,160,24,7,289,40.65,0.000%,.16879,0.99,0.03,5991.0
GET /items?categoryId=37,127,27,6,247,49.27,0.000%,.13399,0.84,0.02,6391.0
GET /items?categoryId=38,150,16,7,37,7.73,0.000%,.15830,0.95,0.02,6121.0
GET /items?categoryId=39,187,19,6,214,20.76,0.000%,.19737,1.22,0.03,6347.0
GET /items?categoryId=40,182,16,6,35,6.65,0.000%,.19214,1.00,0.03,5313.0
GET /items?categoryId=41,111,14,6,35,6.31,0.000%,.11720,0.62,0.02,5460.0
GET /items?categoryId=42,157,13,6,25,4.37,0.000%,.16579,1.04,0.03,6401.0
GET /items?categoryId=43,214,17,6,41,8.15,0.000%,.22601,1.42,0.04,6414.0
GET /items?categoryId=44,166,20,6,63,14.63,0.000%,.17537,0.95,0.03,5555.0
GET /items?categoryId=45,120,19,7,100,15.85,0.000%,.12677,0.79,0.02,6341.0
GET /items?categoryId=46,140,15,6,44,7.69,0.000%,.14794,0.92,0.02,6375.0
GET /items?categoryId=47,169,35,7,209,54.85,0.000%,.17860,1.11,0.03,6378.0
GET /items?categoryId=48,160,33,7,208,48.59,0.000%,.16911,1.05,0.03,6355.0
GET /items?categoryId=49,187,18,6,44,9.00,0.000%,.19766,1.23,0.03,6367.0
GET /items?categoryId=50,150,16,5,45,9.79,0.000%,.15858,0.97,0.02,6244.0
GET /items?categoryId=51,159,44,6,293,84.95,0.000%,.16813,1.04,0.03,6345.0
GET /items?categoryId=52,164,16,6,291,22.09,0.000%,.17344,1.07,0.03,6325.0
GET /items?categoryId=53,224,16,7,38,6.73,0.000%,.23692,1.47,0.04,6344.0
GET /items?categoryId=54,140,15,6,39,7.34,0.000%,.14808,0.92,0.02,6371.0
GET /items?categoryId=55,169,30,6,182,46.04,0.000%,.17877,1.11,0.03,6370.0
GET /items?categoryId=56,185,29,6,172,38.87,0.000%,.19572,1.15,0.03,6024.0
GET /items?categoryId=57,177,17,7,45,8.44,0.000%,.18728,1.16,0.03,6327.0
GET /items?categoryId=58,192,25,6,246,36.99,0.000%,.20318,1.26,0.03,6363.0
GET /items?categoryId=59,132,18,8,181,21.65,0.000%,.13971,0.87,0.02,6387.0
GET /items?categoryId=60,160,16,7,46,9.08,0.000%,.16935,0.90,0.03,5421.0
GET /items?categoryId=61,208,16,7,49,7.44,0.000%,.22018,1.31,0.03,6113.0
GET /items?categoryId=62,175,15,7,42,6.12,0.000%,.18529,1.11,0.03,6128.0
GET /items?categoryId=63,170,20,7,166,22.44,0.000%,.18000,1.09,0.03,6215.0
GET /items?categoryId=64,210,21,7,177,18.35,0.000%,.22238,1.25,0.03,5774.0
GET /items?categoryId=65,167,23,7,173,23.32,0.000%,.17687,0.96,0.03,5531.0
GET /items?categoryId=66,204,18,8,51,8.93,0.000%,.21607,1.34,0.03,6344.0
GET /items?categoryId=67,124,13,7,36,5.20,0.000%,.13135,0.74,0.02,5784.0
GET /items?categoryId=68,197,15,7,39,7.19,0.000%,.20871,1.17,0.03,5752.0
GET /items?categoryId=69,200,17,8,38,7.65,0.000%,.21192,1.31,0.03,6333.0
GET /items?categoryId=70,142,14,6,38,6.09,0.000%,.15049,0.76,0.02,5201.0
GET /items?categoryId=71,147,34,7,298,58.15,0.000%,.15579,0.96,0.02,6326.0
GET /items?categoryId=72,126,57,7,275,88.94,0.000%,.13354,0.77,0.02,5887.0
GET /items?categoryId=73,158,21,6,202,27.74,0.000%,.16747,0.85,0.03,5184.0
GET /items?categoryId=74,171,17,6,40,8.33,0.000%,.18127,1.08,0.03,6110.0
GET /items?categoryId=75,188,16,6,37,7.29,0.000%,.19930,1.24,0.03,6372.0
GET /items?categoryId=76,191,16,7,34,6.88,0.000%,.20250,1.25,0.03,6346.0
GET /items?categoryId=77,159,14,6,34,5.87,0.000%,.16860,0.89,0.03,5390.0
GET /items?categoryId=78,176,14,7,27,4.06,0.000%,.18665,1.16,0.03,6358.0
GET /items?categoryId=79,136,14,6,139,11.59,0.000%,.14424,0.77,0.02,5435.0
GET /items?categoryId=80,156,30,7,240,50.45,0.000%,.16544,1.02,0.03,6343.0
GET /items?categoryId=81,154,24,7,198,29.31,0.000%,.16335,1.01,0.03,6342.0
GET /items?categoryId=82,171,15,6,44,7.20,0.000%,.18139,1.10,0.03,6217.0
GET /items?categoryId=83,158,15,7,35,6.19,0.000%,.16761,1.04,0.03,6371.0
GET /items?categoryId=84,148,15,6,35,7.10,0.000%,.15703,0.81,0.02,5307.0
GET /items?categoryId=85,160,15,7,37,7.28,0.000%,.16977,1.05,0.03,6329.0
GET /items?categoryId=86,191,18,6,37,8.09,0.000%,.20267,1.26,0.03,6354.0
GET /items?categoryId=87,167,18,6,301,30.05,0.000%,.17722,0.90,0.03,5200.0
GET /items?categoryId=88,134,19,6,301,35.28,0.000%,.14220,0.88,0.02,6339.0
GET /items?categoryId=89,190,26,6,181,37.55,0.000%,.20166,1.26,0.03,6381.0
GET /items?categoryId=90,156,21,6,52,11.07,0.000%,.16558,0.84,0.03,5176.0
GET /items?categoryId=91,192,18,7,54,10.80,0.000%,.20379,1.05,0.03,5287.0
GET /items?categoryId=92,188,17,6,44,8.65,0.000%,.19956,1.24,0.03,6359.0
GET /items?categoryId=93,173,16,6,33,6.57,0.000%,.18365,1.14,0.03,6368.0
GET /items?categoryId=94,155,18,7,45,7.99,0.000%,.16457,1.02,0.03,6346.0
GET /items?categoryId=95,169,27,6,245,42.71,0.000%,.17945,1.11,0.03,6348.0
GET /items?categoryId=96,172,20,6,174,23.18,0.000%,.18264,1.13,0.03,6351.0
GET /items?categoryId=97,165,20,6,190,25.53,0.000%,.17522,1.09,0.03,6365.0
GET /items?categoryId=98,174,20,6,130,15.56,0.000%,.18477,1.00,0.03,5545.0
GET /items?categoryId=99,234,24,6,126,19.35,0.000%,.24853,1.54,0.04,6327.0
GET /items?categoryId=100,166,19,7,53,10.11,0.000%,.17632,1.11,0.03,6421.0
GET /items?categoryId=101,190,18,7,191,19.32,0.000%,.20182,1.26,0.03,6414.0
GET /items?categoryId=102,210,18,6,192,19.01,0.000%,.22308,1.26,0.04,5775.0
GET /items?categoryId=103,188,16,7,48,7.81,0.000%,.19973,1.25,0.03,6400.0
GET /items?categoryId=104,136,13,6,34,4.52,0.000%,.14450,0.73,0.02,5196.0
GET /items?categoryId=105,183,20,6,113,17.66,0.000%,.19443,1.21,0.03,6370.0
GET /items?categoryId=106,188,21,6,160,24.34,0.000%,.19974,1.23,0.03,6299.0
GET /items?categoryId=107,187,21,6,128,20.65,0.000%,.19871,1.06,0.03,5447.0
GET /items?categoryId=108,125,15,6,35,8.03,0.000%,.13283,0.78,0.02,6037.0
GET /items?categoryId=109,189,15,6,39,6.87,0.000%,.20086,1.19,0.03,6083.0
GET /items?categoryId=110,228,15,7,40,7.01,0.000%,.24231,1.51,0.04,6397.0
GET /items?categoryId=111,164,15,7,45,6.30,0.000%,.17431,0.91,0.03,5325.0
GET /items?categoryId=112,173,15,6,49,5.68,0.000%,.18389,1.04,0.03,5797.0
GET /items?categoryId=113,168,24,7,214,31.87,0.000%,.17858,1.12,0.03,6408.0
GET /items?categoryId=114,230,19,7,72,10.93,0.000%,.24448,1.31,0.04,5467.0
GET /items?categoryId=115,194,19,6,86,11.16,0.000%,.20625,1.29,0.03,6419.0
GET /items?categoryId=116,157,15,7,41,6.21,0.000%,.16692,1.04,0.03,6388.0
GET /items?categoryId=117,202,17,7,41,7.65,0.000%,.21478,1.24,0.03,5908.0
GET /items?categoryId=118,177,17,7,41,7.76,0.000%,.18821,1.18,0.03,6409.0
GET /items?categoryId=119,155,21,7,50,12.62,0.000%,.16483,1.03,0.03,6390.0
GET /items?categoryId=120,130,15,6,35,5.55,0.000%,.13825,0.86,0.02,6388.0
GET /items?categoryId=121,167,29,5,153,31.82,0.000%,.17761,1.11,0.03,6428.0
GET /items?categoryId=122,186,19,6,98,10.93,0.000%,.19782,1.24,0.03,6444.0
GET /items?categoryId=123,171,18,7,154,16.90,0.000%,.18184,1.03,0.03,5813.0
GET /items?categoryId=124,164,17,6,169,13.92,0.000%,.17441,1.03,0.03,6053.0
GET /items?categoryId=125,172,16,7,39,7.10,0.000%,.18291,1.08,0.03,6048.0
GET /items?categoryId=126,168,17,7,41,7.61,0.000%,.17869,1.12,0.03,6416.0
GET /items?categoryId=127,204,16,7,36,6.01,0.000%,.21697,1.35,0.03,6377.0
GET /items?categoryId=128,150,16,7,46,7.84,0.000%,.15954,1.00,0.03,6397.0
GET /items?categoryId=129,195,19,6,46,9.79,0.000%,.20741,1.30,0.03,6397.0
GET /items?categoryId=130,215,18,5,44,8.52,0.000%,.22868,1.43,0.04,6383.0
GET /items?categoryId=131,212,19,7,121,11.52,0.000%,.22549,1.41,0.04,6415.0
GET /items?categoryId=132,151,16,6,35,5.53,0.000%,.16062,0.93,0.03,5925.0
GET /items?categoryId=133,239,16,8,34,5.10,0.000%,.25422,1.35,0.04,5444.0
GET /items?categoryId=134,186,18,7,60,11.37,0.000%,.19788,1.00,0.03,5199.0
GET /items?categoryId=135,161,16,6,58,7.54,0.000%,.17130,1.07,0.03,6390.0
GET /items?categoryId=136,134,15,6,28,4.97,0.000%,.14257,0.89,0.02,6408.0
GET /items?categoryId=137,142,18,6,101,13.25,0.000%,.15108,0.86,0.02,5827.0
GET /items?categoryId=138,206,18,6,95,12.32,0.000%,.21919,1.37,0.03,6383.0
GET /items?categoryId=139,206,15,6,39,5.65,0.000%,.21920,1.14,0.03,5342.0
GET /items?categoryId=140,116,23,5,173,29.41,0.000%,.12343,0.71,0.02,5919.0
GET /items?categoryId=141,177,15,7,32,4.18,0.000%,.18833,1.18,0.03,6422.0
GET /items?categoryId=142,212,15,5,29,5.54,0.000%,.22559,1.38,0.04,6259.0
GET /items?categoryId=143,151,14,6,31,5.91,0.000%,.16068,1.01,0.03,6433.0
GET /items?categoryId=144,200,13,6,38,6.53,0.000%,.21285,1.25,0.03,6032.0
GET /items?categoryId=145,143,18,6,161,19.56,0.000%,.15219,0.95,0.02,6398.0
GET /items?categoryId=146,215,14,6,48,7.68,0.000%,.22882,1.27,0.04,5684.0
GET /items?categoryId=147,189,15,6,56,10.42,0.000%,.20117,1.26,0.03,6427.0
GET /items?categoryId=148,163,17,5,137,15.41,0.000%,.17347,1.08,0.03,6400.0
GET /items?categoryId=149,224,16,5,114,17.85,0.000%,.23840,1.33,0.04,5695.0
GET /items?categoryId=150,214,12,5,31,4.87,0.000%,.22777,1.35,0.04,6063.0
GET /items?categoryId=151,189,14,7,35,5.30,0.000%,.20116,1.26,0.03,6406.0
GET /items?categoryId=152,184,21,5,133,29.32,0.000%,.19586,1.06,0.03,5564.0
GET /items?categoryId=153,183,13,5,51,6.83,0.000%,.19481,1.06,0.03,5574.0
GET /items?categoryId=154,186,13,5,32,5.77,0.000%,.19802,1.03,0.03,5349.0
GET /items?categoryId=155,167,13,6,29,6.23,0.000%,.17779,0.99,0.03,5709.0
GET /items?categoryId=156,196,18,6,180,21.06,0.000%,.20865,1.31,0.03,6409.0
GET /items?categoryId=157,156,18,6,74,10.84,0.000%,.16607,1.04,0.03,6394.0
GET /items?categoryId=158,221,15,6,51,8.10,0.000%,.23527,1.47,0.04,6416.0
GET /items?categoryId=159,145,16,5,52,9.82,0.000%,.15438,0.96,0.02,6383.0
GET /items?categoryId=160,150,35,6,235,63.46,0.000%,.15970,1.00,0.03,6399.0
GET /items?categoryId=161,214,15,6,48,8.15,0.000%,.22786,1.42,0.04,6402.0
GET /items?categoryId=162,171,14,6,40,7.36,0.000%,.18208,1.14,0.03,6411.0
GET /items?categoryId=163,189,14,5,47,7.33,0.000%,.20125,1.14,0.03,5796.0
GET /items?categoryId=164,146,20,6,196,25.65,0.000%,.15544,0.98,0.02,6430.0
GET /items?categoryId=165,198,16,5,40,9.79,0.000%,.21079,1.10,0.03,5337.0
GET /items?categoryId=166,208,16,5,60,10.45,0.000%,.22146,1.18,0.04,5448.0
GET /items?categoryId=167,156,45,5,227,72.84,0.000%,.16611,0.86,0.03,5323.0
GET /items?categoryId=168,179,16,5,47,8.40,0.000%,.19060,1.06,0.03,5680.0
GET /items?categoryId=169,202,17,6,64,11.79,0.000%,.21509,1.35,0.03,6424.0
GET /items?categoryId=170,181,14,5,48,6.56,0.000%,.19274,1.18,0.03,6288.0
GET /items?categoryId=171,134,17,5,48,9.92,0.000%,.14270,0.77,0.02,5553.0
GET /items?categoryId=172,137,19,5,153,26.63,0.000%,.14588,0.89,0.02,6263.0
GET /items?categoryId=173,196,16,5,180,14.92,0.000%,.20870,1.16,0.03,5688.0
GET /items?categoryId=174,205,18,5,194,19.02,0.000%,.21829,1.37,0.03,6413.0
GET /items?categoryId=175,178,17,6,63,10.45,0.000%,.18956,1.14,0.03,6177.0
GET /items?categoryId=176,173,17,7,64,9.55,0.000%,.18424,1.16,0.03,6420.0
GET /items?categoryId=177,121,14,5,51,8.62,0.000%,.12886,0.69,0.02,5477.0
GET /items?categoryId=178,216,15,5,51,8.25,0.000%,.23003,1.17,0.04,5227.0
GET /items?categoryId=179,159,14,7,31,5.40,0.000%,.16935,1.06,0.03,6410.0
GET /items?categoryId=180,182,15,5,43,8.53,0.000%,.19385,0.99,0.03,5218.0
GET /items?categoryId=181,145,25,6,209,34.90,0.000%,.15442,0.97,0.02,6412.0
GET /items?categoryId=182,138,18,7,90,13.98,0.000%,.14696,0.92,0.02,6399.0
GET /items?categoryId=183,165,15,4,96,9.59,0.000%,.17573,0.90,0.03,5232.0
GET /items?categoryId=184,143,14,6,29,5.01,0.000%,.15230,0.95,0.02,6387.0
GET /items?categoryId=185,134,13,6,28,4.28,0.000%,.14271,0.90,0.02,6424.0
GET /items?categoryId=186,169,14,7,28,4.45,0.000%,.17999,1.13,0.03,6433.0
GET /items?categoryId=187,194,13,6,26,4.30,0.000%,.20662,1.29,0.03,6374.0
GET /items?categoryId=188,162,13,6,26,5.12,0.000%,.17255,0.92,0.03,5462.0
GET /items?categoryId=189,159,13,6,24,4.03,0.000%,.16936,1.06,0.03,6384.0
GET /items?categoryId=190,144,16,6,106,14.22,0.000%,.15336,0.82,0.02,5471.0
GET /items?categoryId=191,227,14,5,52,7.62,0.000%,.24176,1.26,0.04,5339.0
GET /items?categoryId=192,172,16,6,36,6.54,0.000%,.18321,1.15,0.03,6446.0
GET /items?categoryId=193,177,14,6,36,6.15,0.000%,.18853,1.18,0.03,6416.0
GET /items?categoryId=194,168,14,7,32,6.20,0.000%,.17895,1.12,0.03,6407.0
GET /items?categoryId=195,188,15,6,32,5.45,0.000%,.20025,1.25,0.03,6403.0
GET /items?categoryId=196,155,16,7,133,15.67,0.000%,.16511,0.86,0.03,5330.0
GET /items?categoryId=197,142,15,6,39,6.82,0.000%,.15127,0.95,0.02,6405.0
GET /items?categoryId=198,181,16,6,211,26.95,0.000%,.19276,1.03,0.03,5462.0
GET /items?categoryId=199,216,35,6,235,60.24,0.000%,.23005,1.44,0.04,6410.0
GET /items?categoryId=200,187,15,6,44,8.26,0.000%,.19918,1.05,0.03,5423.0
GET /items?categoryId=201,180,16,6,38,7.76,0.000%,.19172,1.20,0.03,6403.0
GET /items?categoryId=202,128,14,6,40,7.45,0.000%,.13633,0.86,0.02,6448.0
GET /items?categoryId=203,216,14,6,31,5.43,0.000%,.23006,1.45,0.04,6441.0
GET /items?categoryId=204,142,17,6,39,8.45,0.000%,.15126,0.95,0.02,6463.0
GET /items?categoryId=205,185,35,6,183,52.52,0.000%,.19706,1.25,0.03,6493.0
GET /items?categoryId=206,190,25,5,214,39.23,0.000%,.20235,1.21,0.03,6100.0
GET /items?categoryId=207,229,20,6,215,18.05,0.000%,.24390,1.53,0.04,6425.0
GET /items?categoryId=208,191,15,5,35,7.24,0.000%,.20344,1.19,0.03,5982.0
GET /items?categoryId=209,165,15,6,34,7.01,0.000%,.17575,1.11,0.03,6450.0
GET /items?categoryId=210,182,14,7,36,4.48,0.000%,.19386,1.21,0.03,6416.0
GET /items?categoryId=211,225,16,5,36,6.92,0.000%,.23966,1.51,0.04,6455.0
GET /items?categoryId=212,213,20,6,218,24.10,0.000%,.22688,1.43,0.04,6467.0
GET /items?categoryId=213,153,20,6,195,21.69,0.000%,.16294,0.84,0.03,5269.0
GET /items?categoryId=214,201,18,6,195,18.42,0.000%,.21405,1.34,0.03,6427.0
GET /items?categoryId=215,183,16,6,40,8.33,0.000%,.19491,1.09,0.03,5727.0
GET /items?categoryId=216,162,15,6,33,5.46,0.000%,.17254,1.08,0.03,6420.0
GET /items?categoryId=217,146,14,5,29,6.28,0.000%,.15550,0.96,0.02,6343.0
GET /items?categoryId=218,148,15,5,31,6.26,0.000%,.15763,0.91,0.02,5897.0
GET /items?categoryId=219,233,14,6,41,7.50,0.000%,.24818,1.39,0.04,5718.0
GET /items?categoryId=220,161,43,5,246,73.85,0.000%,.17149,1.02,0.03,6104.0
GET /items?categoryId=221,149,27,5,168,40.00,0.000%,.15868,0.90,0.03,5824.0
GET /items?categoryId=222,164,24,6,191,36.75,0.000%,.17467,0.96,0.03,5615.0
GET /items?categoryId=223,195,18,6,115,16.23,0.000%,.20768,1.31,0.03,6452.0
GET /items?categoryId=224,194,15,6,39,7.32,0.000%,.20662,1.30,0.03,6445.0
GET /items?categoryId=225,188,14,6,37,5.51,0.000%,.20023,1.26,0.03,6452.0
GET /items?categoryId=226,152,14,7,39,6.35,0.000%,.16189,1.02,0.03,6447.0
GET /items?categoryId=227,162,15,6,39,6.12,0.000%,.17254,1.09,0.03,6460.0
GET /items?categoryId=228,204,17,6,182,18.93,0.000%,.21729,1.37,0.03,6433.0
GET /items?categoryId=229,149,21,7,182,26.98,0.000%,.15871,1.00,0.03,6465.0
GET /items?categoryId=230,191,24,6,208,31.65,0.000%,.20341,1.29,0.03,6475.0
GET /items?categoryId=231,231,15,5,60,7.54,0.000%,.24601,1.49,0.04,6209.0
GET /items?categoryId=232,139,14,8,35,5.01,0.000%,.14803,0.93,0.02,6416.0
GET /items?categoryId=233,133,14,5,33,5.76,0.000%,.14165,0.81,0.02,5862.0
GET /items?categoryId=234,221,15,7,35,6.26,0.000%,.23536,1.48,0.04,6434.0
GET /items?categoryId=235,168,14,5,35,5.66,0.000%,.17892,1.05,0.03,5991.0
GET /items?categoryId=236,182,15,6,40,5.84,0.000%,.19383,1.22,0.03,6451.0
GET /items?categoryId=237,134,29,5,209,45.51,0.000%,.14271,0.89,0.02,6419.0
GET /items?categoryId=238,222,28,8,223,43.37,0.000%,.23640,1.49,0.04,6441.0
GET /items?categoryId=239,219,18,6,52,9.53,0.000%,.23320,1.47,0.04,6475.0
GET /items?categoryId=240,152,16,6,46,8.14,0.000%,.16186,1.02,0.03,6445.0
GET /items?categoryId=241,157,15,5,39,6.68,0.000%,.16719,1.01,0.03,6202.0
GET /items?categoryId=242,159,15,6,48,7.54,0.000%,.16933,1.06,0.03,6428.0
GET /items?categoryId=243,223,17,6,48,8.52,0.000%,.23748,1.45,0.04,6232.0
GET /items?categoryId=244,148,17,6,46,9.66,0.000%,.15761,0.86,0.02,5608.0
GET /items?categoryId=245,162,20,6,142,18.99,0.000%,.17252,1.09,0.03,6473.0
GET /items?categoryId=246,166,19,7,158,20.68,0.000%,.17676,1.11,0.03,6426.0
GET /items?categoryId=247,216,20,6,184,18.06,0.000%,.22999,1.45,0.04,6445.0
GET /items?categoryId=248,190,16,7,39,6.22,0.000%,.20232,1.27,0.03,6436.0
GET /items?categoryId=249,184,13,7,32,4.89,0.000%,.19594,1.23,0.03,6433.0
GET /items?categoryId=250,216,13,6,25,4.89,0.000%,.23002,1.29,0.04,5727.0
GET /items?categoryId=251,195,15,6,33,5.75,0.000%,.20764,1.30,0.03,6422.0
GET /items?categoryId=252,150,15,6,54,8.64,0.000%,.15974,0.97,0.03,6227.0
GET /items?categoryId=253,188,17,5,55,8.59,0.000%,.20020,1.26,0.03,6457.0
GET /items?categoryId=254,180,21,6,131,21.48,0.000%,.19165,1.16,0.03,6199.0
GET /items?categoryId=255,195,19,7,81,10.27,0.000%,.20762,1.31,0.03,6469.0
GET /items?categoryId=256,148,16,6,42,8.01,0.000%,.15758,0.95,0.02,6205.0
GET /items?categoryId=257,170,14,6,36,5.55,0.000%,.18101,1.14,0.03,6433.0
GET /items?categoryId=258,151,15,7,38,6.22,0.000%,.16078,1.01,0.03,6442.0
GET /items?categoryId=259,180,16,6,31,5.82,0.000%,.19166,1.21,0.03,6450.0
GET /items?categoryId=260,198,21,6,223,32.43,0.000%,.21082,1.21,0.03,5884.0
GET /items?categoryId=261,168,15,6,58,6.71,0.000%,.17889,1.13,0.03,6450.0
GET /items?categoryId=262,152,19,6,164,21.42,0.000%,.16182,1.02,0.03,6441.0
GET /items?categoryId=263,189,28,6,174,38.76,0.000%,.20122,1.27,0.03,6476.0
GET /items?categoryId=264,179,17,6,39,8.72,0.000%,.19058,1.13,0.03,6096.0
GET /items?categoryId=265,208,18,7,45,9.15,0.000%,.22145,1.40,0.04,6464.0
GET /items?categoryId=266,145,16,6,41,7.45,0.000%,.15438,0.85,0.02,5621.0
GET /items?categoryId=267,176,39,7,256,66.60,0.000%,.18738,1.18,0.03,6473.0
GET /items?categoryId=268,204,22,6,228,27.80,0.000%,.21719,1.37,0.03,6457.0
GET /items?categoryId=269,153,16,7,38,6.05,0.000%,.16290,1.03,0.03,6480.0
GET /items?categoryId=270,184,15,5,30,5.86,0.000%,.19590,1.15,0.03,6008.0
GET /items?categoryId=271,194,19,5,201,22.91,0.000%,.20653,1.16,0.03,5731.0
GET /items?categoryId=272,146,21,6,101,16.14,0.000%,.15542,0.98,0.02,6467.0
GET /items?categoryId=273,213,19,6,49,10.34,0.000%,.22673,1.44,0.04,6482.0
GET /items?categoryId=274,195,25,6,245,41.25,0.000%,.20758,1.31,0.03,6460.0
GET /items?categoryId=275,187,20,5,185,26.49,0.000%,.19906,1.09,0.03,5584.0
GET /items?categoryId=276,168,16,6,44,8.08,0.000%,.17885,1.12,0.03,6440.0
GET /items?categoryId=277,194,15,6,43,6.39,0.000%,.20653,1.18,0.03,5852.0
GET /items?categoryId=278,182,20,7,183,29.27,0.000%,.19372,1.21,0.03,6413.0
GET /items?categoryId=279,198,21,5,177,25.17,0.000%,.21075,1.11,0.03,5372.0
GET /items?categoryId=280,213,17,5,281,19.83,0.000%,.22672,1.40,0.04,6331.0
GET /items?categoryId=281,183,26,5,296,52.19,0.000%,.19479,1.13,0.03,5942.0
GET /items?categoryId=282,188,19,6,49,10.43,0.000%,.20011,1.26,0.03,6456.0
GET /items?categoryId=283,142,17,6,60,8.80,0.000%,.15115,0.96,0.02,6473.0
GET /items?categoryId=284,192,17,6,60,9.28,0.000%,.20437,1.29,0.03,6477.0
GET /items?categoryId=285,193,20,5,53,11.21,0.000%,.20543,1.29,0.03,6439.0
GET /items?categoryId=286,153,18,6,225,18.50,0.000%,.16282,1.02,0.03,6426.0
GET /items?categoryId=287,163,21,9,183,17.47,0.000%,.17348,1.09,0.03,6434.0
GET /items?categoryId=288,156,25,7,179,20.09,0.000%,.16602,1.04,0.03,6437.0
GET /items?categoryId=289,193,19,5,47,9.79,0.000%,.20539,1.12,0.03,5585.0
GET /items?categoryId=290,141,17,6,48,7.76,0.000%,.15006,0.95,0.02,6453.0
GET /items?categoryId=291,208,15,5,47,7.62,0.000%,.22135,1.24,0.04,5757.0
GET /items?categoryId=292,206,19,7,55,10.55,0.000%,.21923,1.38,0.03,6462.0
GET /items?categoryId=293,161,15,6,43,7.17,0.000%,.17134,1.02,0.03,6102.0
GET /items?categoryId=294,166,15,6,32,5.47,0.000%,.17666,1.11,0.03,6445.0
GET /items?categoryId=295,132,20,6,171,17.67,0.000%,.14046,0.72,0.02,5239.0
GET /items?categoryId=296,196,16,5,49,7.55,0.000%,.20855,1.19,0.03,5821.0
GET /items?categoryId=297,177,18,8,100,15.45,0.000%,.18833,1.19,0.03,6452.0
GET /items?categoryId=298,197,19,8,82,10.71,0.000%,.20961,1.32,0.03,6438.0
GET /items?categoryId=299,175,18,7,49,8.66,0.000%,.18620,1.17,0.03,6432.0
GET /items?categoryId=300,163,14,6,26,5.10,0.000%,.17344,1.05,0.03,6200.0
GET /items?categoryId=301,205,18,6,51,9.30,0.000%,.21813,1.37,0.03,6420.0
GET /items?categoryId=302,167,15,6,33,5.55,0.000%,.17769,1.12,0.03,6456.0
GET /items?categoryId=303,152,19,7,173,16.02,0.000%,.16171,1.02,0.03,6449.0
GET /items?categoryId=304,188,17,6,40,8.12,0.000%,.20000,1.26,0.03,6447.0
GET /items?categoryId=305,211,15,6,35,6.01,0.000%,.22446,1.23,0.04,5590.0
GET /items?categoryId=306,193,17,6,114,11.08,0.000%,.20531,1.22,0.03,6086.0
GET /items?categoryId=307,189,17,6,53,9.04,0.000%,.20105,1.22,0.03,6228.0
GET /items?categoryId=308,177,17,7,44,6.65,0.000%,.18828,1.18,0.03,6425.0
GET /items?categoryId=309,179,17,6,39,6.84,0.000%,.19043,1.20,0.03,6434.0
GET /items?categoryId=310,210,17,7,130,14.23,0.000%,.22335,1.33,0.04,6082.0
GET /items?categoryId=311,183,20,7,116,11.92,0.000%,.19464,1.22,0.03,6408.0
GET /items?categoryId=312,142,16,6,38,8.05,0.000%,.15103,0.87,0.02,5870.0
GET /items?categoryId=313,214,15,5,37,6.11,0.000%,.22762,1.33,0.04,5967.0
GET /items?categoryId=314,213,18,6,116,12.09,0.000%,.22654,1.42,0.04,6425.0
GET /items?categoryId=315,159,18,6,46,8.97,0.000%,.16912,0.95,0.03,5738.0
GET /items?categoryId=316,196,15,6,47,7.30,0.000%,.20846,1.12,0.03,5498.0
GET /items?categoryId=317,171,12,5,37,5.81,0.000%,.18188,1.08,0.03,6077.0
GET /items?categoryId=318,150,16,5,210,21.87,0.000%,.15951,0.88,0.03,5632.0
GET /items?categoryId=319,161,15,5,43,9.21,0.000%,.17121,0.88,0.03,5267.0
GET /items?categoryId=320,159,14,5,48,8.50,0.000%,.16909,0.95,0.03,5757.0
GET /items?categoryId=321,170,12,5,31,4.91,0.000%,.18078,1.02,0.03,5769.0
GET /items?categoryId=322,140,13,6,29,4.82,0.000%,.14888,0.94,0.02,6453.0
GET /items?categoryId=323,180,18,5,118,21.27,0.000%,.19142,1.14,0.03,6119.0
GET /items?categoryId=324,157,14,5,33,7.47,0.000%,.16696,0.88,0.03,5378.0
GET /items?categoryId=325,160,13,5,32,6.53,0.000%,.17014,0.88,0.03,5271.0
GET /items?categoryId=326,181,14,5,56,7.29,0.000%,.19247,1.10,0.03,5850.0
GET /items?categoryId=327,152,24,4,217,42.38,0.000%,.16161,1.00,0.03,6339.0
GET /items?categoryId=328,155,16,4,58,11.00,0.000%,.16479,1.02,0.03,6346.0
GET /items?categoryId=329,162,14,5,32,6.23,0.000%,.17223,0.88,0.03,5245.0
GET /items?categoryId=330,164,14,6,38,6.47,0.000%,.17437,1.09,0.03,6430.0
GET /items?categoryId=331,182,13,5,36,6.78,0.000%,.19350,1.06,0.03,5621.0
GET /items?categoryId=332,140,16,7,32,6.40,0.000%,.14884,0.94,0.02,6475.0
GET /items?categoryId=333,174,16,6,106,10.25,0.000%,.18499,1.16,0.03,6443.0
GET /items?categoryId=334,190,17,6,42,7.90,0.000%,.20201,1.27,0.03,6449.0
GET /items?categoryId=335,129,17,6,40,7.92,0.000%,.13716,0.87,0.02,6462.0
GET /items?categoryId=336,177,27,5,223,47.56,0.000%,.18816,0.97,0.03,5287.0
GET /items?categoryId=337,163,16,5,46,7.87,0.000%,.17326,1.09,0.03,6435.0
GET /items?categoryId=338,207,16,6,38,6.41,0.000%,.22003,1.38,0.03,6427.0
GET /items?categoryId=339,136,15,5,33,6.57,0.000%,.14457,0.91,0.02,6450.0
GET /items?categoryId=340,171,15,6,33,5.99,0.000%,.18178,1.14,0.03,6450.0
GET /items?categoryId=341,175,15,6,26,4.77,0.000%,.18603,1.18,0.03,6477.0
GET /items?categoryId=342,182,15,5,38,8.67,0.000%,.19345,1.02,0.03,5387.0
GET /items?categoryId=343,202,17,6,53,11.68,0.000%,.21471,1.35,0.03,6437.0
GET /items?categoryId=344,155,28,6,184,36.58,0.000%,.16474,0.94,0.03,5863.0
GET /items?categoryId=345,195,17,5,70,10.47,0.000%,.20724,1.30,0.03,6443.0
GET /items?categoryId=346,200,18,6,52,9.62,0.000%,.21256,1.34,0.03,6445.0
GET /items?categoryId=347,168,14,5,41,6.30,0.000%,.17855,1.06,0.03,6063.0
GET /items?categoryId=348,191,14,5,41,7.03,0.000%,.20298,1.13,0.03,5708.0
GET /items?categoryId=349,199,21,5,99,19.29,0.000%,.21148,1.09,0.03,5286.0
GET /items?categoryId=350,220,16,6,93,10.13,0.000%,.23379,1.41,0.04,6172.0
GET /items?categoryId=351,145,23,7,206,39.82,0.000%,.15407,0.97,0.02,6418.0
GET /items?categoryId=352,204,22,6,201,20.82,0.000%,.21675,1.37,0.03,6482.0
GET /items?categoryId=353,171,15,5,54,9.74,0.000%,.18168,1.08,0.03,6070.0
GET /items?categoryId=354,201,16,6,45,7.44,0.000%,.21355,1.34,0.03,6430.0
GET /items?categoryId=355,131,17,6,47,9.54,0.000%,.13919,0.88,0.02,6471.0
GET /items?categoryId=356,197,15,5,54,7.99,0.000%,.20931,1.13,0.03,5511.0
GET /items?categoryId=357,180,14,6,35,6.56,0.000%,.19125,1.05,0.03,5616.0
GET /items?categoryId=358,185,23,5,132,30.07,0.000%,.19655,1.08,0.03,5639.0
GET /items?categoryId=359,190,21,5,143,19.36,0.000%,.20184,1.11,0.03,5610.0
GET /items?categoryId=360,147,20,7,52,12.52,0.000%,.15615,0.98,0.02,6438.0
GET /items?categoryId=361,148,15,7,40,7.11,0.000%,.15722,0.82,0.02,5345.0
GET /items?categoryId=362,231,14,5,33,6.52,0.000%,.24537,1.51,0.04,6313.0
GET /items?categoryId=363,196,13,5,31,5.17,0.000%,.20820,1.07,0.03,5264.0
GET /items?categoryId=364,202,14,5,39,6.78,0.000%,.21457,1.15,0.03,5496.0
GET /items?categoryId=365,188,18,6,60,11.06,0.000%,.19970,1.26,0.03,6437.0
GET /items?categoryId=366,198,22,5,234,31.98,0.000%,.21028,1.26,0.03,6119.0
GET /items?categoryId=367,145,19,6,175,22.28,0.000%,.15401,0.96,0.02,6350.0
GET /items?categoryId=368,129,15,5,46,7.58,0.000%,.13701,0.71,0.02,5281.0
GET /items?categoryId=369,180,17,6,41,7.41,0.000%,.19117,1.20,0.03,6450.0
GET /items?categoryId=370,168,20,5,71,16.13,0.000%,.17842,0.94,0.03,5375.0
GET /items?categoryId=371,157,15,5,40,7.96,0.000%,.16675,0.95,0.03,5849.0
GET /items?categoryId=372,134,12,5,27,4.94,0.000%,.14231,0.80,0.02,5748.0
GET /items?categoryId=373,182,14,5,38,6.11,0.000%,.19329,1.20,0.03,6339.0
GET /items?categoryId=374,177,16,6,42,7.48,0.000%,.18793,1.18,0.03,6453.0
GET /items?categoryId=375,208,20,7,107,14.53,0.000%,.22087,1.39,0.03,6433.0
GET /items?categoryId=376,188,23,6,58,13.41,0.000%,.19963,1.25,0.03,6433.0
GET /items?categoryId=377,179,19,6,43,9.26,0.000%,.19007,1.19,0.03,6435.0
GET /items?categoryId=378,169,18,6,48,9.30,0.000%,.17944,1.13,0.03,6438.0
GET /items?categoryId=379,146,17,6,42,6.66,0.000%,.15503,0.98,0.02,6467.0
GET /items?categoryId=380,187,15,6,41,6.25,0.000%,.19854,1.25,0.03,6452.0
GET /items?categoryId=381,172,14,5,35,6.14,0.000%,.18263,1.05,0.03,5875.0
GET /items?categoryId=382,198,31,6,243,53.09,0.000%,.21019,1.32,0.03,6430.0
GET /items?categoryId=383,179,16,6,106,11.35,0.000%,.19002,1.09,0.03,5894.0
GET /items?categoryId=384,164,18,7,40,8.86,0.000%,.17410,1.10,0.03,6443.0
GET /items?categoryId=385,204,18,5,54,9.50,0.000%,.21656,1.34,0.03,6349.0
GET /items?categoryId=386,218,18,7,55,9.30,0.000%,.23141,1.45,0.04,6428.0
GET /items?categoryId=387,148,16,6,43,7.75,0.000%,.15712,0.81,0.02,5270.0
GET /items?categoryId=388,144,18,5,44,8.76,0.000%,.15286,0.95,0.02,6337.0
GET /items?categoryId=389,171,20,8,103,12.33,0.000%,.18148,1.14,0.03,6456.0
GET /items?categoryId=390,184,22,6,224,24.55,0.000%,.19529,1.24,0.03,6492.0
GET /items?categoryId=391,171,17,6,52,11.03,0.000%,.18149,1.04,0.03,5854.0
GET /items?categoryId=392,142,22,7,165,22.04,0.000%,.15071,0.95,0.02,6469.0
GET /items?categoryId=393,207,18,6,44,7.78,0.000%,.21968,1.38,0.03,6455.0
GET /items?categoryId=394,145,19,7,70,11.32,0.000%,.15390,0.96,0.02,6413.0
GET /items?categoryId=395,163,19,7,55,9.67,0.000%,.17299,1.09,0.03,6461.0
GET /items?categoryId=396,172,16,6,38,6.80,0.000%,.18253,1.15,0.03,6438.0
GET /items?categoryId=397,179,24,6,200,32.98,0.000%,.18992,1.19,0.03,6443.0
GET /items?categoryId=398,209,22,6,158,24.11,0.000%,.22178,1.34,0.04,6194.0
GET /items?categoryId=399,160,18,6,63,10.03,0.000%,.16978,1.07,0.03,6462.0
GET /items?categoryId=400,181,20,5,147,22.23,0.000%,.19205,0.99,0.03,5279.0
GET /items?categoryId=401,161,18,5,57,12.82,0.000%,.17083,0.94,0.03,5618.0
GET /items?categoryId=402,177,17,9,39,7.20,0.000%,.18781,1.18,0.03,6439.0
GET /items?categoryId=403,190,15,6,47,8.54,0.000%,.20160,1.18,0.03,5998.0
GET /items?categoryId=404,180,22,6,64,12.13,0.000%,.19099,1.20,0.03,6448.0
GET /items?categoryId=405,207,25,5,200,34.64,0.000%,.21960,1.28,0.03,5981.0
GET /items?categoryId=406,206,16,6,40,7.02,0.000%,.21852,1.37,0.03,6433.0
GET /items?categoryId=407,191,15,6,192,15.81,0.000%,.20261,1.18,0.03,5954.0
GET /items?categoryId=408,152,23,5,76,20.38,0.000%,.16124,0.94,0.03,5979.0
GET /items?categoryId=409,130,19,7,72,13.65,0.000%,.13791,0.82,0.02,6084.0
GET /items?categoryId=410,206,17,6,59,9.45,0.000%,.21853,1.37,0.03,6441.0
GET /items?categoryId=411,150,16,6,55,10.08,0.000%,.15912,0.88,0.03,5690.0
GET /items?categoryId=412,156,22,8,184,24.66,0.000%,.16545,1.04,0.03,6454.0
GET /items?categoryId=413,173,29,6,227,33.39,0.000%,.18349,1.16,0.03,6459.0
GET /items?categoryId=414,190,18,8,137,12.42,0.000%,.20152,1.10,0.03,5602.0
GET /items?categoryId=415,148,39,6,172,51.54,0.000%,.15697,0.99,0.02,6472.0
GET /items?categoryId=416,181,23,7,150,20.85,0.000%,.19196,1.21,0.03,6455.0
GET /items?categoryId=417,156,19,6,70,10.04,0.000%,.16546,0.96,0.03,5969.0
GET /items?categoryId=418,194,19,6,45,9.52,0.000%,.20575,1.30,0.03,6475.0
GET /items?categoryId=419,207,18,6,38,9.08,0.000%,.21954,1.38,0.03,6444.0
GET /items?categoryId=420,199,18,5,237,21.97,0.000%,.21101,1.08,0.03,5247.0
GET /items?categoryId=421,193,21,6,59,13.40,0.000%,.20464,1.30,0.03,6482.0
GET /items?categoryId=422,152,17,7,42,6.85,0.000%,.16119,1.02,0.03,6466.0
GET /items?categoryId=423,169,22,7,159,20.33,0.000%,.17920,1.12,0.03,6425.0
GET /items?categoryId=424,232,22,7,66,12.62,0.000%,.24600,1.55,0.04,6451.0
GET /items?categoryId=425,143,17,6,54,11.34,0.000%,.15163,0.92,0.02,6195.0
GET /items?categoryId=426,153,15,7,33,5.48,0.000%,.16224,0.95,0.03,5979.0
GET /items?categoryId=427,144,17,7,57,8.88,0.000%,.15269,0.96,0.02,6460.0
GET /items?categoryId=428,217,25,7,214,32.62,0.000%,.23005,1.45,0.04,6442.0
GET /items?categoryId=429,157,17,5,51,10.55,0.000%,.16644,0.88,0.03,5387.0
GET /items?categoryId=430,150,16,6,47,8.25,0.000%,.15902,0.83,0.03,5348.0
GET /items?categoryId=431,168,27,7,136,31.69,0.000%,.17811,1.12,0.03,6429.0
GET /items?categoryId=432,174,20,6,140,15.63,0.000%,.18445,1.16,0.03,6452.0
GET /items?categoryId=433,144,19,7,77,10.26,0.000%,.15266,0.96,0.02,6454.0
GET /items?categoryId=434,179,16,6,50,8.76,0.000%,.18976,1.13,0.03,6086.0
GET /items?categoryId=435,182,13,6,27,4.69,0.000%,.19294,1.08,0.03,5737.0
GET /items?categoryId=436,153,21,7,172,18.32,0.000%,.16217,0.99,0.03,6226.0
GET /items?categoryId=437,200,17,5,46,8.17,0.000%,.21196,1.21,0.03,5849.0
GET /items?categoryId=438,193,17,5,46,9.41,0.000%,.20454,1.22,0.03,6101.0
GET /items?categoryId=439,182,26,7,179,36.13,0.000%,.19290,1.22,0.03,6455.0
GET /items?categoryId=440,227,15,6,39,7.60,0.000%,.24056,1.30,0.04,5533.0
GET /items?categoryId=441,133,18,6,43,9.46,0.000%,.14096,0.89,0.02,6446.0
GET /items?categoryId=442,166,19,7,62,10.67,0.000%,.17593,1.11,0.03,6450.0
GET /items?categoryId=443,149,19,8,156,15.93,0.000%,.15788,1.00,0.02,6462.0
GET /items?categoryId=444,156,21,5,177,22.89,0.000%,.16531,0.99,0.03,6114.0
GET /items?categoryId=445,210,17,7,46,7.81,0.000%,.22252,1.40,0.04,6431.0
GET /items?categoryId=446,140,18,8,38,7.38,0.000%,.14835,0.94,0.02,6478.0
GET /items?categoryId=447,199,17,6,151,14.85,0.000%,.21086,1.21,0.03,5868.0
GET /items?categoryId=448,196,16,6,57,8.79,0.000%,.20767,1.14,0.03,5623.0
GET /items?categoryId=449,185,19,7,59,12.58,0.000%,.19602,1.23,0.03,6443.0
GET /items?categoryId=450,206,18,6,52,8.90,0.000%,.21827,1.38,0.03,6454.0
GET /items?categoryId=451,193,24,5,211,36.97,0.000%,.20445,1.14,0.03,5733.0
GET /items?categoryId=452,175,23,6,191,19.85,0.000%,.18537,0.99,0.03,5496.0
GET /items?categoryId=453,171,17,7,41,7.05,0.000%,.18113,0.93,0.03,5275.0
GET /items?categoryId=454,172,17,6,42,7.55,0.000%,.18219,1.14,0.03,6416.0
GET /items?categoryId=455,180,20,5,159,22.14,0.000%,.19067,1.14,0.03,6134.0
GET /items?categoryId=456,220,19,6,58,10.65,0.000%,.23304,1.47,0.04,6480.0
GET /items?categoryId=457,169,35,6,252,60.68,0.000%,.17897,1.13,0.03,6448.0
GET /items?categoryId=458,168,30,6,251,51.16,0.000%,.17792,0.98,0.03,5618.0
GET /items?categoryId=459,188,23,8,139,19.43,0.000%,.19910,1.25,0.03,6444.0
GET /items?categoryId=460,165,17,7,53,8.63,0.000%,.17474,1.10,0.03,6447.0
GET /items?categoryId=461,203,20,4,56,13.00,0.000%,.21498,1.11,0.03,5266.0
GET /items?categoryId=462,161,24,7,183,23.33,0.000%,.17050,1.08,0.03,6460.0
GET /items?categoryId=463,157,18,5,55,12.27,0.000%,.16625,0.87,0.03,5367.0
GET /items?categoryId=464,162,21,6,54,9.87,0.000%,.17156,1.08,0.03,6456.0
GET /items?categoryId=465,149,19,6,54,11.69,0.000%,.15777,0.85,0.02,5498.0
GET /items?categoryId=466,172,18,8,47,7.77,0.000%,.18212,1.15,0.03,6450.0
GET /items?categoryId=467,155,22,6,67,16.36,0.000%,.16412,0.94,0.03,5863.0
GET /items?categoryId=468,142,15,7,41,6.00,0.000%,.19831,1.25,0.03,6451.0
GET /items?categoryId=469,124,17,5,63,11.59,0.000%,.17317,0.95,0.03,5620.0
GET /items?categoryId=470,151,23,6,144,23.72,0.000%,.21086,1.33,0.03,6451.0
GET /items?categoryId=471,146,19,7,126,13.28,0.000%,.20390,1.26,0.03,6340.0
GET /items?categoryId=472,133,20,6,58,11.44,0.000%,.18574,1.18,0.03,6480.0
GET /items?categoryId=473,141,18,6,58,9.91,0.000%,.19691,1.24,0.03,6440.0
GET /items?categoryId=474,166,16,5,56,10.16,0.000%,.23182,1.33,0.04,5884.0
GET /items?categoryId=475,153,19,7,55,10.51,0.000%,.21367,1.35,0.03,6449.0
GET /items?categoryId=476,140,18,7,45,9.13,0.000%,.19550,1.23,0.03,6446.0
GET /items?categoryId=477,136,16,8,39,7.62,0.000%,.18994,1.19,0.03,6440.0
GET /items?categoryId=478,140,29,7,189,44.15,0.000%,.19553,1.23,0.03,6448.0
GET /items?categoryId=479,146,18,7,39,8.33,0.000%,.20391,1.29,0.03,6458.0
GET /items?categoryId=480,191,21,6,101,13.86,0.000%,.26676,1.68,0.04,6457.0
GET /items?categoryId=481,124,17,6,42,8.47,0.000%,.17317,1.05,0.03,6203.0
GET /items?categoryId=482,165,15,5,43,7.47,0.000%,.23044,1.43,0.04,6339.0
GET /items?categoryId=483,136,17,7,36,6.84,0.000%,.18994,1.19,0.03,6414.0
GET /items?categoryId=484,146,15,5,36,6.36,0.000%,.20390,1.07,0.03,5383.0
GET /items?categoryId=485,146,22,5,147,30.87,0.000%,.20390,1.14,0.03,5725.0
GET /items?categoryId=486,122,18,7,48,10.35,0.000%,.17040,1.08,0.03,6465.0
GET /items?categoryId=487,187,16,6,40,7.67,0.000%,.26117,1.62,0.04,6346.0
GET /items?categoryId=488,126,16,6,37,8.70,0.000%,.17598,1.05,0.03,6112.0
GET /items?categoryId=489,141,19,7,59,9.33,0.000%,.19693,1.24,0.03,6446.0
GET /items?categoryId=490,124,16,6,50,8.06,0.000%,.17318,0.93,0.03,5518.0
GET /items?categoryId=491,182,19,7,54,8.99,0.000%,.25419,1.60,0.04,6463.0
GET /items?categoryId=492,133,16,6,51,8.26,0.000%,.18575,0.97,0.03,5362.0
GET /items?categoryId=493,102,21,7,178,25.90,0.000%,.14247,0.90,0.02,6454.0
GET /items?categoryId=494,164,21,6,65,14.05,0.000%,.22905,1.28,0.04,5715.0
GET /items?categoryId=495,179,22,7,69,14.66,0.000%,.25000,1.57,0.04,6447.0
GET /items?categoryId=496,122,19,6,50,10.11,0.000%,.17039,1.08,0.03,6462.0
GET /items?categoryId=497,121,17,5,59,12.10,0.000%,.16901,0.98,0.03,5937.0
GET /items?categoryId=498,128,17,7,52,8.92,0.000%,.17879,1.13,0.03,6457.0
GET /items?categoryId=499,135,19,6,84,12.20,0.000%,.18856,1.16,0.03,6320.0
GET /items?categoryId=500,164,18,6,109,13.11,0.000%,.22906,1.23,0.04,5506.0
GET /items?categoryId=501,156,20,6,128,19.14,0.000%,.21790,1.30,0.03,6095.0
GET /items?categoryId=502,157,15,5,35,7.72,0.000%,.21928,1.27,0.03,5918.0
GET /items?categoryId=503,145,23,7,68,15.26,0.000%,.20253,1.28,0.03,6462.0
GET /items?categoryId=504,145,15,5,45,8.02,0.000%,.20253,1.20,0.03,6080.0
GET /items?categoryId=505,138,16,5,47,8.20,0.000%,.19275,1.14,0.03,6071.0
GET /items?categoryId=506,124,18,7,45,10.77,0.000%,.17321,1.09,0.03,6438.0
GET /items?categoryId=507,164,19,8,55,10.83,0.000%,.22907,1.45,0.04,6463.0
GET /items?categoryId=508,155,30,9,171,28.83,0.000%,.21649,1.36,0.03,6456.0
GET /items?categoryId=509,117,22,8,91,15.08,0.000%,.16343,1.03,0.03,6446.0
GET /items?categoryId=510,164,24,7,91,17.57,0.000%,.22907,1.44,0.04,6431.0
GET /items?categoryId=511,153,25,7,82,16.45,0.000%,.21370,1.35,0.03,6470.0
GET /items?categoryId=512,123,20,7,48,11.85,0.000%,.17182,0.88,0.03,5252.0
GET /items?categoryId=513,122,22,8,49,11.24,0.000%,.17042,1.07,0.03,6458.0
GET /items?categoryId=514,143,22,6,177,24.99,0.000%,.19976,1.21,0.03,6218.0
GET /items?categoryId=515,167,42,7,177,52.40,0.000%,.23328,1.47,0.04,6474.0
GET /items?categoryId=516,151,21,8,52,9.90,0.000%,.21093,1.32,0.03,6423.0
GET /items?categoryId=517,176,27,7,95,20.15,0.000%,.24582,1.32,0.04,5511.0
GET /items?categoryId=518,138,23,7,49,10.77,0.000%,.19276,1.22,0.03,6470.0
GET /items?categoryId=519,123,20,5,73,16.15,0.000%,.17180,0.92,0.03,5473.0
GET /items?categoryId=520,116,28,9,71,17.33,0.000%,.16205,1.02,0.03,6468.0
GET /items?categoryId=521,167,26,7,68,17.78,0.000%,.23329,1.47,0.04,6470.0
GET /items?categoryId=522,154,28,6,101,17.61,0.000%,.21513,1.36,0.03,6461.0
GET /items?categoryId=523,119,20,6,84,12.25,0.000%,.16624,1.05,0.03,6458.0
GET /items?categoryId=524,151,23,5,73,16.89,0.000%,.21097,1.16,0.03,5638.0
GET /items?categoryId=525,116,21,5,47,12.16,0.000%,.16208,1.00,0.03,6324.0
GET /items?categoryId=526,113,21,6,59,11.73,0.000%,.15788,0.93,0.02,6061.0
GET /items?categoryId=527,115,23,8,60,11.70,0.000%,.16067,1.01,0.03,6442.0
GET /items?categoryId=528,169,22,5,50,12.83,0.000%,.23611,1.27,0.04,5498.0
GET /items?categoryId=529,146,24,6,64,12.63,0.000%,.20400,1.29,0.03,6456.0
GET /items?categoryId=530,161,34,7,124,34.06,0.000%,.22498,1.42,0.04,6462.0
GET /items?categoryId=531,142,22,6,98,19.84,0.000%,.19842,1.23,0.03,6325.0
GET /items?categoryId=532,137,19,6,51,12.46,0.000%,.19143,1.14,0.03,6094.0
GET /items?categoryId=533,133,23,6,73,17.71,0.000%,.18584,1.17,0.03,6457.0
GET /items?categoryId=534,155,20,5,79,18.47,0.000%,.21658,1.26,0.03,5955.0
GET /items?categoryId=535,147,20,6,72,17.95,0.000%,.20540,1.20,0.03,5977.0
GET /items?categoryId=536,146,25,9,86,17.51,0.000%,.20402,1.28,0.03,6448.0
GET /items?categoryId=537,158,19,8,55,7.89,0.000%,.22078,1.39,0.03,6450.0
GET /items?categoryId=538,113,24,7,133,20.61,0.000%,.15790,1.00,0.02,6455.0
GET /items?categoryId=539,139,19,7,53,9.98,0.000%,.19423,1.22,0.03,6454.0
GET /items?categoryId=540,177,16,6,48,8.14,0.000%,.24732,1.41,0.04,5851.0
GET /items?categoryId=541,96,18,8,39,5.91,0.000%,.13416,0.84,0.02,6417.0
GET /items?categoryId=542,139,18,8,54,11.30,0.000%,.19424,1.11,0.03,5853.0
GET /items?categoryId=543,146,23,8,76,15.50,0.000%,.20402,1.29,0.03,6468.0
GET /items?categoryId=544,123,21,6,73,13.12,0.000%,.17187,1.08,0.03,6426.0
GET /items?categoryId=545,122,22,7,87,15.13,0.000%,.17048,1.07,0.03,6434.0
GET /items?categoryId=546,167,32,8,118,26.50,0.000%,.23336,1.47,0.04,6456.0
GET /items?categoryId=547,109,19,7,57,8.85,0.000%,.15231,0.96,0.02,6466.0
GET /items?categoryId=548,170,24,6,74,17.12,0.000%,.23756,1.50,0.04,6478.0
GET /items?categoryId=549,142,19,6,54,9.95,0.000%,.19846,1.18,0.03,6063.0
GET /items?categoryId=550,152,23,7,64,14.11,0.000%,.21241,1.34,0.03,6456.0
GET /items?categoryId=551,178,19,7,60,9.51,0.000%,.24874,1.57,0.04,6473.0
GET /items?categoryId=552,162,16,5,39,7.31,0.000%,.22638,1.19,0.04,5380.0
GET /items?categoryId=553,109,18,9,83,11.65,0.000%,.15234,0.96,0.02,6464.0
GET /items?categoryId=554,145,25,8,87,20.74,0.000%,.20264,1.28,0.03,6460.0
GET /items?categoryId=555,147,25,5,95,19.05,0.000%,.20543,1.29,0.03,6437.0
GET /items?categoryId=556,163,24,9,75,16.39,0.000%,.22778,1.44,0.04,6466.0
GET /items?categoryId=557,87,16,5,46,8.52,0.000%,.12158,0.69,0.02,5772.0
GET /items?categoryId=558,153,24,9,78,19.08,0.000%,.21381,1.34,0.03,6440.0
GET /items?categoryId=559,172,20,6,85,18.46,0.000%,.24037,1.29,0.04,5500.0
GET /items?categoryId=560,146,23,6,192,27.71,0.000%,.20403,1.17,0.03,5863.0
GET /items?categoryId=561,107,44,9,216,62.89,0.000%,.14955,0.95,0.02,6484.0
GET /items?categoryId=562,91,23,7,82,17.27,0.000%,.12718,0.80,0.02,6478.0
GET /items?categoryId=563,158,24,7,82,18.24,0.000%,.22081,1.39,0.03,6443.0
GET /items?categoryId=564,109,24,6,75,17.99,0.000%,.15233,0.96,0.02,6485.0
GET /items?categoryId=565,158,21,5,59,13.32,0.000%,.22079,1.34,0.03,6202.0
GET /items?categoryId=566,150,23,9,49,9.14,0.000%,.20961,1.32,0.03,6439.0
GET /items?categoryId=567,119,21,10,50,10.18,0.000%,.16631,1.01,0.03,6216.0
GET /items?categoryId=568,145,32,9,189,37.52,0.000%,.20264,1.28,0.03,6457.0
GET /items?categoryId=569,152,26,6,169,26.06,0.000%,.21241,1.12,0.03,5389.0
GET /items?categoryId=570,134,24,8,65,13.89,0.000%,.18727,1.19,0.03,6496.0
GET /items?categoryId=571,190,19,9,71,10.08,0.000%,.26554,1.43,0.04,5522.0
GET /items?categoryId=572,145,22,7,55,12.54,0.000%,.20265,1.27,0.03,6433.0
GET /items?categoryId=573,124,18,9,49,8.63,0.000%,.17332,1.01,0.03,5991.0
GET /items?categoryId=574,151,24,6,73,14.47,0.000%,.21101,1.20,0.03,5838.0
GET /items?categoryId=575,177,46,9,204,61.27,0.000%,.24736,1.42,0.04,5862.0
GET /items?categoryId=576,121,24,9,63,13.88,0.000%,.16912,1.07,0.03,6457.0
GET /items?categoryId=577,134,24,10,68,10.70,0.000%,.18728,1.18,0.03,6475.0
GET /items?categoryId=578,128,24,7,67,16.57,0.000%,.17889,1.04,0.03,5972.0
GET /items?categoryId=579,165,21,7,55,11.97,0.000%,.23060,1.32,0.04,5842.0
GET /items?categoryId=580,154,29,6,85,22.02,0.000%,.21523,1.21,0.03,5750.0
GET /items?categoryId=581,129,40,7,215,49.20,0.000%,.18029,1.13,0.03,6437.0
GET /items?categoryId=582,142,35,7,183,48.76,0.000%,.19850,1.07,0.03,5496.0
GET /items?categoryId=583,130,21,7,79,15.46,0.000%,.18171,1.02,0.03,5725.0
GET /items?categoryId=584,128,27,9,116,16.39,0.000%,.17891,1.13,0.03,6461.0
GET /items?categoryId=585,130,18,8,50,7.40,0.000%,.18173,1.06,0.03,5974.0
GET /items?categoryId=586,124,19,8,56,7.88,0.000%,.17334,1.09,0.03,6457.0
GET /items?categoryId=587,142,17,7,47,8.74,0.000%,.19849,1.14,0.03,5868.0
GET /items?categoryId=588,132,25,9,76,17.17,0.000%,.18451,1.16,0.03,6457.0
GET /items?categoryId=589,162,31,6,238,52.00,0.000%,.22643,1.35,0.04,6105.0
GET /items?categoryId=590,146,29,6,216,43.07,0.000%,.20407,1.12,0.03,5608.0
GET /items?categoryId=591,152,26,5,114,24.61,0.000%,.21245,1.09,0.03,5263.0
GET /items?categoryId=592,139,37,8,122,30.81,0.000%,.19430,1.23,0.03,6460.0
GET /items?categoryId=593,118,37,8,113,28.37,0.000%,.16494,1.03,0.03,6424.0
GET /items?categoryId=594,114,23,8,164,21.52,0.000%,.15935,0.86,0.03,5505.0
GET /items?categoryId=595,159,47,6,191,58.53,0.000%,.22226,1.14,0.04,5259.0
GET /items?categoryId=596,142,23,8,56,12.27,0.000%,.19848,1.25,0.03,6457.0
GET /items?categoryId=597,162,19,7,89,13.59,0.000%,.22646,1.39,0.04,6307.0
GET /items?categoryId=598,115,20,8,91,14.58,0.000%,.16076,1.01,0.03,6444.0
GET /items?categoryId=599,143,21,6,70,16.25,0.000%,.19990,1.03,0.03,5258.0
GET /items?categoryId=600,142,20,5,51,13.14,0.000%,.19851,1.06,0.03,5485.0
GET /items?categoryId=601,125,26,6,68,16.61,0.000%,.17473,1.10,0.03,6460.0
GET /items?categoryId=602,108,16,6,32,7.02,0.000%,.15096,0.81,0.02,5469.0
GET /items?categoryId=603,164,24,8,125,22.66,0.000%,.22925,1.39,0.04,6194.0
GET /items?categoryId=604,154,26,8,71,15.86,0.000%,.21528,1.13,0.03,5396.0
GET /items?categoryId=605,124,24,7,88,19.85,0.000%,.17333,1.01,0.03,5983.0
GET /items?categoryId=606,110,19,6,66,13.24,0.000%,.15376,0.88,0.02,5838.0
GET /items?categoryId=607,177,19,6,64,12.74,0.000%,.24741,1.27,0.04,5245.0
GET /items?categoryId=608,152,26,8,212,24.37,0.000%,.21248,1.34,0.03,6474.0
GET /items?categoryId=609,130,27,7,190,28.16,0.000%,.18174,1.10,0.03,6222.0
GET /items?categoryId=610,136,21,8,84,13.01,0.000%,.19012,1.20,0.03,6461.0
GET /items?categoryId=611,136,22,5,72,14.59,0.000%,.19011,1.18,0.03,6331.0
GET /items?categoryId=612,125,20,5,55,11.09,0.000%,.17475,0.96,0.03,5649.0
GET /items?categoryId=613,135,21,7,76,13.37,0.000%,.18870,1.16,0.03,6312.0
GET /items?categoryId=614,99,22,10,68,12.11,0.000%,.13840,0.82,0.02,6077.0
GET /items?categoryId=615,132,22,6,67,13.01,0.000%,.18452,1.08,0.03,6015.0
GET /items?categoryId=616,107,42,9,271,63.84,0.000%,.14958,0.94,0.02,6430.0
GET /items?categoryId=617,154,30,7,98,23.83,0.000%,.21528,1.36,0.03,6451.0
GET /items?categoryId=618,132,27,6,73,21.99,0.000%,.18453,1.12,0.03,6228.0
GET /items?categoryId=619,122,20,7,66,12.51,0.000%,.17055,0.93,0.03,5601.0
GET /items?categoryId=620,127,24,8,72,15.24,0.000%,.17753,1.12,0.03,6476.0
GET /items?categoryId=621,162,21,8,63,9.48,0.000%,.22645,1.42,0.04,6440.0
GET /items?categoryId=622,153,36,8,122,29.38,0.000%,.21389,1.35,0.03,6468.0
GET /items?categoryId=623,119,20,7,219,20.86,0.000%,.16637,1.05,0.03,6458.0
GET /items?categoryId=624,107,26,6,86,22.35,0.000%,.14959,0.86,0.02,5853.0
GET /items?categoryId=625,167,26,10,85,13.41,0.000%,.23345,1.47,0.04,6438.0
GET /items?categoryId=626,141,25,10,74,18.76,0.000%,.19710,1.24,0.03,6442.0
GET /items?categoryId=627,137,24,7,64,14.36,0.000%,.19151,1.21,0.03,6454.0
GET /items?categoryId=628,112,22,8,74,15.69,0.000%,.15658,0.98,0.02,6432.0
GET /items?categoryId=629,145,19,6,67,10.24,0.000%,.20272,1.14,0.03,5756.0
GET /items?categoryId=630,164,29,8,232,36.91,0.000%,.22927,1.44,0.04,6421.0
GET /items?categoryId=631,115,27,8,84,20.33,0.000%,.16077,1.01,0.03,6439.0
GET /items?categoryId=632,173,25,6,126,18.89,0.000%,.24186,1.35,0.04,5719.0
GET /items?categoryId=633,139,18,8,83,10.73,0.000%,.19431,1.08,0.03,5686.0
GET /items?categoryId=634,155,23,9,64,12.80,0.000%,.21670,1.37,0.03,6495.0
GET /items?categoryId=635,126,20,9,49,8.89,0.000%,.17616,1.11,0.03,6428.0
GET /items?categoryId=636,104,16,6,39,5.82,0.000%,.14540,0.75,0.02,5264.0
GET /items?categoryId=637,189,31,10,212,40.17,0.000%,.26422,1.66,0.04,6448.0
GET /items?categoryId=638,132,27,9,91,21.68,0.000%,.18454,1.16,0.03,6449.0
GET /items?categoryId=639,135,23,8,80,13.87,0.000%,.18872,1.19,0.03,6454.0
GET /items?categoryId=640,102,30,7,131,36.15,0.000%,.14261,0.73,0.02,5267.0
GET /items?categoryId=641,174,30,8,132,28.41,0.000%,.24326,1.45,0.04,6083.0
GET /items?categoryId=642,161,31,7,106,25.09,0.000%,.22509,1.41,0.04,6430.0
GET /items?categoryId=643,101,29,11,181,20.62,0.000%,.14119,0.89,0.02,6442.0
GET /items?categoryId=644,118,20,8,54,12.44,0.000%,.16496,1.00,0.03,6209.0
GET /items?categoryId=645,155,26,9,102,23.76,0.000%,.21670,1.37,0.03,6459.0
GET /items?categoryId=646,152,27,9,99,21.44,0.000%,.21250,1.33,0.03,6433.0
GET /items?categoryId=647,139,27,8,87,21.89,0.000%,.19433,1.22,0.03,6420.0
GET /items?categoryId=648,113,21,7,87,16.89,0.000%,.15797,0.99,0.02,6444.0
GET /items?categoryId=649,179,23,7,90,16.22,0.000%,.25023,1.57,0.04,6427.0
GET /items?categoryId=650,126,42,7,223,59.44,0.000%,.17615,1.05,0.03,6079.0
GET /items?categoryId=651,129,26,7,124,24.37,0.000%,.18035,0.98,0.03,5589.0
GET /items?categoryId=652,144,30,6,126,31.15,0.000%,.20132,1.08,0.03,5472.0
GET /items?categoryId=653,128,26,11,86,15.04,0.000%,.17894,1.12,0.03,6414.0
GET /items?categoryId=654,168,21,6,68,12.26,0.000%,.23487,1.20,0.04,5240.0
GET /items?categoryId=655,136,36,10,267,58.43,0.000%,.19012,1.20,0.03,6438.0
GET /items?categoryId=656,142,62,9,302,89.96,0.000%,.19850,1.25,0.03,6445.0
GET /items?categoryId=657,162,25,7,88,22.96,0.000%,.22646,1.37,0.04,6194.0
GET /items?categoryId=658,158,31,8,133,25.82,0.000%,.22090,1.39,0.03,6454.0
GET /items?categoryId=659,152,36,8,132,30.69,0.000%,.21252,1.34,0.03,6476.0
GET /items?categoryId=660,112,24,9,54,13.34,0.000%,.15659,0.99,0.02,6449.0
GET /items?categoryId=661,179,26,10,76,15.32,0.000%,.25027,1.58,0.04,6470.0
GET /items?categoryId=662,168,24,7,221,28.37,0.000%,.23489,1.43,0.04,6228.0
GET /items?categoryId=663,108,19,8,51,8.92,0.000%,.15100,0.80,0.02,5394.0
GET /items?categoryId=664,136,25,10,60,14.39,0.000%,.19014,1.20,0.03,6448.0
GET /items?categoryId=665,137,28,9,69,15.31,0.000%,.19156,1.21,0.03,6460.0
GET /items?categoryId=666,146,21,6,51,8.80,0.000%,.20414,1.17,0.03,5844.0
GET /items?categoryId=667,128,19,6,97,14.29,0.000%,.17897,0.94,0.03,5361.0
GET /items?categoryId=668,136,34,8,146,28.61,0.000%,.19015,1.20,0.03,6472.0
GET /items?categoryId=669,169,32,6,245,49.74,0.000%,.23629,1.24,0.04,5357.0
GET /items?categoryId=670,157,24,7,71,16.05,0.000%,.21955,1.36,0.03,6339.0
GET /items?categoryId=671,117,19,6,53,10.85,0.000%,.16358,0.90,0.03,5620.0
GET /items?categoryId=672,183,23,5,80,12.33,0.000%,.25586,1.52,0.04,6093.0
GET /items?categoryId=673,134,28,8,80,18.77,0.000%,.18738,1.18,0.03,6439.0
GET /items?categoryId=674,142,27,6,74,18.27,0.000%,.19857,1.14,0.03,5854.0
GET /items?categoryId=675,139,35,11,188,34.44,0.000%,.19436,1.22,0.03,6445.0
GET /items?categoryId=676,124,24,9,98,13.60,0.000%,.17339,1.09,0.03,6432.0
GET /items?categoryId=677,159,28,8,151,28.24,0.000%,.22233,1.25,0.04,5749.0
GET /items?categoryId=678,143,39,6,141,38.30,0.000%,.19996,1.03,0.03,5253.0
GET /items?categoryId=679,182,29,9,90,19.84,0.000%,.25450,1.61,0.04,6472.0
GET /items?categoryId=680,119,21,8,67,12.25,0.000%,.16642,0.87,0.03,5351.0
GET /items?categoryId=681,152,37,7,190,28.37,0.000%,.21257,1.24,0.03,5972.0
GET /items?categoryId=682,114,34,8,244,40.82,0.000%,.15942,0.84,0.03,5369.0
GET /items?categoryId=683,161,30,10,112,24.18,0.000%,.22515,1.42,0.04,6451.0
GET /items?categoryId=684,145,30,9,95,20.94,0.000%,.20277,1.28,0.03,6488.0
GET /items?categoryId=685,116,35,7,133,33.94,0.000%,.16222,0.97,0.03,6107.0
GET /items?categoryId=686,126,28,11,152,16.33,0.000%,.17623,1.11,0.03,6461.0
GET /items?categoryId=687,151,31,8,73,17.06,0.000%,.21119,1.34,0.03,6475.0
GET /items?categoryId=688,145,27,7,228,39.44,0.000%,.20279,1.04,0.03,5253.0
GET /items?categoryId=689,141,26,6,227,31.87,0.000%,.19720,1.22,0.03,6329.0
GET /items?categoryId=690,89,37,9,93,25.22,0.000%,.12448,0.78,0.02,6452.0
GET /items?categoryId=691,187,28,11,89,19.70,0.000%,.26154,1.65,0.04,6476.0
GET /items?categoryId=692,139,33,9,127,32.17,0.000%,.19444,1.23,0.03,6456.0
GET /items?categoryId=693,116,30,11,91,21.13,0.000%,.16226,1.03,0.03,6478.0
GET /items?categoryId=694,119,27,8,119,19.48,0.000%,.16646,1.05,0.03,6459.0
GET /items?categoryId=695,161,31,11,226,26.86,0.000%,.22521,1.42,0.04,6436.0
GET /items?categoryId=696,122,26,9,69,15.14,0.000%,.17068,1.07,0.03,6445.0
GET /items?categoryId=697,129,24,6,81,17.65,0.000%,.18047,0.95,0.03,5380.0
GET /items?categoryId=698,128,28,9,99,21.04,0.000%,.17907,1.13,0.03,6460.0
GET /items?categoryId=699,144,22,7,72,14.02,0.000%,.20145,1.04,0.03,5273.0
GET /items?categoryId=700,154,26,6,277,37.33,0.000%,.21541,1.18,0.03,5632.0
GET /items?categoryId=701,170,53,7,276,73.91,0.000%,.23780,1.42,0.04,6099.0
GET /items?categoryId=702,111,28,5,79,21.00,0.000%,.15527,0.83,0.02,5497.0
GET /items?categoryId=703,149,32,8,160,25.90,0.000%,.20845,1.09,0.03,5369.0
GET /items?categoryId=704,147,30,7,86,14.95,0.000%,.20565,1.30,0.03,6456.0
GET /items?categoryId=705,137,34,7,113,24.73,0.000%,.19166,1.21,0.03,6468.0
GET /items?categoryId=706,116,32,8,99,24.84,0.000%,.16230,0.93,0.03,5862.0
GET /items?categoryId=707,158,27,6,182,27.39,0.000%,.22105,1.24,0.03,5732.0
GET /items?categoryId=708,166,28,5,188,29.66,0.000%,.23225,1.25,0.04,5507.0
GET /items?categoryId=709,146,31,9,104,23.05,0.000%,.20426,1.12,0.03,5618.0
GET /items?categoryId=710,94,35,9,110,23.47,0.000%,.13152,0.83,0.02,6449.0
GET /items?categoryId=711,181,28,7,66,14.84,0.000%,.25323,1.60,0.04,6456.0
GET /items?categoryId=712,124,46,9,280,64.25,0.000%,.17349,1.09,0.03,6437.0
GET /items?categoryId=713,138,59,8,239,77.66,0.000%,.19307,1.22,0.03,6450.0
GET /items?categoryId=714,144,26,5,87,19.02,0.000%,.20147,1.11,0.03,5622.0
GET /items?categoryId=715,169,28,8,89,21.04,0.000%,.23644,1.49,0.04,6439.0
GET /items?categoryId=716,136,26,8,117,30.09,0.000%,.19030,1.09,0.03,5841.0
GET /items?categoryId=717,132,36,7,275,57.24,0.000%,.18470,0.99,0.03,5501.0
GET /items?categoryId=718,142,62,6,257,92.23,0.000%,.19870,1.06,0.03,5477.0
GET /items?categoryId=719,142,34,9,193,36.10,0.000%,.19869,1.25,0.03,6431.0
GET /items?categoryId=720,128,34,8,161,23.73,0.000%,.17908,1.14,0.03,6491.0
GET /items?categoryId=721,161,32,11,102,18.62,0.000%,.22526,1.42,0.04,6456.0
GET /items?categoryId=722,119,26,6,103,23.03,0.000%,.16651,0.86,0.03,5273.0
GET /items?categoryId=723,137,24,9,54,9.67,0.000%,.19170,1.21,0.03,6446.0
GET /items?categoryId=724,136,32,9,198,39.17,0.000%,.19029,1.20,0.03,6457.0
GET /items?categoryId=725,147,37,8,225,38.52,0.000%,.20569,1.08,0.03,5367.0
GET /items?categoryId=726,121,38,8,124,30.82,0.000%,.16930,1.07,0.03,6446.0
GET /items?categoryId=727,166,30,9,98,23.65,0.000%,.23229,1.46,0.04,6436.0
GET /items?categoryId=728,148,30,6,120,29.88,0.000%,.20708,1.19,0.03,5881.0
GET /items?categoryId=729,110,33,8,120,27.86,0.000%,.15391,0.86,0.02,5735.0
GET /items?categoryId=730,127,35,9,215,31.57,0.000%,.17771,0.95,0.03,5483.0
GET /items?categoryId=731,126,26,9,123,22.01,0.000%,.17631,1.11,0.03,6450.0
GET /items?categoryId=732,116,26,7,91,17.06,0.000%,.16231,1.03,0.03,6472.0
GET /items?categoryId=733,187,24,8,64,11.79,0.000%,.26165,1.65,0.04,6450.0
GET /items?categoryId=734,148,27,9,74,16.24,0.000%,.20709,1.30,0.03,6437.0
GET /items?categoryId=735,158,27,11,80,16.14,0.000%,.22109,1.39,0.03,6446.0
GET /items?categoryId=736,149,43,10,240,56.00,0.000%,.20851,1.32,0.03,6464.0
GET /items?categoryId=737,107,35,10,206,45.48,0.000%,.14975,0.86,0.02,5858.0
GET /items?categoryId=738,136,34,8,120,22.87,0.000%,.19033,1.02,0.03,5506.0
GET /items?categoryId=739,161,23,10,68,10.91,0.000%,.22530,1.42,0.04,6469.0
GET /items?categoryId=740,146,23,10,80,14.13,0.000%,.20432,1.28,0.03,6427.0
GET /items?categoryId=741,110,25,8,119,22.96,0.000%,.15395,0.81,0.02,5389.0
GET /items?categoryId=742,131,32,7,120,28.51,0.000%,.18333,1.05,0.03,5860.0
GET /items?categoryId=743,168,28,9,232,28.45,0.000%,.23511,1.48,0.04,6458.0
GET /items?categoryId=744,152,20,10,63,7.92,0.000%,.21272,1.34,0.03,6450.0
GET /items?categoryId=745,156,18,8,34,4.46,0.000%,.21832,1.38,0.03,6456.0
GET /items?categoryId=746,103,29,8,132,28.02,0.000%,.14415,0.91,0.02,6444.0
GET /items?categoryId=747,105,30,10,112,24.03,0.000%,.14694,0.93,0.02,6456.0
GET /items?categoryId=748,164,16,7,39,5.32,0.000%,.22949,1.31,0.04,5854.0
GET /items?categoryId=749,127,20,9,51,6.99,0.000%,.17773,1.12,0.03,6457.0
GET /items?categoryId=750,112,19,8,179,17.95,0.000%,.15674,0.80,0.02,5258.0
GET /items?categoryId=751,158,22,6,74,16.75,0.000%,.22111,1.21,0.03,5619.0
GET /items?categoryId=752,143,17,8,36,4.99,0.000%,.20011,1.14,0.03,5847.0
GET /items?categoryId=753,128,17,7,36,6.45,0.000%,.17912,1.07,0.03,6106.0
GET /items?categoryId=754,130,21,9,38,6.29,0.000%,.18192,1.15,0.03,6448.0
GET /items?categoryId=755,162,19,7,37,6.91,0.000%,.22671,1.26,0.04,5706.0
GET /items?categoryId=756,141,28,10,114,17.73,0.000%,.19729,1.24,0.03,6445.0
GET /items?categoryId=757,170,33,10,119,27.35,0.000%,.23789,1.50,0.04,6475.0
GET /items?categoryId=758,100,21,11,135,12.89,0.000%,.13994,0.88,0.02,6439.0
GET /items?categoryId=759,109,22,9,132,17.28,0.000%,.15252,0.89,0.02,5946.0
GET /items?categoryId=760,184,17,7,41,6.50,0.000%,.25746,1.50,0.04,5965.0
GET /items?categoryId=761,145,16,6,38,6.14,0.000%,.20289,1.12,0.03,5648.0
GET /items?categoryId=762,101,17,9,27,4.15,0.000%,.14133,0.89,0.02,6449.0
GET /items?categoryId=763,103,16,7,29,5.30,0.000%,.14413,0.74,0.02,5242.0
GET /items?categoryId=764,173,29,8,148,29.03,0.000%,.24206,1.53,0.04,6452.0
GET /items?categoryId=765,146,21,8,51,9.40,0.000%,.20429,1.29,0.03,6462.0
GET /items?categoryId=766,138,26,7,139,26.37,0.000%,.19308,1.21,0.03,6429.0
GET /items?categoryId=767,165,31,11,146,23.00,0.000%,.23085,1.45,0.04,6443.0
GET /items?categoryId=768,199,24,10,66,12.15,0.000%,.27842,1.75,0.04,6441.0
GET /items?categoryId=769,146,18,8,60,10.97,0.000%,.20427,1.26,0.03,6332.0
GET /items?categoryId=770,95,16,6,56,10.61,0.000%,.13293,0.71,0.02,5490.0
GET /items?categoryId=771,140,20,8,115,15.21,0.000%,.19589,1.16,0.03,6076.0
GET /items?categoryId=772,178,21,8,124,15.88,0.000%,.24904,1.45,0.04,5958.0
GET /items?categoryId=773,125,19,12,39,5.13,0.000%,.17489,1.11,0.03,6476.0
GET /items?categoryId=774,116,25,12,167,24.16,0.000%,.16227,1.02,0.03,6429.0
GET /items?categoryId=775,178,30,8,109,27.45,0.000%,.24902,1.31,0.04,5377.0
GET /items?categoryId=776,134,22,7,68,13.73,0.000%,.18748,1.10,0.03,6001.0
GET /items?categoryId=777,149,18,8,53,10.21,0.000%,.20846,1.19,0.03,5858.0
GET /items?categoryId=778,139,18,12,39,4.96,0.000%,.19448,1.22,0.03,6449.0
GET /items?categoryId=779,142,20,10,45,7.26,0.000%,.19865,1.26,0.03,6477.0
GET /items?categoryId=780,157,20,7,138,18.83,0.000%,.21966,1.15,0.03,5376.0
GET /items?categoryId=781,142,29,8,159,27.99,0.000%,.19866,1.25,0.03,6439.0
GET /items?categoryId=782,117,25,8,68,15.65,0.000%,.16368,1.02,0.03,6408.0
GET /items?categoryId=783,98,23,12,67,12.01,0.000%,.13711,0.86,0.02,6452.0
GET /items?categoryId=784,200,22,9,93,10.02,0.000%,.27975,1.76,0.04,6459.0
GET /items?categoryId=785,137,18,6,33,6.11,0.000%,.19165,1.03,0.03,5515.0
GET /items?categoryId=786,121,17,6,48,7.75,0.000%,.16928,0.95,0.03,5730.0
GET /items?categoryId=787,118,22,13,54,8.70,0.000%,.16508,1.04,0.03,6475.0
GET /items?categoryId=788,171,22,9,126,12.21,0.000%,.23921,1.52,0.04,6490.0
GET /items?categoryId=789,143,35,11,214,31.89,0.000%,.20003,1.26,0.03,6454.0
GET /items?categoryId=790,115,21,8,70,14.83,0.000%,.16088,0.96,0.03,6096.0
GET /items?categoryId=791,171,19,6,98,13.69,0.000%,.23921,1.31,0.04,5616.0
GET /items?categoryId=792,108,28,9,101,21.01,0.000%,.15108,0.95,0.02,6445.0
GET /items?categoryId=793,167,21,7,57,12.80,0.000%,.23361,1.39,0.04,6099.0
GET /items?categoryId=794,116,26,9,124,20.33,0.000%,.16227,0.94,0.03,5953.0
GET /items?categoryId=795,138,23,9,63,14.16,0.000%,.19303,1.22,0.03,6463.0
GET /items?categoryId=796,181,25,5,185,32.71,0.000%,.25316,1.48,0.04,5989.0
GET /items?categoryId=797,123,30,11,182,32.79,0.000%,.17205,1.09,0.03,6464.0
GET /items?categoryId=798,148,23,7,66,13.95,0.000%,.20700,1.16,0.03,5741.0
GET /items?categoryId=799,124,26,5,128,27.17,0.000%,.17344,0.97,0.03,5734.0
GET /items?categoryId=800,128,26,7,128,21.12,0.000%,.17905,1.10,0.03,6300.0
GET /items?categoryId=801,140,23,8,78,16.05,0.000%,.19583,1.10,0.03,5728.0
GET /items?categoryId=802,121,40,7,206,45.86,0.000%,.16927,0.95,0.03,5747.0
GET /items?categoryId=803,124,50,7,187,45.31,0.000%,.17343,1.09,0.03,6443.0
GET /items?categoryId=804,123,35,8,173,37.65,0.000%,.17206,0.99,0.03,5894.0
GET /items?categoryId=805,159,28,6,84,20.21,0.000%,.22242,1.24,0.04,5729.0
GET /items?categoryId=806,133,41,8,133,29.96,0.000%,.18606,1.06,0.03,5843.0
GET /items?categoryId=807,107,28,6,67,15.97,0.000%,.14970,0.77,0.02,5259.0
GET /items?categoryId=808,157,29,7,195,41.87,0.000%,.21963,1.20,0.03,5615.0
GET /items?categoryId=809,157,20,8,51,6.57,0.000%,.21964,1.39,0.03,6460.0
GET /items?categoryId=810,120,17,6,39,7.83,0.000%,.16788,1.02,0.03,6207.0
GET /items?categoryId=811,149,20,10,48,7.05,0.000%,.20847,1.31,0.03,6443.0
GET /items?categoryId=812,170,25,6,109,26.20,0.000%,.23782,1.36,0.04,5839.0
GET /items?categoryId=813,130,16,8,101,10.37,0.000%,.18189,1.02,0.03,5736.0
GET /items?categoryId=814,147,16,6,30,4.46,0.000%,.20565,1.08,0.03,5378.0
GET /items?categoryId=815,121,37,6,187,49.26,0.000%,.16929,0.99,0.03,5974.0
GET /items?categoryId=816,141,36,7,185,40.92,0.000%,.19727,1.22,0.03,6323.0
GET /items?categoryId=817,145,38,6,128,35.52,0.000%,.20287,1.04,0.03,5271.0
GET /items?categoryId=818,120,52,9,184,53.27,0.000%,.16790,0.92,0.03,5602.0
GET /items?categoryId=819,165,47,9,225,53.58,0.000%,.23089,1.46,0.04,6464.0
GET /items?categoryId=820,161,36,8,133,32.96,0.000%,.22535,1.42,0.04,6442.0
GET /items?categoryId=821,117,26,5,131,20.87,0.000%,.16376,0.90,0.03,5602.0
GET /items?categoryId=822,103,50,10,227,50.58,0.000%,.14419,0.91,0.02,6441.0
GET /items?categoryId=823,117,41,6,226,53.56,0.000%,.16379,0.88,0.03,5507.0
GET /items?categoryId=824,143,36,9,130,27.41,0.000%,.20021,1.26,0.03,6443.0
GET /items?categoryId=825,137,61,10,244,71.56,0.000%,.19182,1.21,0.03,6465.0
GET /items?categoryId=826,143,44,5,173,49.28,0.000%,.20023,1.05,0.03,5374.0
GET /items?categoryId=827,115,42,8,163,49.56,0.000%,.16106,0.84,0.03,5361.0
GET /items?categoryId=828,144,32,6,247,47.27,0.000%,.20167,1.08,0.03,5486.0
GET /items?categoryId=829,124,40,7,196,37.59,0.000%,.17368,1.09,0.03,6436.0
GET /items?categoryId=830,117,66,12,325,90.64,0.000%,.16394,1.03,0.03,6461.0
GET /items?categoryId=831,110,97,8,298,95.84,0.000%,.15410,0.97,0.02,6464.0
GET /items?categoryId=832,115,40,9,118,27.93,0.000%,.16113,1.02,0.03,6452.0
GET /items?categoryId=833,157,65,8,170,43.72,0.000%,.22000,1.39,0.03,6476.0
GET /items?categoryId=834,126,30,7,106,21.08,0.000%,.17656,1.02,0.03,5889.0
GET /items?categoryId=835,128,31,6,142,26.91,0.000%,.17938,1.01,0.03,5751.0
GET /items?categoryId=836,121,41,7,189,45.50,0.000%,.16960,0.93,0.03,5627.0
GET /items?categoryId=837,175,40,8,230,42.84,0.000%,.24529,1.52,0.04,6326.0
GET /items?categoryId=838,137,33,8,231,26.10,0.000%,.19205,1.21,0.03,6442.0
GET /items?categoryId=839,114,34,10,104,23.84,0.000%,.15984,1.01,0.03,6449.0
GET /items?categoryId=840,148,22,8,71,15.16,0.000%,.20751,1.21,0.03,5971.0
GET /items?categoryId=841,179,36,8,164,27.41,0.000%,.25095,1.58,0.04,6445.0
GET /items?categoryId=842,150,26,7,85,18.82,0.000%,.21030,1.18,0.03,5768.0
GET /items?categoryId=843,100,28,10,59,14.83,0.000%,.14021,0.73,0.02,5352.0
GET /items?categoryId=844,116,27,7,102,23.19,0.000%,.16264,0.99,0.03,6213.0
GET /items?categoryId=845,155,35,8,183,36.61,0.000%,.21734,1.22,0.03,5745.0
GET /items?categoryId=846,150,30,8,229,33.96,0.000%,.21034,1.27,0.03,6196.0
GET /items?categoryId=847,155,49,6,228,59.97,0.000%,.21738,1.28,0.03,6014.0
GET /items?categoryId=848,120,46,7,166,46.45,0.000%,.16833,1.06,0.03,6445.0
GET /items?categoryId=849,138,39,9,197,46.37,0.000%,.19355,1.22,0.03,6461.0
GET /items?categoryId=850,181,45,14,145,36.60,0.000%,.25394,1.60,0.04,6463.0
GET /items?categoryId=851,138,31,10,87,17.38,0.000%,.19363,1.22,0.03,6470.0
GET /items?categoryId=852,132,29,7,153,24.73,0.000%,.18522,1.00,0.03,5513.0
GET /items?categoryId=853,146,36,9,119,21.79,0.000%,.20486,1.28,0.03,6419.0
GET /items?categoryId=854,174,30,9,75,14.02,0.000%,.24414,1.53,0.04,6427.0
GET /items?categoryId=855,135,35,8,143,31.16,0.000%,.18946,1.08,0.03,5851.0
GET /items?categoryId=856,86,28,10,122,26.47,0.000%,.12070,0.76,0.02,6421.0
GET /items?categoryId=857,131,34,10,126,27.95,0.000%,.18385,1.15,0.03,6415.0
GET /items?categoryId=858,175,38,8,152,39.24,0.000%,.24556,1.50,0.04,6240.0
GET /items?categoryId=859,170,23,5,110,13.92,0.000%,.23859,1.22,0.04,5248.0
GET /items?categoryId=860,97,27,9,224,28.44,0.000%,.13616,0.75,0.02,5624.0
GET /items?categoryId=861,164,31,9,115,23.35,0.000%,.23022,1.42,0.04,6303.0
GET /items?categoryId=862,181,27,6,71,15.62,0.000%,.25410,1.55,0.04,6239.0
GET /items?categoryId=863,129,26,6,94,19.93,0.000%,.18110,0.93,0.03,5255.0
GET /items?categoryId=865,166,35,6,138,37.52,0.000%,.23304,1.45,0.04,6357.0
GET /items?categoryId=864,98,33,11,86,18.06,0.000%,.13761,0.87,0.02,6456.0
GET /items?categoryId=866,183,48,7,224,53.95,0.000%,.25694,1.33,0.04,5289.0
GET /items?categoryId=867,117,67,12,218,58.36,0.000%,.16429,1.03,0.03,6447.0
GET /items?categoryId=868,125,32,6,160,31.58,0.000%,.17556,1.09,0.03,6340.0
GET /items?categoryId=869,130,44,13,159,45.59,0.000%,.18258,1.15,0.03,6432.0
GET /items?categoryId=870,132,30,8,123,24.12,0.000%,.18542,1.17,0.03,6462.0
GET /items?categoryId=871,192,42,8,152,36.08,0.000%,.26972,1.70,0.04,6443.0
GET /items?categoryId=872,105,42,8,146,45.02,0.000%,.14754,0.88,0.02,6103.0
GET /items?categoryId=873,154,31,9,115,27.98,0.000%,.21638,1.36,0.03,6434.0
GET /items?categoryId=874,190,31,8,231,35.13,0.000%,.26699,1.62,0.04,6218.0
GET /items?categoryId=875,104,38,6,167,30.07,0.000%,.14614,0.78,0.02,5495.0
GET /items?categoryId=876,131,32,8,92,18.39,0.000%,.18413,1.01,0.03,5605.0
GET /items?categoryId=877,150,29,6,98,20.67,0.000%,.21082,1.28,0.03,6215.0
GET /items?categoryId=878,150,30,12,103,17.61,0.000%,.21082,1.32,0.03,6433.0
GET /items?categoryId=879,117,30,9,72,21.23,0.000%,.16445,0.92,0.03,5749.0
GET /items?categoryId=880,162,27,8,70,12.29,0.000%,.22771,1.44,0.04,6457.0
GET /items?categoryId=881,115,24,8,64,10.34,0.000%,.16165,1.01,0.03,6425.0
GET /items?categoryId=882,133,24,6,205,23.97,0.000%,.18697,1.07,0.03,5876.0
GET /items?categoryId=883,139,30,7,123,19.02,0.000%,.19540,1.07,0.03,5629.0
GET /items?categoryId=884,119,35,10,121,23.12,0.000%,.16726,1.06,0.03,6466.0
GET /items?categoryId=885,124,26,8,65,12.28,0.000%,.17428,0.92,0.03,5380.0
GET /items?categoryId=886,145,25,6,105,12.84,0.000%,.20383,1.17,0.03,5873.0
GET /items?categoryId=887,172,32,6,98,20.90,0.000%,.24178,1.29,0.04,5466.0
GET /items?categoryId=888,105,56,7,194,61.08,0.000%,.14760,0.93,0.02,6423.0
GET /items?categoryId=889,148,41,11,180,30.36,0.000%,.20807,1.31,0.03,6449.0
GET /items?categoryId=890,154,36,6,192,43.83,0.000%,.21652,1.32,0.03,6235.0
GET /items?categoryId=891,141,28,8,81,17.59,0.000%,.19824,1.25,0.03,6455.0
GET /items?categoryId=892,123,37,13,166,27.75,0.000%,.17297,1.09,0.03,6434.0
GET /items?categoryId=893,117,33,10,116,19.90,0.000%,.16450,1.04,0.03,6478.0
GET /items?categoryId=894,182,31,6,120,27.65,0.000%,.25591,1.44,0.04,5744.0
GET /items?categoryId=895,130,38,12,159,28.76,0.000%,.18280,1.15,0.03,6449.0
GET /items?categoryId=896,144,42,9,153,40.69,0.000%,.20252,1.25,0.03,6335.0
GET /items?categoryId=897,101,41,10,193,32.76,0.000%,.14206,0.89,0.02,6442.0
GET /items?categoryId=898,180,38,10,200,46.12,0.000%,.25318,1.42,0.04,5723.0
GET /items?categoryId=899,121,49,9,187,47.74,0.000%,.17021,1.07,0.03,6466.0
GET /items?categoryId=900,137,32,9,181,23.41,0.000%,.19271,1.22,0.03,6459.0
GET /items?categoryId=901,118,29,11,66,13.79,0.000%,.16603,1.04,0.03,6432.0
GET /items?categoryId=902,176,32,11,146,21.95,0.000%,.24762,1.57,0.04,6478.0
GET /items?categoryId=903,158,30,9,232,24.22,0.000%,.22230,1.29,0.04,5957.0
GET /items?categoryId=904,153,34,8,243,42.20,0.000%,.21528,1.34,0.03,6352.0
GET /items?categoryId=905,125,31,8,118,20.12,0.000%,.17588,1.11,0.03,6483.0
GET /items?categoryId=906,152,41,9,147,41.20,0.000%,.21387,1.34,0.03,6433.0
GET /items?categoryId=907,164,24,6,74,16.36,0.000%,.23077,1.27,0.04,5639.0
GET /items?categoryId=908,148,32,10,140,21.47,0.000%,.20825,1.31,0.03,6461.0
GET /items?categoryId=909,124,23,10,63,10.03,0.000%,.17451,1.10,0.03,6462.0
GET /items?categoryId=910,149,28,8,161,14.90,0.000%,.20968,1.32,0.03,6453.0
GET /items?categoryId=911,168,35,10,108,21.49,0.000%,.23641,1.49,0.04,6434.0
GET /items?categoryId=912,113,34,10,226,44.26,0.000%,.15902,1.00,0.03,6454.0
GET /items?categoryId=913,146,36,7,219,48.69,0.000%,.20548,1.27,0.03,6335.0
GET /items?categoryId=914,114,37,6,122,34.55,0.000%,.16049,0.88,0.03,5617.0
GET /items?categoryId=915,154,39,9,161,39.38,0.000%,.21678,1.37,0.03,6460.0
GET /items?categoryId=916,152,33,8,219,37.07,0.000%,.21400,1.27,0.03,6083.0
GET /items?categoryId=918,127,29,9,70,15.38,0.000%,.17882,1.13,0.03,6443.0
GET /items?categoryId=917,108,31,11,94,21.51,0.000%,.15208,0.96,0.02,6466.0
GET /items?categoryId=919,181,37,10,165,27.02,0.000%,.25483,1.60,0.04,6444.0
GET /items?categoryId=920,107,30,9,79,12.14,0.000%,.15066,0.95,0.02,6460.0
GET /items?categoryId=921,132,30,7,81,17.04,0.000%,.18587,1.17,0.03,6448.0
GET /items?categoryId=922,112,24,8,67,12.75,0.000%,.15769,0.97,0.02,6305.0
GET /items?categoryId=923,168,25,7,102,20.28,0.000%,.23654,1.32,0.04,5722.0
GET /items?categoryId=924,124,41,8,204,33.74,0.000%,.17463,1.10,0.03,6446.0
GET /items?categoryId=925,144,38,7,194,39.34,0.000%,.20280,1.14,0.03,5766.0
GET /items?categoryId=926,142,46,9,174,50.34,0.000%,.20000,1.26,0.03,6445.0
GET /items?categoryId=927,133,38,8,169,45.73,0.000%,.18731,1.09,0.03,5948.0
GET /items?categoryId=928,166,41,9,168,33.41,0.000%,.23383,1.47,0.04,6443.0
GET /items?categoryId=929,134,37,11,146,37.19,0.000%,.18877,1.19,0.03,6471.0
GET /items?categoryId=930,149,65,9,290,92.10,0.000%,.20993,1.32,0.03,6429.0
GET /items?categoryId=931,125,42,6,199,55.28,0.000%,.17615,0.90,0.03,5260.0
GET /items?categoryId=932,178,37,9,200,32.19,0.000%,.25090,1.58,0.04,6437.0
GET /items?categoryId=933,132,36,7,193,43.90,0.000%,.18607,1.17,0.03,6455.0
GET /items?categoryId=934,148,39,9,171,35.52,0.000%,.20862,1.32,0.03,6465.0
GET /items?categoryId=935,136,31,11,136,25.01,0.000%,.19174,1.20,0.03,6419.0
GET /items?categoryId=936,162,40,10,154,31.95,0.000%,.22845,1.43,0.04,6421.0
GET /items?categoryId=937,150,28,7,100,23.32,0.000%,.21153,1.16,0.03,5605.0
GET /items?categoryId=938,161,27,11,87,16.68,0.000%,.22706,1.43,0.04,6468.0
GET /items?categoryId=939,108,25,8,105,19.02,0.000%,.15232,0.79,0.02,5338.0
GET /items?categoryId=940,177,48,9,201,54.88,0.000%,.24966,1.58,0.04,6471.0
GET /items?categoryId=941,168,27,10,129,23.89,0.000%,.23697,1.50,0.04,6471.0
GET /items?categoryId=942,120,20,8,47,7.86,0.000%,.16930,1.07,0.03,6447.0
GET /items?categoryId=943,141,18,9,37,4.69,0.000%,.19894,1.25,0.03,6457.0
GET /items?categoryId=944,153,26,10,72,9.89,0.000%,.21585,1.36,0.03,6459.0
GET /items?categoryId=945,161,18,6,68,8.26,0.000%,.22713,1.17,0.04,5277.0
GET /items?categoryId=946,139,25,10,208,23.25,0.000%,.19607,1.23,0.03,6437.0
GET /items?categoryId=947,149,25,11,54,7.68,0.000%,.21019,1.32,0.03,6455.0
GET /items?categoryId=948,149,16,7,35,5.80,0.000%,.21020,1.08,0.03,5247.0
GET /items?categoryId=949,146,21,10,102,10.82,0.000%,.20596,1.30,0.03,6472.0
GET /items?categoryId=950,140,23,7,44,8.05,0.000%,.19753,1.24,0.03,6443.0
GET /items?categoryId=951,143,15,8,24,3.45,0.000%,.20173,1.03,0.03,5240.0
GET /items?categoryId=952,173,22,9,117,11.95,0.000%,.24403,1.55,0.04,6487.0
GET /items?categoryId=953,96,20,7,45,8.17,0.000%,.13541,0.75,0.02,5637.0
GET /items?categoryId=954,177,27,10,194,31.85,0.000%,.24967,1.58,0.04,6482.0
GET /items?categoryId=955,103,17,7,42,6.00,0.000%,.14531,0.84,0.02,5944.0
GET /items?categoryId=956,119,22,10,44,6.99,0.000%,.16786,1.06,0.03,6454.0
GET /items?categoryId=957,116,22,9,42,6.71,0.000%,.16361,1.03,0.03,6459.0
GET /items?categoryId=958,132,16,6,37,7.09,0.000%,.18620,1.13,0.03,6237.0
GET /items?categoryId=959,148,17,6,71,7.65,0.000%,.20877,1.29,0.03,6304.0
GET /items?categoryId=960,144,20,8,38,6.71,0.000%,.20314,1.22,0.03,6127.0
GET /items?categoryId=961,159,27,9,204,29.04,0.000%,.22427,1.41,0.04,6433.0
GET /items?categoryId=962,128,44,7,197,60.74,0.000%,.18056,0.97,0.03,5488.0
GET /items?categoryId=963,158,17,6,46,8.21,0.000%,.22285,1.19,0.04,5476.0
GET /items?categoryId=964,131,16,6,35,5.75,0.000%,.18476,1.12,0.03,6230.0
GET /items?categoryId=965,153,16,6,35,5.66,0.000%,.21582,1.11,0.03,5267.0
GET /items?categoryId=966,126,16,7,35,4.63,0.000%,.17773,0.91,0.03,5224.0
GET /items?categoryId=967,152,17,7,38,6.16,0.000%,.21440,1.27,0.03,6068.0
GET /items?categoryId=968,107,15,5,36,4.55,0.000%,.15091,0.89,0.02,6059.0
GET /items?categoryId=969,114,17,7,213,20.11,0.000%,.16079,0.85,0.03,5388.0
GET /items?categoryId=970,147,26,5,173,25.34,0.000%,.20731,1.28,0.03,6323.0
GET /items?categoryId=971,157,25,8,49,7.89,0.000%,.22142,1.39,0.04,6449.0
GET /items?categoryId=972,152,24,9,46,8.79,0.000%,.21436,1.35,0.03,6466.0
GET /items?categoryId=973,131,26,8,58,11.43,0.000%,.18475,1.16,0.03,6454.0
GET /items?categoryId=974,118,16,8,32,5.16,0.000%,.16642,0.93,0.03,5737.0
GET /items?categoryId=975,151,23,9,41,7.52,0.000%,.21296,1.34,0.03,6448.0
GET /items?categoryId=976,145,18,8,36,5.72,0.000%,.20450,1.07,0.03,5376.0
GET /items?categoryId=977,130,26,9,146,16.52,0.000%,.18334,1.16,0.03,6465.0
GET /items?categoryId=978,150,24,7,148,19.52,0.000%,.21149,1.23,0.03,5957.0
GET /items?categoryId=979,132,28,8,57,12.68,0.000%,.18613,1.17,0.03,6411.0
GET /items?categoryId=980,165,25,9,54,9.62,0.000%,.23266,1.46,0.04,6431.0
GET /items?categoryId=981,139,15,6,29,4.27,0.000%,.19601,1.01,0.03,5268.0
GET /items?categoryId=982,145,15,8,25,4.49,0.000%,.20450,1.05,0.03,5279.0
GET /items?categoryId=983,122,22,7,43,7.64,0.000%,.17206,1.08,0.03,6441.0
GET /items?categoryId=984,171,16,7,26,4.43,0.000%,.24114,1.49,0.04,6341.0
GET /items?categoryId=985,138,24,6,171,27.16,0.000%,.19461,1.18,0.03,6228.0
GET /items?categoryId=986,170,28,6,170,28.94,0.000%,.23975,1.23,0.04,5250.0
GET /items?categoryId=987,138,24,8,123,14.35,0.000%,.19461,1.22,0.03,6425.0
GET /items?categoryId=988,142,20,9,34,5.37,0.000%,.20025,1.26,0.03,6435.0
GET /items?categoryId=989,136,21,10,43,7.21,0.000%,.19181,1.21,0.03,6464.0
GET /items?categoryId=990,117,17,8,27,5.19,0.000%,.16502,0.98,0.03,6078.0
GET /items?categoryId=991,190,22,7,42,6.59,0.000%,.26797,1.70,0.04,6493.0
GET /items?categoryId=992,112,16,8,30,4.96,0.000%,.15796,0.96,0.02,6203.0
GET /items?categoryId=993,107,20,11,31,3.36,0.000%,.15092,0.95,0.02,6446.0
GET /items?categoryId=994,124,28,11,137,22.55,0.000%,.17489,1.10,0.03,6464.0
GET /items?categoryId=995,142,31,9,188,21.37,0.000%,.20023,1.26,0.03,6437.0
GET /items?categoryId=996,141,19,6,50,7.59,0.000%,.19884,1.16,0.03,5965.0
GET /items?categoryId=997,148,21,11,38,5.83,0.000%,.20872,1.31,0.03,6406.0
GET /items?categoryId=998,147,15,7,33,4.21,0.000%,.20731,1.12,0.03,5518.0
GET /items?categoryId=999,146,20,10,35,5.20,0.000%,.20592,1.31,0.03,6502.0
GET /items?categoryId=1000,143,20,10,31,4.43,0.000%,.20167,1.28,0.03,6518.0
GET /items?categoryId=1001,165,24,11,170,14.93,0.000%,.23269,1.48,0.04,6503.0
GET /items?categoryId=1002,129,23,9,44,9.09,0.000%,.18194,1.16,0.03,6511.0
GET /items?categoryId=1003,152,36,11,232,30.81,0.000%,.21432,1.36,0.03,6502.0
GET /items?categoryId=1004,138,21,6,98,11.11,0.000%,.19461,1.10,0.03,5800.0
GET /items?categoryId=1005,154,22,7,48,6.87,0.000%,.21719,1.38,0.03,6489.0
GET /items?categoryId=1006,154,17,7,35,5.06,0.000%,.21718,1.28,0.03,6014.0
GET /items?categoryId=1007,170,22,10,40,6.47,0.000%,.23978,1.52,0.04,6484.0
GET /items?categoryId=1008,116,16,7,29,4.76,0.000%,.16362,0.90,0.03,5650.0
GET /items?categoryId=1009,164,25,8,208,19.76,0.000%,.23130,1.46,0.04,6485.0
GET /items?categoryId=1010,148,32,7,190,43.55,0.000%,.20874,1.18,0.03,5776.0
GET /items?categoryId=1011,134,19,8,60,7.36,0.000%,.18899,1.09,0.03,5884.0
GET /items?categoryId=1012,123,24,11,102,11.25,0.000%,.17348,1.11,0.03,6550.0
GET /items?categoryId=1013,185,16,7,35,5.01,0.000%,.26090,1.63,0.04,6413.0
GET /items?categoryId=1014,150,15,6,33,4.39,0.000%,.21154,1.22,0.03,5920.0
GET /items?categoryId=1015,94,21,9,32,5.21,0.000%,.13258,0.84,0.02,6511.0
GET /items?categoryId=1016,170,16,6,28,3.83,0.000%,.23977,1.24,0.04,5301.0
GET /items?categoryId=1017,115,29,8,174,38.92,0.000%,.16220,0.94,0.03,5909.0
GET /items?categoryId=1018,113,26,9,60,12.60,0.000%,.15939,1.01,0.03,6507.0
GET /items?categoryId=1019,122,26,13,103,10.93,0.000%,.17207,1.09,0.03,6474.0
GET /items?categoryId=1020,154,26,11,176,21.79,0.000%,.21720,1.38,0.03,6494.0
GET /items?categoryId=1021,127,24,12,38,5.40,0.000%,.17913,1.14,0.03,6516.0
GET /items?categoryId=1022,127,17,8,30,5.15,0.000%,.17914,1.07,0.03,6130.0
GET /items?categoryId=1023,128,20,8,36,4.98,0.000%,.18054,1.14,0.03,6464.0
GET /items?categoryId=1024,128,22,11,39,7.80,0.000%,.18053,1.14,0.03,6481.0
GET /items?categoryId=1025,153,24,11,48,8.47,0.000%,.21581,1.37,0.03,6490.0
GET /items?categoryId=1026,163,34,7,170,43.16,0.000%,.22989,1.27,0.04,5641.0
GET /items?categoryId=1027,134,39,12,110,31.34,0.000%,.18899,1.20,0.03,6500.0
GET /items?categoryId=1028,165,23,11,44,8.06,0.000%,.23269,1.47,0.04,6473.0
GET /items?categoryId=1029,160,28,6,154,28.93,0.000%,.22568,1.36,0.04,6157.0
GET /items?categoryId=1030,127,23,8,39,6.01,0.000%,.17914,1.14,0.03,6511.0
GET /items?categoryId=1031,149,17,7,36,6.01,0.000%,.21015,1.28,0.03,6259.0
GET /items?categoryId=1032,153,21,10,39,5.19,0.000%,.21580,1.37,0.03,6499.0
GET /items?categoryId=1033,172,43,8,228,66.52,0.000%,.24260,1.26,0.04,5298.0
GET /items?categoryId=1034,144,23,13,59,7.86,0.000%,.20310,1.29,0.03,6499.0
GET /items?categoryId=1035,85,17,6,41,6.92,0.000%,.11990,0.66,0.02,5634.0
GET /items?categoryId=1036,159,23,10,47,5.73,0.000%,.22427,1.42,0.04,6502.0
GET /items?categoryId=1037,158,28,8,127,17.80,0.000%,.22284,1.41,0.04,6494.0
GET /items?categoryId=1038,132,25,12,106,15.95,0.000%,.18616,1.18,0.03,6505.0
GET /items?categoryId=1039,109,16,8,39,6.08,0.000%,.15371,0.85,0.02,5654.0
GET /items?categoryId=1040,165,26,9,163,16.88,0.000%,.23267,1.48,0.04,6507.0
GET /items?categoryId=1041,180,35,9,205,37.95,0.000%,.25383,1.60,0.04,6468.0
GET /items?categoryId=1042,125,24,11,59,9.12,0.000%,.17629,1.12,0.03,6505.0
GET /items?categoryId=1043,117,23,11,50,7.86,0.000%,.16500,1.04,0.03,6477.0
GET /items?categoryId=1044,193,23,10,57,6.83,0.000%,.27217,1.74,0.04,6531.0
GET /items?categoryId=1045,125,30,12,132,20.78,0.000%,.17625,1.13,0.03,6539.0
GET /items?categoryId=1046,111,22,8,128,16.85,0.000%,.15653,0.82,0.02,5333.0
GET /items?categoryId=1047,106,21,10,35,5.25,0.000%,.14948,0.95,0.02,6500.0
GET /items?categoryId=1048,193,29,10,220,23.46,0.000%,.27217,1.73,0.04,6519.0
GET /items?categoryId=1049,182,22,6,53,10.46,0.000%,.25665,1.51,0.04,6009.0
GET /items?categoryId=1050,118,21,9,57,9.12,0.000%,.16640,1.06,0.03,6522.0
GET /items?categoryId=1051,124,22,7,41,7.90,0.000%,.17484,1.10,0.03,6460.0
GET /items?categoryId=1052,152,38,8,187,46.52,0.000%,.21426,1.36,0.03,6516.0
GET /items?categoryId=1053,124,67,5,189,72.28,0.000%,.17483,1.05,0.03,6169.0
GET /items?categoryId=1055,110,23,8,51,10.36,0.000%,.15506,0.98,0.02,6501.0
GET /items?categoryId=1054,134,24,8,46,11.16,0.000%,.18892,1.19,0.03,6476.0
GET /items?categoryId=1056,183,29,8,155,26.99,0.000%,.25799,1.65,0.04,6530.0
GET /items?categoryId=1057,156,22,9,50,10.96,0.000%,.21994,1.39,0.04,6473.0
GET /items?categoryId=1058,123,18,5,38,7.77,0.000%,.17343,0.98,0.03,5778.0
GET /items?categoryId=1059,125,21,7,41,9.18,0.000%,.17625,1.12,0.03,6491.0
GET /items?categoryId=1060,191,15,4,34,6.08,0.000%,.26931,1.55,0.04,5896.0
GET /items?categoryId=1061,135,32,5,193,42.83,0.000%,.19032,1.16,0.03,6257.0
GET /items?categoryId=1062,133,19,6,42,9.44,0.000%,.18748,1.06,0.03,5772.0
GET /items?categoryId=1063,172,28,9,228,39.78,0.000%,.24244,1.55,0.04,6532.0
GET /items?categoryId=1064,117,18,5,42,8.81,0.000%,.16493,0.99,0.03,6161.0
GET /items?categoryId=1065,120,20,8,48,10.05,0.000%,.16918,0.93,0.03,5628.0
GET /items?categoryId=1066,155,23,5,74,17.17,0.000%,.21850,1.29,0.03,6028.0
GET /items?categoryId=1067,167,17,6,64,10.04,0.000%,.23541,1.28,0.04,5555.0
GET /items?categoryId=1068,174,20,8,46,7.31,0.000%,.24529,1.56,0.04,6517.0
GET /items?categoryId=1069,126,26,9,159,19.55,0.000%,.17760,1.13,0.03,6516.0
GET /items?categoryId=1070,135,19,8,201,17.95,0.000%,.19029,1.18,0.03,6336.0
GET /items?categoryId=1071,145,28,5,65,21.41,0.000%,.20438,1.13,0.03,5659.0
GET /items?categoryId=1072,173,16,6,63,7.94,0.000%,.24384,1.40,0.04,5892.0
GET /items?categoryId=1073,158,22,9,57,10.99,0.000%,.22270,1.41,0.04,6503.0
GET /items?categoryId=1074,125,13,6,31,4.62,0.000%,.17621,1.01,0.03,5893.0
GET /items?categoryId=1075,142,14,7,32,6.10,0.000%,.20016,1.23,0.03,6274.0
GET /items?categoryId=1076,148,15,7,28,5.19,0.000%,.20862,1.20,0.03,5885.0
GET /items?categoryId=1077,159,23,5,179,34.70,0.000%,.22408,1.18,0.04,5400.0
GET /items?categoryId=1078,143,32,9,215,33.79,0.000%,.20153,1.28,0.03,6490.0
GET /items?categoryId=1079,157,24,9,68,10.02,0.000%,.22126,1.40,0.04,6483.0
GET /items?categoryId=1080,151,23,9,69,12.32,0.000%,.21280,1.36,0.03,6521.0
GET /items?categoryId=1081,134,21,8,46,7.95,0.000%,.18885,1.20,0.03,6489.0
GET /items?categoryId=1082,141,19,9,40,6.77,0.000%,.19872,1.26,0.03,6512.0
GET /items?categoryId=1083,142,18,9,33,5.92,0.000%,.20013,1.27,0.03,6506.0
GET /items?categoryId=1084,125,14,6,29,5.00,0.000%,.17618,0.95,0.03,5545.0
GET /items?categoryId=1085,131,48,8,231,65.79,0.000%,.18458,1.16,0.03,6460.0
GET /items?categoryId=1086,147,26,9,132,18.08,0.000%,.20713,1.31,0.03,6486.0
GET /items?categoryId=1087,142,15,5,31,5.61,0.000%,.20011,1.10,0.03,5651.0
GET /items?categoryId=1088,112,15,5,27,5.45,0.000%,.15784,0.93,0.03,6006.0
GET /items?categoryId=1089,147,22,8,80,13.84,0.000%,.20714,1.31,0.03,6498.0
GET /items?categoryId=1090,130,22,9,41,7.75,0.000%,.18320,1.16,0.03,6467.0
GET /items?categoryId=1091,141,20,9,37,6.73,0.000%,.19871,1.26,0.03,6495.0
GET /items?categoryId=1092,161,20,8,39,7.14,0.000%,.22689,1.44,0.04,6509.0
GET /items?categoryId=1093,143,38,6,213,60.95,0.000%,.20151,1.14,0.03,5794.0
GET /items?categoryId=1094,127,35,8,179,42.53,0.000%,.17895,1.14,0.03,6499.0
GET /items?categoryId=1095,132,16,7,38,6.51,0.000%,.18600,1.09,0.03,6024.0
GET /items?categoryId=1096,121,20,9,39,6.94,0.000%,.17049,1.09,0.03,6545.0
GET /items?categoryId=1097,93,19,9,37,5.32,0.000%,.13104,0.84,0.02,6536.0
GET /items?categoryId=1098,154,17,6,65,12.43,0.000%,.21699,1.24,0.03,5871.0
GET /items?categoryId=1099,154,30,7,133,23.41,0.000%,.21699,1.38,0.03,6500.0
GET /items?categoryId=1100,131,25,9,68,13.94,0.000%,.18456,1.17,0.03,6500.0
GET /items?categoryId=1101,139,24,10,55,10.46,0.000%,.19585,1.24,0.03,6492.0
GET /items?categoryId=1102,158,27,9,211,22.86,0.000%,.22261,1.42,0.04,6544.0
GET /items?categoryId=1103,169,27,10,58,11.68,0.000%,.23812,1.51,0.04,6508.0
GET /items?categoryId=1104,170,21,8,44,7.63,0.000%,.23953,1.52,0.04,6493.0
GET /items?categoryId=1105,97,14,5,28,4.99,0.000%,.13669,0.83,0.02,6255.0
GET /items?categoryId=1106,179,26,7,106,18.12,0.000%,.25222,1.60,0.04,6480.0
GET /items?categoryId=1107,140,18,5,73,10.47,0.000%,.19728,1.17,0.03,6056.0
GET /items?categoryId=1108,152,14,6,30,5.71,0.000%,.21419,1.30,0.03,6224.0
GET /items?categoryId=1109,99,21,9,43,6.53,0.000%,.13951,0.89,0.02,6503.0
GET /items?categoryId=1110,110,20,6,101,14.72,0.000%,.15502,0.80,0.02,5305.0
GET /items?categoryId=1111,176,22,7,135,20.57,0.000%,.24798,1.35,0.04,5557.0
GET /items?categoryId=1112,125,20,7,90,11.32,0.000%,.17611,1.09,0.03,6349.0
GET /items?categoryId=1113,146,16,7,37,6.94,0.000%,.20569,1.14,0.03,5662.0
GET /items?categoryId=1114,154,18,6,47,10.24,0.000%,.21697,1.20,0.03,5656.0
GET /items?categoryId=1115,140,18,6,77,9.48,0.000%,.19727,1.02,0.03,5307.0
GET /items?categoryId=1116,177,23,9,86,10.63,0.000%,.24935,1.59,0.04,6519.0
GET /items?categoryId=1117,123,21,7,150,21.35,0.000%,.17331,0.94,0.03,5527.0
GET /items?categoryId=1118,152,23,6,178,25.48,0.000%,.21411,1.26,0.03,6040.0
GET /items?categoryId=1119,150,25,10,183,20.00,0.000%,.21131,1.35,0.03,6526.0
GET /items?categoryId=1120,122,20,8,42,7.00,0.000%,.17186,1.09,0.03,6496.0
GET /items?categoryId=1121,120,22,8,49,8.36,0.000%,.16904,1.07,0.03,6497.0
GET /items?categoryId=1122,127,21,6,53,13.49,0.000%,.17890,1.10,0.03,6292.0
GET /items?categoryId=1123,171,26,8,59,12.03,0.000%,.24089,1.53,0.04,6510.0
GET /items?categoryId=1124,103,19,6,44,8.81,0.000%,.14509,0.87,0.02,6159.0
GET /items?categoryId=1125,158,32,9,174,30.27,0.000%,.22256,1.41,0.04,6495.0
GET /items?categoryId=1126,135,29,6,193,38.86,0.000%,.19014,1.12,0.03,6019.0
GET /items?categoryId=1127,128,43,9,197,54.12,0.000%,.18029,1.15,0.03,6508.0
GET /items?categoryId=1128,147,25,10,53,9.27,0.000%,.20704,1.31,0.03,6492.0
GET /items?categoryId=1129,106,23,8,55,10.36,0.000%,.14929,0.95,0.02,6485.0
GET /items?categoryId=1130,105,17,5,34,7.07,0.000%,.14789,0.81,0.02,5638.0
GET /items?categoryId=1131,158,15,6,30,6.33,0.000%,.22254,1.15,0.04,5309.0
GET /items?categoryId=1132,115,23,6,193,39.87,0.000%,.16198,0.92,0.03,5799.0
GET /items?categoryId=1133,114,29,8,179,33.23,0.000%,.16057,1.02,0.03,6519.0
GET /items?categoryId=1134,141,19,6,105,17.78,0.000%,.19859,1.17,0.03,6027.0
GET /items?categoryId=1135,133,20,5,170,23.84,0.000%,.18730,0.99,0.03,5423.0
GET /items?categoryId=1136,131,38,8,170,39.99,0.000%,.18451,1.17,0.03,6500.0
GET /items?categoryId=1137,149,24,8,45,8.71,0.000%,.20985,1.33,0.03,6471.0
GET /items?categoryId=1138,113,21,9,48,10.07,0.000%,.15914,1.01,0.03,6507.0
GET /items?categoryId=1139,160,20,8,39,7.04,0.000%,.22533,1.43,0.04,6497.0
GET /items?categoryId=1140,135,28,10,241,26.20,0.000%,.19013,1.21,0.03,6497.0
GET /items?categoryId=1141,169,24,8,54,10.66,0.000%,.23802,1.51,0.04,6506.0
GET /items?categoryId=1142,118,26,9,52,12.36,0.000%,.16620,1.05,0.03,6492.0
GET /items?categoryId=1143,107,26,9,86,15.91,0.000%,.15070,0.96,0.02,6537.0
GET /items?categoryId=1144,150,18,7,117,14.36,0.000%,.21123,1.17,0.03,5655.0
GET /items?categoryId=1145,156,24,9,116,12.49,0.000%,.21970,1.39,0.03,6477.0
GET /items?categoryId=1146,139,15,6,32,5.91,0.000%,.19577,1.01,0.03,5281.0
GET /items?categoryId=1147,149,23,9,49,10.52,0.000%,.20986,1.33,0.03,6514.0
GET /items?categoryId=1148,165,18,5,45,8.48,0.000%,.23236,1.39,0.04,6130.0
GET /items?categoryId=1149,135,26,9,71,16.62,0.000%,.19013,1.21,0.03,6515.0
GET /items?categoryId=1150,128,21,10,52,10.53,0.000%,.18028,1.15,0.03,6514.0
GET /items?categoryId=1151,134,19,7,80,10.23,0.000%,.18872,1.17,0.03,6366.0
GET /items?categoryId=1152,151,29,6,164,39.23,0.000%,.21264,1.31,0.03,6293.0
GET /items?categoryId=1153,161,20,5,161,17.70,0.000%,.22673,1.17,0.04,5300.0
GET /items?categoryId=1154,132,16,6,31,6.36,0.000%,.18589,1.00,0.03,5533.0
GET /items?categoryId=1155,126,17,6,113,12.42,0.000%,.17744,0.94,0.03,5409.0
GET /items?categoryId=1156,175,23,5,127,20.58,0.000%,.24644,1.27,0.04,5282.0
GET /items?categoryId=1157,125,17,5,42,8.22,0.000%,.17603,1.10,0.03,6385.0
GET /items?categoryId=1158,146,22,8,47,8.79,0.000%,.20560,1.31,0.03,6519.0
GET /items?categoryId=1159,147,17,6,37,8.07,0.000%,.20701,1.25,0.03,6160.0
GET /items?categoryId=1160,137,26,6,122,24.79,0.000%,.19287,1.00,0.03,5288.0
GET /items?categoryId=1161,160,31,10,139,20.92,0.000%,.22530,1.43,0.04,6502.0
GET /items?categoryId=1162,138,18,6,113,11.96,0.000%,.19433,1.03,0.03,5437.0
GET /items?categoryId=1163,132,23,5,180,20.61,0.000%,.18586,1.00,0.03,5516.0
GET /items?categoryId=1164,166,27,9,60,13.16,0.000%,.23374,1.48,0.04,6468.0
GET /items?categoryId=1165,167,18,6,38,8.63,0.000%,.23515,1.35,0.04,5886.0
GET /items?categoryId=1166,134,21,9,44,7.58,0.000%,.18868,1.20,0.03,6491.0
GET /items?categoryId=1167,126,18,6,39,9.26,0.000%,.17744,0.98,0.03,5679.0
GET /items?categoryId=1168,132,27,8,176,30.25,0.000%,.18584,1.18,0.03,6508.0
GET /items?categoryId=1169,165,25,5,168,21.83,0.000%,.23229,1.31,0.04,5788.0
GET /items?categoryId=1170,145,19,6,280,23.99,0.000%,.20416,1.08,0.03,5405.0
GET /items?categoryId=1171,154,26,8,68,12.98,0.000%,.21683,1.38,0.03,6530.0
GET /items?categoryId=1172,115,18,6,55,10.34,0.000%,.16192,0.96,0.03,6051.0
GET /items?categoryId=1173,133,24,11,44,8.84,0.000%,.18728,1.19,0.03,6497.0
GET /items?categoryId=1174,146,16,5,32,6.68,0.000%,.20558,1.14,0.03,5680.0
GET /items?categoryId=1175,139,20,11,34,5.08,0.000%,.19571,1.24,0.03,6504.0
GET /items?categoryId=1176,172,15,5,96,8.04,0.000%,.24220,1.26,0.04,5311.0
GET /items?categoryId=1177,135,57,9,247,64.08,0.000%,.19008,1.21,0.03,6533.0
GET /items?categoryId=1178,130,30,6,200,32.13,0.000%,.18302,1.12,0.03,6293.0
GET /items?categoryId=1179,148,22,10,49,8.75,0.000%,.20838,1.32,0.03,6500.0
GET /items?categoryId=1180,114,24,10,57,11.76,0.000%,.16052,1.02,0.03,6505.0
GET /items?categoryId=1181,132,16,6,29,5.47,0.000%,.18586,1.09,0.03,6021.0
GET /items?categoryId=1182,106,16,6,36,6.83,0.000%,.14925,0.93,0.02,6413.0
GET /items?categoryId=1183,145,14,5,28,4.55,0.000%,.20417,1.08,0.03,5431.0
GET /items?categoryId=1184,125,18,7,42,8.32,0.000%,.17601,1.05,0.03,6115.0
GET /items?categoryId=1185,150,43,5,236,61.69,0.000%,.21117,1.19,0.03,5779.0
GET /items?categoryId=1186,135,42,7,191,39.44,0.000%,.19007,1.21,0.03,6509.0
GET /items?categoryId=1187,125,27,7,81,15.38,0.000%,.17599,1.11,0.03,6479.0
GET /items?categoryId=1188,112,16,6,32,6.30,0.000%,.15769,0.89,0.03,5786.0
GET /items?categoryId=1189,166,15,5,32,6.04,0.000%,.23370,1.45,0.04,6359.0
GET /items?categoryId=1190,125,21,9,40,6.75,0.000%,.17600,1.12,0.03,6509.0
GET /items?categoryId=1191,128,16,5,32,5.92,0.000%,.18023,0.99,0.03,5642.0
GET /items?categoryId=1192,127,20,9,39,5.95,0.000%,.17883,1.14,0.03,6512.0
GET /items?categoryId=1193,152,25,6,265,39.26,0.000%,.21402,1.18,0.03,5650.0
GET /items?categoryId=1194,130,41,11,196,47.33,0.000%,.18299,1.16,0.03,6498.0
GET /items?categoryId=1195,158,23,6,122,19.58,0.000%,.22241,1.27,0.04,5857.0
GET /items?categoryId=1196,134,19,6,42,9.28,0.000%,.18863,1.15,0.03,6254.0
GET /items?categoryId=1197,181,18,6,39,8.12,0.000%,.25479,1.47,0.04,5913.0
GET /items?categoryId=1198,125,26,9,51,10.49,0.000%,.17599,1.12,0.03,6510.0
GET /items?categoryId=1199,149,20,9,37,6.86,0.000%,.20977,1.34,0.03,6517.0
GET /items?categoryId=1200,111,16,8,32,5.71,0.000%,.15627,0.83,0.02,5429.0
GET /items?categoryId=1201,160,26,6,185,42.24,0.000%,.22520,1.33,0.04,6025.0
GET /items?categoryId=1202,168,34,6,217,53.80,0.000%,.23648,1.39,0.04,6001.0
GET /items?categoryId=1203,119,16,6,32,6.03,0.000%,.16751,1.01,0.03,6153.0
GET /items?categoryId=1204,120,17,5,40,8.23,0.000%,.16892,0.89,0.03,5384.0
GET /items?categoryId=1205,127,17,6,29,6.17,0.000%,.17878,0.93,0.03,5319.0
GET /items?categoryId=1206,131,16,7,32,6.35,0.000%,.18440,1.12,0.03,6238.0
GET /items?categoryId=1207,165,20,9,36,6.71,0.000%,.23225,1.47,0.04,6501.0
GET /items?categoryId=1208,127,16,5,41,7.11,0.000%,.17878,1.11,0.03,6375.0
GET /items?categoryId=1209,163,24,9,50,10.92,0.000%,.22947,1.46,0.04,6494.0
GET /items?categoryId=1210,124,21,6,224,20.93,0.000%,.17454,0.98,0.03,5768.0
GET /items?categoryId=1211,138,48,8,176,53.48,0.000%,.19423,1.23,0.03,6485.0
GET /items?categoryId=1212,144,28,6,161,31.74,0.000%,.20266,1.17,0.03,5919.0
GET /items?categoryId=1213,130,25,8,45,10.31,0.000%,.18301,1.16,0.03,6489.0
GET /items?categoryId=1214,177,18,5,51,8.01,0.000%,.24915,1.46,0.04,6011.0
GET /items?categoryId=1215,117,18,5,51,9.51,0.000%,.16470,1.02,0.03,6358.0
GET /items?categoryId=1216,114,21,8,38,5.89,0.000%,.16048,1.02,0.03,6510.0
GET /items?categoryId=1217,134,21,12,37,6.10,0.000%,.18864,1.19,0.03,6476.0
GET /items?categoryId=1218,125,32,10,227,30.16,0.000%,.17592,1.11,0.03,6487.0
GET /items?categoryId=1219,154,22,11,57,7.94,0.000%,.21673,1.38,0.03,6518.0
GET /items?categoryId=1220,126,20,6,103,14.72,0.000%,.17732,1.10,0.03,6365.0
GET /items?categoryId=1221,153,24,8,48,9.87,0.000%,.21536,1.36,0.03,6455.0
GET /items?categoryId=1222,158,19,6,37,6.86,0.000%,.22241,1.30,0.04,6000.0
GET /items?categoryId=1223,121,22,10,53,9.39,0.000%,.17032,1.08,0.03,6503.0
GET /items?categoryId=1224,166,23,9,51,9.82,0.000%,.23364,1.48,0.04,6492.0
GET /items?categoryId=1225,108,24,8,53,10.19,0.000%,.15201,0.96,0.02,6485.0
GET /items?categoryId=1226,173,31,7,189,36.76,0.000%,.24349,1.52,0.04,6397.0
GET /items?categoryId=1227,116,31,11,73,15.11,0.000%,.16325,1.04,0.03,6511.0
GET /items?categoryId=1228,155,30,6,177,42.72,0.000%,.21814,1.15,0.03,5416.0
GET /items?categoryId=1229,108,27,8,61,13.15,0.000%,.15203,0.96,0.02,6486.0
GET /items?categoryId=1230,153,28,10,54,12.61,0.000%,.21538,1.37,0.03,6512.0
GET /items?categoryId=1231,165,17,6,43,8.86,0.000%,.23228,1.28,0.04,5664.0
GET /items?categoryId=1232,136,20,10,57,7.40,0.000%,.19143,1.22,0.03,6515.0
GET /items?categoryId=1233,125,22,9,46,10.19,0.000%,.17597,1.12,0.03,6525.0
GET /items?categoryId=1234,177,31,6,160,41.01,0.000%,.24914,1.35,0.04,5530.0
GET /items?categoryId=1235,137,25,8,144,20.46,0.000%,.19284,1.22,0.03,6472.0
GET /items?categoryId=1236,146,28,10,153,23.81,0.000%,.20551,1.31,0.03,6505.0
GET /items?categoryId=1237,107,25,8,87,18.27,0.000%,.15063,0.96,0.02,6507.0
GET /items?categoryId=1238,172,14,5,38,7.10,0.000%,.24215,1.51,0.04,6373.0
GET /items?categoryId=1239,132,15,5,44,9.01,0.000%,.18585,0.95,0.03,5258.0
GET /items?categoryId=1240,150,20,8,41,8.96,0.000%,.21119,1.34,0.03,6508.0
GET /items?categoryId=1241,138,14,5,37,7.43,0.000%,.19430,1.03,0.03,5411.0
GET /items?categoryId=1242,164,33,9,186,28.38,0.000%,.23086,1.47,0.04,6502.0
GET /items?categoryId=1243,143,35,8,174,34.11,0.000%,.20127,1.28,0.03,6507.0
GET /items?categoryId=1244,159,21,5,65,12.91,0.000%,.22384,1.32,0.04,6039.0
GET /items?categoryId=1245,134,15,6,48,9.08,0.000%,.18866,1.15,0.03,6256.0
GET /items?categoryId=1246,166,16,5,59,11.67,0.000%,.23372,1.35,0.04,5904.0
GET /items?categoryId=1247,106,22,6,75,18.13,0.000%,.14925,0.88,0.02,6008.0
GET /items?categoryId=1248,154,15,5,55,8.65,0.000%,.21682,1.17,0.03,5511.0
GET /items?categoryId=1249,116,28,9,79,19.68,0.000%,.16334,1.04,0.03,6499.0
GET /items?categoryId=1250,143,32,7,243,45.02,0.000%,.20130,1.28,0.03,6498.0
GET /items?categoryId=1251,190,28,9,92,19.88,0.000%,.26751,1.69,0.04,6486.0
GET /items?categoryId=1252,141,24,8,54,11.59,0.000%,.19854,1.26,0.03,6514.0
GET /items?categoryId=1253,103,20,8,55,11.04,0.000%,.14506,0.92,0.02,6508.0
GET /items?categoryId=1254,134,13,5,29,6.18,0.000%,.18870,1.02,0.03,5550.0
GET /items?categoryId=1255,130,19,5,52,10.59,0.000%,.18306,0.95,0.03,5324.0
GET /items?categoryId=1256,137,21,8,49,10.72,0.000%,.19291,1.23,0.03,6506.0
GET /items?categoryId=1257,140,14,5,143,12.98,0.000%,.19715,1.09,0.03,5664.0
GET /items?categoryId=1258,121,43,10,227,36.17,0.000%,.17037,1.09,0.03,6547.0
GET /items?categoryId=1259,125,29,10,87,17.67,0.000%,.17600,1.11,0.03,6485.0
GET /items?categoryId=1260,175,24,8,66,12.70,0.000%,.24641,1.56,0.04,6498.0
GET /items?categoryId=1261,107,24,8,67,13.30,0.000%,.15069,0.96,0.02,6528.0
GET /items?categoryId=1262,126,19,10,33,5.95,0.000%,.17743,1.13,0.03,6503.0
GET /items?categoryId=1263,123,21,10,44,9.81,0.000%,.17321,1.09,0.03,6473.0
GET /items?categoryId=1264,183,14,5,43,7.54,0.000%,.25769,1.39,0.04,5514.0
GET /items?categoryId=1265,106,23,9,174,19.26,0.000%,.14923,0.95,0.02,6534.0
GET /items?categoryId=1266,153,26,5,187,35.63,0.000%,.21545,1.27,0.03,6032.0
GET /items?categoryId=1267,179,15,6,36,6.10,0.000%,.25203,1.45,0.04,5903.0
GET /items?categoryId=1268,144,17,5,33,7.06,0.000%,.20274,1.21,0.03,6124.0
GET /items?categoryId=1269,153,19,9,42,6.80,0.000%,.21544,1.36,0.03,6487.0
GET /items?categoryId=1270,133,17,8,52,10.36,0.000%,.18725,1.01,0.03,5507.0
GET /items?categoryId=1271,121,18,5,50,11.88,0.000%,.17035,1.06,0.03,6391.0
GET /items?categoryId=1272,145,19,6,215,20.99,0.000%,.20410,1.15,0.03,5776.0
GET /items?categoryId=1273,139,17,6,59,10.02,0.000%,.19567,1.08,0.03,5662.0
GET /items?categoryId=1274,160,16,5,82,9.87,0.000%,.22521,1.19,0.04,5400.0
GET /items?categoryId=1275,98,22,8,43,7.97,0.000%,.13795,0.87,0.02,6490.0
GET /items?categoryId=1276,137,15,5,37,7.47,0.000%,.19285,1.18,0.03,6269.0
GET /items?categoryId=1277,157,21,10,40,8.42,0.000%,.22100,1.40,0.04,6509.0
GET /items?categoryId=1278,123,20,8,40,7.39,0.000%,.17316,1.10,0.03,6480.0
GET /items?categoryId=1279,157,12,5,32,4.70,0.000%,.22100,1.38,0.04,6376.0
GET /items?categoryId=1280,116,41,10,224,61.68,0.000%,.16324,1.04,0.03,6511.0
GET /items?categoryId=1281,125,27,10,194,31.57,0.000%,.17593,1.11,0.03,6487.0
GET /items?categoryId=1282,143,13,5,33,5.72,0.000%,.20125,1.16,0.03,5917.0
GET /items?categoryId=1283,147,17,6,121,13.08,0.000%,.20687,1.15,0.03,5672.0
GET /items?categoryId=1284,107,15,7,38,6.25,0.000%,.15059,0.87,0.02,5895.0
GET /items?categoryId=1285,139,21,7,45,8.83,0.000%,.19564,1.24,0.03,6499.0
GET /items?categoryId=1286,117,14,6,29,4.99,0.000%,.16468,0.94,0.03,5872.0
GET /items?categoryId=1287,135,18,8,29,4.76,0.000%,.19000,1.21,0.03,6506.0
GET /items?categoryId=1288,108,26,8,198,35.24,0.000%,.15195,0.96,0.02,6496.0
GET /items?categoryId=1289,168,19,6,65,14.73,0.000%,.23635,1.27,0.04,5515.0
GET /items?categoryId=1290,161,19,9,58,8.45,0.000%,.22652,1.44,0.04,6510.0
GET /items?categoryId=1291,145,19,6,59,15.62,0.000%,.20401,1.08,0.03,5407.0
GET /items?categoryId=1292,118,34,8,135,33.16,0.000%,.16601,1.06,0.03,6527.0
GET /items?categoryId=1293,177,19,6,95,14.69,0.000%,.24901,1.46,0.04,5995.0
GET /items?categoryId=1294,151,21,9,39,7.90,0.000%,.21246,1.35,0.03,6519.0
GET /items?categoryId=1295,105,37,8,228,52.10,0.000%,.14771,0.94,0.02,6509.0
GET /items?categoryId=1296,173,17,5,48,11.26,0.000%,.24335,1.34,0.04,5629.0
GET /items?categoryId=1297,141,22,8,49,10.13,0.000%,.19836,1.26,0.03,6512.0
GET /items?categoryId=1298,131,16,7,58,9.54,0.000%,.18428,1.00,0.03,5557.0
GET /items?categoryId=1299,145,17,5,66,12.27,0.000%,.20398,1.10,0.03,5531.0
GET /items?categoryId=1300,155,32,7,193,41.47,0.000%,.21801,1.39,0.03,6516.0
GET /items?categoryId=1301,141,19,6,46,11.96,0.000%,.19837,1.10,0.03,5656.0
GET /items?categoryId=1302,173,16,6,218,20.42,0.000%,.24334,1.45,0.04,6101.0
GET /items?categoryId=1303,141,19,5,91,15.54,0.000%,.19836,1.12,0.03,5792.0
GET /items?categoryId=1304,142,29,5,95,22.36,0.000%,.19977,1.22,0.03,6253.0
GET /items?categoryId=1305,145,18,5,67,14.40,0.000%,.20399,1.13,0.03,5666.0
GET /items?categoryId=1306,162,21,9,65,10.38,0.000%,.22791,1.45,0.04,6518.0
GET /items?categoryId=1307,137,30,8,152,28.09,0.000%,.19274,1.23,0.03,6521.0
GET /items?categoryId=1308,171,19,5,92,17.35,0.000%,.24059,1.41,0.04,5997.0
GET /items?categoryId=1309,122,22,5,83,17.84,0.000%,.17167,0.94,0.03,5622.0
GET /items?categoryId=1310,141,39,7,254,59.16,0.000%,.19836,1.26,0.03,6486.0
GET /items?categoryId=1311,134,17,5,41,10.51,0.000%,.18850,1.02,0.03,5552.0
GET /items?categoryId=1312,145,19,5,64,13.56,0.000%,.20400,1.13,0.03,5660.0
GET /items?categoryId=1313,172,33,8,172,39.96,0.000%,.24199,1.53,0.04,6485.0
GET /items?categoryId=1314,125,45,9,165,50.65,0.000%,.17588,1.11,0.03,6486.0
GET /items?categoryId=1315,120,24,8,155,23.87,0.000%,.16883,1.07,0.03,6505.0
GET /items?categoryId=1316,178,16,6,57,10.80,0.000%,.25047,1.50,0.04,6148.0
GET /items?categoryId=1317,171,22,6,192,26.62,0.000%,.24059,1.39,0.04,5895.0
GET /items?categoryId=1318,109,27,8,61,16.67,0.000%,.15337,0.97,0.02,6476.0
GET /items?categoryId=1319,138,16,5,54,8.66,0.000%,.19417,1.07,0.03,5642.0
GET /items?categoryId=1320,174,19,6,58,12.24,0.000%,.24482,1.53,0.04,6388.0
GET /items?categoryId=1321,161,20,6,147,23.03,0.000%,.22650,1.36,0.04,6147.0
GET /items?categoryId=1322,139,18,5,66,11.04,0.000%,.19561,1.06,0.03,5528.0
GET /items?categoryId=1323,109,17,5,51,10.15,0.000%,.15340,0.90,0.02,6026.0
GET /items?categoryId=1324,166,16,6,40,8.62,0.000%,.23360,1.30,0.04,5689.0
GET /items?categoryId=1325,168,18,5,52,10.05,0.000%,.23639,1.30,0.04,5647.0
GET /items?categoryId=1326,142,23,11,48,10.44,0.000%,.19979,1.27,0.03,6505.0
GET /items?categoryId=1327,135,20,8,47,8.83,0.000%,.18997,1.21,0.03,6508.0
GET /items?categoryId=1328,135,40,6,256,71.85,0.000%,.18997,1.03,0.03,5541.0
GET /items?categoryId=1329,164,29,9,116,22.41,0.000%,.23081,1.46,0.04,6495.0
GET /items?categoryId=1330,120,18,5,64,11.27,0.000%,.16891,0.88,0.03,5310.0
GET /items?categoryId=1331,109,18,5,68,16.10,0.000%,.15342,0.90,0.02,6025.0
GET /items?categoryId=1332,148,27,11,186,19.50,0.000%,.20826,1.32,0.03,6475.0
GET /items?categoryId=1333,160,28,9,187,20.03,0.000%,.22518,1.43,0.04,6503.0
GET /items?categoryId=1334,169,17,5,57,10.87,0.000%,.23783,1.24,0.04,5326.0
GET /items?categoryId=1335,117,33,7,187,37.79,0.000%,.16465,1.04,0.03,6491.0
GET /items?categoryId=1336,130,20,6,72,17.23,0.000%,.18297,1.07,0.03,6005.0
GET /items?categoryId=1337,180,16,6,65,10.02,0.000%,.25336,1.45,0.04,5875.0
GET /items?categoryId=1338,125,17,7,43,9.42,0.000%,.17596,1.10,0.03,6394.0
GET /items?categoryId=1339,117,18,5,63,13.76,0.000%,.16471,0.89,0.03,5543.0
GET /items?categoryId=1340,156,25,7,181,29.30,0.000%,.21956,1.32,0.03,6157.0
GET /items?categoryId=1341,122,37,5,210,48.40,0.000%,.17173,1.01,0.03,6002.0
GET /items?categoryId=1342,128,31,6,207,39.24,0.000%,.18016,1.08,0.03,6138.0
GET /items?categoryId=1343,136,19,6,56,10.57,0.000%,.19145,1.08,0.03,5795.0
GET /items?categoryId=1344,100,17,5,56,11.06,0.000%,.14079,0.80,0.02,5784.0
GET /items?categoryId=1345,149,15,6,31,4.94,0.000%,.20977,1.08,0.03,5289.0
GET /items?categoryId=1346,160,21,8,54,8.51,0.000%,.22526,1.43,0.04,6503.0
GET /items?categoryId=1347,99,21,8,42,9.15,0.000%,.13939,0.88,0.02,6499.0
GET /items?categoryId=1348,105,24,8,52,11.35,0.000%,.14783,0.94,0.02,6517.0
GET /items?categoryId=1349,163,22,5,205,34.54,0.000%,.22943,1.34,0.04,6003.0
GET /items?categoryId=1350,151,20,5,159,20.45,0.000%,.21256,1.33,0.03,6391.0
GET /items?categoryId=1351,90,18,6,42,10.43,0.000%,.12671,0.66,0.02,5297.0
GET /items?categoryId=1352,171,18,5,47,9.34,0.000%,.24074,1.27,0.04,5410.0
GET /items?categoryId=1353,141,14,5,39,6.70,0.000%,.19852,1.02,0.03,5278.0
GET /items?categoryId=1354,155,14,6,40,6.27,0.000%,.21821,1.21,0.03,5660.0
GET /items?categoryId=1355,166,15,6,36,6.40,0.000%,.23370,1.42,0.04,6234.0
GET /items?categoryId=1356,116,18,10,43,5.84,0.000%,.16331,1.04,0.03,6493.0
GET /items?categoryId=1357,156,19,10,62,9.69,0.000%,.21954,1.39,0.03,6504.0
GET /items?categoryId=1358,170,19,5,110,14.92,0.000%,.23928,1.32,0.04,5668.0
GET /items?categoryId=1359,113,21,7,51,11.48,0.000%,.15906,0.92,0.03,5911.0
GET /items?categoryId=1360,131,16,6,41,8.19,0.000%,.18439,1.15,0.03,6371.0
GET /items?categoryId=1361,146,17,5,68,9.30,0.000%,.20549,1.09,0.03,5425.0
GET /items?categoryId=1362,159,20,8,40,7.31,0.000%,.22380,1.42,0.04,6505.0
GET /items?categoryId=1363,165,23,10,241,25.19,0.000%,.23215,1.48,0.04,6532.0
GET /items?categoryId=1364,134,18,6,84,11.95,0.000%,.18857,1.05,0.03,5680.0
GET /items?categoryId=1365,159,19,9,39,6.91,0.000%,.22374,1.42,0.04,6518.0
GET /items?categoryId=1366,143,24,10,133,21.07,0.000%,.20121,1.27,0.03,6473.0
GET /items?categoryId=1367,151,22,9,104,10.31,0.000%,.21249,1.35,0.03,6497.0
GET /items?categoryId=1368,154,13,5,32,5.33,0.000%,.21672,1.19,0.03,5639.0
GET /items?categoryId=1369,159,16,6,77,8.70,0.000%,.22373,1.34,0.04,6123.0
GET /items?categoryId=1370,118,30,12,239,26.99,0.000%,.16599,1.06,0.03,6520.0
GET /items?categoryId=1371,132,36,6,228,55.51,0.000%,.18571,1.02,0.03,5638.0
GET /items?categoryId=1372,152,17,5,202,24.21,0.000%,.21384,1.11,0.03,5309.0
GET /items?categoryId=1373,122,16,5,42,8.65,0.000%,.17163,0.95,0.03,5669.0
GET /items?categoryId=1374,155,14,6,42,5.71,0.000%,.21805,1.23,0.03,5781.0
GET /items?categoryId=1375,157,22,6,145,26.94,0.000%,.22084,1.35,0.04,6249.0
GET /items?categoryId=1376,122,22,11,51,10.48,0.000%,.17166,1.09,0.03,6515.0
GET /items?categoryId=1377,173,26,8,161,28.82,0.000%,.24338,1.54,0.04,6500.0
GET /items?categoryId=1378,122,33,7,137,20.34,0.000%,.17165,1.09,0.03,6488.0
GET /items?categoryId=1379,135,27,8,58,13.41,0.000%,.18993,1.20,0.03,6469.0
GET /items?categoryId=1380,153,23,9,93,8.88,0.000%,.21523,1.36,0.03,6481.0
GET /items?categoryId=1381,155,13,5,35,5.51,0.000%,.21805,1.35,0.03,6356.0
GET /items?categoryId=1382,145,29,7,156,41.18,0.000%,.20401,1.15,0.03,5757.0
GET /items?categoryId=1383,140,27,9,163,21.56,0.000%,.19697,1.25,0.03,6514.0
GET /items?categoryId=1384,157,14,6,32,5.80,0.000%,.22091,1.22,0.04,5667.0
GET /items?categoryId=1385,128,21,9,65,10.01,0.000%,.18009,1.14,0.03,6507.0
GET /items?categoryId=1386,128,16,6,39,8.29,0.000%,.18011,1.10,0.03,6254.0
GET /items?categoryId=1387,167,15,6,34,6.22,0.000%,.23499,1.38,0.04,5999.0
GET /items?categoryId=1388,130,16,6,37,7.87,0.000%,.18293,1.08,0.03,6024.0
GET /items?categoryId=1389,130,16,6,65,7.75,0.000%,.18293,1.09,0.03,6113.0
GET /items?categoryId=1390,173,29,11,169,27.17,0.000%,.24343,1.55,0.04,6512.0
GET /items?categoryId=1391,148,23,5,132,16.10,0.000%,.20825,1.16,0.03,5687.0
GET /items?categoryId=1392,121,19,5,66,13.78,0.000%,.17027,0.99,0.03,5930.0
GET /items?categoryId=1393,161,24,8,72,13.07,0.000%,.22656,1.44,0.04,6491.0
GET /items?categoryId=1394,120,22,9,43,6.94,0.000%,.16888,1.07,0.03,6493.0
GET /items?categoryId=1395,160,25,8,59,11.29,0.000%,.22516,1.42,0.04,6462.0
GET /items?categoryId=1396,143,14,6,40,6.32,0.000%,.20122,1.11,0.03,5624.0
GET /items?categoryId=1397,135,13,6,33,6.45,0.000%,.18997,1.03,0.03,5553.0
GET /items?categoryId=1398,145,14,7,35,5.14,0.000%,.20404,1.10,0.03,5534.0
GET /items?categoryId=1399,127,23,6,144,23.58,0.000%,.17872,1.11,0.03,6363.0
GET /items?categoryId=1400,116,23,10,54,10.63,0.000%,.16326,1.05,0.03,6565.0
GET /items?categoryId=1401,153,26,9,112,21.24,0.000%,.21534,1.37,0.03,6508.0
GET /items?categoryId=1402,132,17,5,56,11.10,0.000%,.18580,1.10,0.03,6053.0
GET /items?categoryId=1403,153,20,8,40,6.40,0.000%,.21535,1.37,0.03,6506.0
GET /items?categoryId=1404,141,14,5,40,6.58,0.000%,.19848,1.15,0.03,5913.0
GET /items?categoryId=1405,117,20,11,45,7.52,0.000%,.16469,1.04,0.03,6489.0
GET /items?categoryId=1406,147,25,9,163,26.36,0.000%,.20692,1.31,0.03,6499.0
GET /items?categoryId=1407,119,33,8,161,35.81,0.000%,.16751,1.06,0.03,6491.0
GET /items?categoryId=1408,176,27,8,107,21.13,0.000%,.24775,1.57,0.04,6507.0
GET /items?categoryId=1409,121,18,9,35,6.21,0.000%,.17036,1.08,0.03,6489.0
GET /items?categoryId=1410,147,16,8,28,4.61,0.000%,.20697,1.32,0.03,6520.0
GET /items?categoryId=1411,118,18,8,36,8.02,0.000%,.16614,1.05,0.03,6477.0
GET /items?categoryId=1412,121,13,5,28,4.67,0.000%,.17037,0.99,0.03,5928.0
GET /items?categoryId=1413,152,17,8,99,8.28,0.000%,.21402,1.36,0.03,6486.0
GET /items?categoryId=1414,145,16,5,128,16.35,0.000%,.20418,1.05,0.03,5289.0
GET /items?categoryId=1415,136,19,5,99,16.21,0.000%,.19152,1.12,0.03,5997.0
GET /items?categoryId=1416,138,21,9,65,11.67,0.000%,.19433,1.24,0.03,6553.0
GET /items?categoryId=1417,180,22,8,100,16.79,0.000%,.25349,1.61,0.04,6484.0
GET /items?categoryId=1418,118,12,5,56,6.96,0.000%,.16620,0.86,0.03,5321.0
GET /items?categoryId=1419,138,22,10,73,12.54,0.000%,.19435,1.23,0.03,6480.0
GET /items?categoryId=1420,140,19,8,41,8.57,0.000%,.19719,1.25,0.03,6504.0
GET /items?categoryId=1421,163,19,9,46,7.17,0.000%,.22958,1.46,0.04,6521.0
GET /items?categoryId=1422,144,22,8,159,25.05,0.000%,.20283,1.28,0.03,6480.0
GET /items?categoryId=1423,119,17,5,121,14.83,0.000%,.16762,0.86,0.03,5270.0
GET /items?categoryId=1424,121,17,6,55,13.15,0.000%,.17047,1.00,0.03,6005.0
GET /items?categoryId=1425,168,12,5,35,5.96,0.000%,.23667,1.39,0.04,6035.0
GET /items?categoryId=1426,106,11,5,29,3.85,0.000%,.14934,0.77,0.02,5269.0
GET /items?categoryId=1427,111,16,5,76,12.97,0.000%,.15640,0.92,0.02,6018.0
GET /items?categoryId=1428,169,14,5,51,7.50,0.000%,.23810,1.39,0.04,5993.0
GET /items?categoryId=1429,120,13,6,46,6.00,0.000%,.16908,0.89,0.03,5412.0
GET /items?categoryId=1430,135,12,5,24,4.50,0.000%,.19021,1.05,0.03,5659.0
GET /items?categoryId=1431,127,21,5,199,29.16,0.000%,.17893,1.09,0.03,6252.0
GET /items?categoryId=1432,121,27,9,86,19.98,0.000%,.17051,1.09,0.03,6523.0
GET /items?categoryId=1433,141,28,8,99,24.52,0.000%,.19871,1.26,0.03,6518.0
GET /items?categoryId=1434,144,21,9,72,12.40,0.000%,.20294,1.29,0.03,6493.0
GET /items?categoryId=1435,114,14,5,62,10.59,0.000%,.16067,0.98,0.03,6259.0
GET /items?categoryId=1436,151,23,8,71,16.10,0.000%,.21282,1.35,0.03,6485.0
GET /items?categoryId=1437,139,21,5,59,14.50,0.000%,.19592,1.02,0.03,5317.0
GET /items?categoryId=1438,153,32,10,208,45.24,0.000%,.21565,1.37,0.03,6485.0
GET /items?categoryId=1439,139,28,9,153,19.46,0.000%,.19593,1.25,0.03,6516.0
GET /items?categoryId=1440,161,22,7,60,12.64,0.000%,.22699,1.44,0.04,6476.0
GET /items?categoryId=1441,142,22,9,70,11.80,0.000%,.20023,1.27,0.03,6485.0
GET /items?categoryId=1442,170,27,9,93,22.80,0.000%,.23971,1.52,0.04,6502.0
GET /items?categoryId=1443,110,16,5,62,14.10,0.000%,.15511,0.88,0.02,5811.0
GET /items?categoryId=1444,142,43,9,212,61.68,0.000%,.20024,1.27,0.03,6512.0
GET /items?categoryId=1445,131,26,8,187,26.40,0.000%,.18474,1.18,0.03,6519.0
GET /items?categoryId=1446,152,28,10,105,19.46,0.000%,.21442,1.36,0.03,6490.0
GET /items?categoryId=1447,102,16,6,67,12.67,0.000%,.14387,0.81,0.02,5749.0
GET /items?categoryId=1448,104,16,5,67,12.26,0.000%,.14671,0.90,0.02,6274.0
GET /items?categoryId=1449,133,19,5,55,12.99,0.000%,.18763,0.97,0.03,5270.0
GET /items?categoryId=1450,132,22,8,66,13.16,0.000%,.18622,1.18,0.03,6494.0
GET /items?categoryId=1451,152,21,9,227,19.51,0.000%,.21444,1.36,0.03,6478.0
GET /items?categoryId=1452,158,34,8,237,47.09,0.000%,.22292,1.42,0.04,6505.0
GET /items?categoryId=1453,112,21,8,58,11.52,0.000%,.15807,1.00,0.03,6502.0
GET /items?categoryId=1454,159,14,5,49,7.95,0.000%,.22438,1.40,0.04,6373.0
GET /items?categoryId=1455,147,28,5,92,30.63,0.000%,.20747,1.19,0.03,5872.0
GET /items?categoryId=1456,120,16,5,41,10.14,0.000%,.16936,1.06,0.03,6398.0
GET /items?categoryId=1457,149,18,9,48,7.78,0.000%,.21029,1.34,0.03,6513.0
GET /items?categoryId=1458,185,12,5,57,6.25,0.000%,.26109,1.60,0.04,6279.0
GET /items?categoryId=1459,158,21,8,57,12.00,0.000%,.22301,1.41,0.04,6497.0
GET /items?categoryId=1460,103,18,5,60,15.73,0.000%,.14540,0.90,0.02,6366.0
GET /items?categoryId=1461,139,21,10,68,11.67,0.000%,.19625,1.25,0.03,6522.0
GET /items?categoryId=1462,124,32,8,124,35.20,0.000%,.17506,1.11,0.03,6518.0
GET /items?categoryId=1463,178,23,9,84,14.84,0.000%,.25131,1.59,0.04,6473.0
GET /items?categoryId=1464,119,26,9,99,23.19,0.000%,.16803,1.07,0.03,6503.0
GET /items?categoryId=1465,161,20,5,97,17.06,0.000%,.22733,1.28,0.04,5766.0
GET /items?categoryId=1466,174,14,6,166,16.02,0.000%,.24571,1.45,0.04,6031.0
GET /items?categoryId=1467,117,25,8,90,24.27,0.000%,.16527,1.02,0.03,6291.0
GET /items?categoryId=1468,110,21,5,64,17.07,0.000%,.15537,0.88,0.02,5803.0
GET /items?categoryId=1469,159,14,5,39,6.21,0.000%,.22461,1.26,0.04,5753.0
GET /items?categoryId=1470,144,19,10,52,9.10,0.000%,.20342,1.29,0.03,6517.0
GET /items?categoryId=1471,158,15,6,44,7.43,0.000%,.22317,1.23,0.04,5650.0
GET /items?categoryId=1472,99,18,10,32,6.39,0.000%,.13987,0.89,0.02,6493.0
GET /items?categoryId=1473,166,22,8,188,19.04,0.000%,.23451,1.49,0.04,6491.0
GET /items?categoryId=1474,157,17,5,90,10.88,0.000%,.22183,1.29,0.04,5935.0
GET /items?categoryId=1475,107,14,5,47,7.26,0.000%,.15120,0.94,0.02,6358.0
GET /items?categoryId=1476,121,21,9,58,9.69,0.000%,.17098,1.08,0.03,6491.0
GET /items?categoryId=1477,98,13,6,51,7.32,0.000%,.13848,0.77,0.02,5673.0
GET /items?categoryId=1478,141,24,10,79,12.28,0.000%,.19926,1.27,0.03,6524.0
GET /items?categoryId=1479,137,22,9,57,9.84,0.000%,.19360,1.23,0.03,6511.0
GET /items?categoryId=1480,156,21,9,47,9.85,0.000%,.22044,1.40,0.04,6511.0
GET /items?categoryId=1481,124,15,7,61,11.46,0.000%,.17523,0.93,0.03,5411.0
GET /items?categoryId=1482,148,23,9,65,14.54,0.000%,.20918,1.34,0.03,6542.0
GET /items?categoryId=1483,129,32,7,101,27.64,0.000%,.18236,1.16,0.03,6532.0
GET /items?categoryId=1484,165,24,10,94,13.55,0.000%,.23322,1.48,0.04,6501.0
GET /items?categoryId=1485,115,15,6,40,8.17,0.000%,.16256,0.85,0.03,5333.0
GET /items?categoryId=1486,126,14,6,31,6.62,0.000%,.17811,0.96,0.03,5531.0
GET /items?categoryId=1487,186,15,6,34,5.66,0.000%,.26293,1.45,0.04,5648.0
GET /items?categoryId=1488,123,24,11,154,22.30,0.000%,.17388,1.11,0.03,6516.0
GET /items?categoryId=1489,135,32,9,159,31.80,0.000%,.19086,1.21,0.03,6497.0
GET /items?categoryId=1490,127,20,8,55,8.73,0.000%,.17956,1.14,0.03,6523.0
GET /items?categoryId=1491,152,19,9,40,5.36,0.000%,.21492,1.37,0.03,6522.0
GET /items?categoryId=1492,107,19,10,37,5.75,0.000%,.15130,0.96,0.02,6512.0
GET /items?categoryId=1493,144,15,5,41,7.32,0.000%,.20361,1.05,0.03,5299.0
GET /items?categoryId=1494,187,15,5,36,6.94,0.000%,.26441,1.47,0.04,5694.0
GET /items?categoryId=1495,166,15,6,37,7.25,0.000%,.23473,1.44,0.04,6270.0
GET /items?categoryId=1496,143,21,10,202,21.38,0.000%,.20221,1.28,0.03,6499.0
GET /items?categoryId=1497,128,23,8,198,22.19,0.000%,.18100,1.15,0.03,6494.0
GET /items?categoryId=1498,147,29,8,90,21.51,0.000%,.20792,1.32,0.03,6491.0
GET /items?categoryId=1499,160,20,8,58,8.88,0.000%,.22628,1.44,0.04,6502.0
GET /items?categoryId=1500,131,12,6,23,3.35,0.000%,.18529,1.03,0.03,5683.0
GET /items?categoryId=1501,113,11,5,24,3.95,0.000%,.15984,0.99,0.03,6361.0
GET /items?categoryId=1502,133,15,5,51,8.62,0.000%,.18815,0.99,0.03,5390.0
GET /items?categoryId=1503,139,14,5,32,6.53,0.000%,.19661,1.20,0.03,6237.0
GET /items?categoryId=1504,150,36,8,206,53.74,0.000%,.21218,1.35,0.03,6516.0
GET /items?categoryId=1505,150,15,5,46,9.81,0.000%,.21222,1.17,0.03,5648.0
GET /items?categoryId=1506,163,14,5,64,7.93,0.000%,.23063,1.30,0.04,5783.0
GET /items?categoryId=1507,160,21,9,48,8.23,0.000%,.22639,1.44,0.04,6515.0
GET /items?categoryId=1508,112,13,6,25,4.50,0.000%,.15848,0.88,0.03,5663.0
GET /items?categoryId=1509,104,19,9,46,7.99,0.000%,.14717,0.94,0.02,6557.0
GET /items?categoryId=1510,124,20,8,39,6.78,0.000%,.17546,1.11,0.03,6503.0
GET /items?categoryId=1511,152,27,10,108,20.93,0.000%,.21510,1.38,0.03,6549.0
GET /items?categoryId=1512,123,21,8,172,20.84,0.000%,.17406,1.11,0.03,6518.0
GET /items?categoryId=1513,130,19,8,56,9.59,0.000%,.18399,1.17,0.03,6507.0
GET /items?categoryId=1514,175,13,6,38,6.54,0.000%,.24769,1.31,0.04,5412.0
GET /items?categoryId=1515,151,13,6,37,5.86,0.000%,.21373,1.33,0.03,6372.0
GET /items?categoryId=1516,143,13,5,39,7.53,0.000%,.20242,1.23,0.03,6246.0
GET /items?categoryId=1517,135,22,8,48,8.76,0.000%,.19107,1.22,0.03,6538.0
GET /items?categoryId=1518,183,13,5,32,5.67,0.000%,.25901,1.52,0.04,5996.0
GET /items?categoryId=1519,133,13,6,36,5.73,0.000%,.18826,0.99,0.03,5408.0
GET /items?categoryId=1520,97,47,8,206,58.98,0.000%,.13730,0.87,0.02,6497.0
GET /items?categoryId=1521,130,17,6,93,14.90,0.000%,.18405,1.11,0.03,6148.0
GET /items?categoryId=1522,138,23,9,50,9.37,0.000%,.19538,1.24,0.03,6508.0
GET /items?categoryId=1523,153,19,9,38,5.36,0.000%,.21663,1.38,0.03,6518.0
GET /items?categoryId=1524,123,15,5,48,10.01,0.000%,.17417,0.95,0.03,5580.0
GET /items?categoryId=1525,149,19,8,41,6.80,0.000%,.21096,1.34,0.03,6501.0
GET /items?categoryId=1526,145,23,9,83,14.08,0.000%,.20529,1.30,0.03,6485.0
GET /items?categoryId=1527,147,27,9,201,35.75,0.000%,.20815,1.32,0.03,6470.0
GET /items?categoryId=1528,162,33,9,203,45.80,0.000%,.22939,1.46,0.04,6530.0
GET /items?categoryId=1529,97,16,6,48,10.02,0.000%,.13739,0.77,0.02,5767.0
GET /items?categoryId=1530,175,21,8,108,11.10,0.000%,.24786,1.57,0.04,6482.0
GET /items?categoryId=1531,124,13,4,23,3.63,0.000%,.17563,1.01,0.03,5915.0
GET /items?categoryId=1532,135,19,9,38,5.30,0.000%,.19121,1.21,0.03,6472.0
GET /items?categoryId=1533,98,18,11,26,3.67,0.000%,.13882,0.88,0.02,6510.0
GET /items?categoryId=1534,182,18,9,28,4.15,0.000%,.25779,1.63,0.04,6473.0
GET /items?categoryId=1535,166,21,11,201,18.93,0.000%,.23514,1.49,0.04,6491.0
GET /items?categoryId=1536,152,19,6,43,10.08,0.000%,.21533,1.11,0.03,5301.0
GET /items?categoryId=1537,142,20,8,40,7.32,0.000%,.20117,1.28,0.03,6493.0
GET /items?categoryId=1538,158,21,5,109,24.59,0.000%,.22385,1.15,0.04,5276.0
GET /items?categoryId=1539,114,16,7,37,7.95,0.000%,.16153,0.86,0.03,5421.0
GET /items?categoryId=1540,135,13,6,27,4.47,0.000%,.19127,1.13,0.03,6041.0
GET /items?categoryId=1541,124,19,9,33,4.60,0.000%,.17569,1.12,0.03,6516.0
GET /items?categoryId=1542,157,25,8,177,29.47,0.000%,.22245,1.42,0.04,6531.0
GET /items?categoryId=1543,170,43,10,180,56.84,0.000%,.24087,1.53,0.04,6499.0
GET /items?categoryId=1544,141,14,7,31,5.48,0.000%,.19981,1.24,0.03,6367.0
GET /items?categoryId=1545,97,16,5,56,9.24,0.000%,.13747,0.84,0.02,6237.0
GET /items?categoryId=1546,181,14,6,27,4.96,0.000%,.25650,1.33,0.04,5316.0
GET /items?categoryId=1547,164,14,6,27,5.44,0.000%,.23243,1.34,0.04,5917.0
GET /items?categoryId=1548,117,20,8,113,12.73,0.000%,.16582,1.05,0.03,6505.0
GET /items?categoryId=1549,151,12,5,29,4.05,0.000%,.21401,1.26,0.03,6026.0
GET /items?categoryId=1550,122,19,9,42,6.27,0.000%,.17291,1.10,0.03,6498.0
GET /items?categoryId=1551,136,28,9,207,27.05,0.000%,.19274,1.23,0.03,6511.0
GET /items?categoryId=1552,158,21,8,57,8.66,0.000%,.22396,1.43,0.04,6520.0
GET /items?categoryId=1553,152,19,9,44,7.53,0.000%,.21547,1.37,0.03,6510.0
GET /items?categoryId=1554,143,25,10,90,20.76,0.000%,.20272,1.29,0.03,6499.0
GET /items?categoryId=1555,190,13,6,25,4.30,0.000%,.26934,1.45,0.04,5529.0
GET /items?categoryId=1556,145,12,6,95,8.02,0.000%,.20556,1.11,0.03,5525.0
GET /items?categoryId=1557,120,13,6,67,6.72,0.000%,.17012,1.02,0.03,6123.0
GET /items?categoryId=1558,161,19,8,38,6.37,0.000%,.22823,1.45,0.04,6497.0
GET /items?categoryId=1559,153,15,6,57,8.01,0.000%,.21689,1.36,0.03,6407.0
GET /items?categoryId=1560,109,13,6,24,4.12,0.000%,.15455,0.90,0.02,5983.0
GET /items?categoryId=1561,107,13,5,29,5.17,0.000%,.15172,0.78,0.02,5276.0
GET /items?categoryId=1562,155,18,10,29,3.50,0.000%,.21978,1.40,0.03,6530.0
GET /items?categoryId=1563,156,11,5,23,3.64,0.000%,.22118,1.30,0.04,6002.0
GET /items?categoryId=1564,101,18,10,55,5.52,0.000%,.14321,0.91,0.02,6521.0
GET /items?categoryId=1565,131,13,6,28,4.20,0.000%,.18575,1.13,0.03,6250.0
GET /items?categoryId=1566,135,14,6,37,6.15,0.000%,.19142,1.01,0.03,5427.0
GET /items?categoryId=1567,124,40,6,232,69.16,0.000%,.17583,0.91,0.03,5320.0
GET /items?categoryId=1568,165,35,7,242,61.55,0.000%,.23394,1.24,0.04,5435.0
GET /items?categoryId=1569,105,14,6,28,4.81,0.000%,.14894,0.81,0.02,5544.0
GET /items?categoryId=1570,169,21,10,44,7.76,0.000%,.23968,1.52,0.04,6473.0
GET /items?categoryId=1571,162,16,5,37,8.04,0.000%,.22976,1.43,0.04,6365.0
GET /items?categoryId=1572,123,21,6,56,14.31,0.000%,.17446,1.01,0.03,5908.0
GET /items?categoryId=1573,134,27,9,104,15.51,0.000%,.19006,1.21,0.03,6529.0
GET /items?categoryId=1574,186,38,10,218,32.51,0.000%,.26382,1.68,0.04,6530.0
GET /items?categoryId=1575,117,19,6,54,11.68,0.000%,.16602,0.90,0.03,5533.0
GET /items?categoryId=1576,136,22,6,65,12.81,0.000%,.19296,1.20,0.03,6372.0
GET /items?categoryId=1577,150,25,9,66,12.38,0.000%,.21283,1.35,0.03,6481.0
GET /items?categoryId=1578,153,14,6,68,9.63,0.000%,.21710,1.33,0.03,6277.0
GET /items?categoryId=1579,132,18,7,79,12.89,0.000%,.18732,1.12,0.03,6126.0
GET /items?categoryId=1580,143,28,10,87,20.41,0.000%,.20293,1.29,0.03,6523.0
GET /items?categoryId=1581,130,42,6,313,75.34,0.000%,.18448,1.02,0.03,5643.0
GET /items?categoryId=1582,200,28,6,120,27.22,0.000%,.28391,1.53,0.05,5511.0
GET /items?categoryId=1583,107,27,6,78,20.78,0.000%,.15192,0.95,0.02,6393.0
GET /items?categoryId=1584,140,30,9,105,24.21,0.000%,.19877,1.27,0.03,6521.0
GET /items?categoryId=1585,164,25,8,67,14.72,0.000%,.23286,1.48,0.04,6500.0
GET /items?categoryId=1586,176,34,10,292,51.49,0.000%,.24989,1.59,0.04,6499.0
GET /items?categoryId=1587,113,28,9,294,37.66,0.000%,.16046,1.02,0.03,6523.0
GET /items?categoryId=1588,122,37,9,124,33.22,0.000%,.17328,1.10,0.03,6516.0
GET /items?categoryId=1589,143,27,10,167,26.97,0.000%,.20313,1.29,0.03,6527.0
GET /items?categoryId=1590,121,37,6,173,49.85,0.000%,.17190,0.89,0.03,5295.0
GET /items?categoryId=1591,165,33,6,115,32.07,0.000%,.23442,1.43,0.04,6267.0
GET /items?categoryId=1592,151,40,9,236,39.30,0.000%,.21456,1.37,0.03,6522.0
GET /items?categoryId=1593,152,24,6,138,28.60,0.000%,.21603,1.29,0.03,6132.0
GET /items?categoryId=1594,163,27,7,145,33.09,0.000%,.23170,1.31,0.04,5800.0
GET /items?categoryId=1595,128,36,6,174,53.44,0.000%,.18198,1.01,0.03,5665.0
GET /items?categoryId=1596,124,76,9,465,130.36,0.000%,.17630,1.12,0.03,6501.0
GET /items?categoryId=1597,138,59,10,452,90.93,0.000%,.19624,1.24,0.03,6490.0
GET /items?categoryId=1598,126,63,10,287,82.05,0.000%,.17929,1.14,0.03,6509.0
GET /items?categoryId=1599,142,55,9,458,103.32,0.000%,.20205,1.28,0.03,6485.0
GET /items?categoryId=1600,97,52,6,417,95.41,0.000%,.13807,0.72,0.02,5313.0
GET /items?categoryId=1601,184,44,12,142,38.97,0.000%,.26199,1.66,0.04,6491.0
GET /items?categoryId=1602,170,46,5,244,67.64,0.000%,.24211,1.47,0.04,6237.0
GET /items?categoryId=1603,115,39,5,331,51.54,0.000%,.16381,0.94,0.03,5902.0
GET /items?categoryId=1604,160,43,12,408,61.39,0.000%,.22797,1.45,0.04,6507.0
GET /items?categoryId=1605,173,49,7,249,64.12,0.000%,.24662,1.33,0.04,5543.0
GET /items?categoryId=1606,130,105,10,518,175.13,0.000%,.18535,1.17,0.03,6487.0
GET /items?categoryId=1607,127,60,10,305,86.40,0.000%,.18119,1.16,0.03,6537.0
GET /items?categoryId=1608,116,28,7,218,39.85,0.000%,.16554,0.86,0.03,5289.0
GET /items?categoryId=1609,144,109,6,481,159.57,0.000%,.20554,1.25,0.03,6232.0
GET /items?categoryId=1610,163,55,6,244,75.47,0.000%,.23274,1.25,0.04,5509.0
GET /items?categoryId=1611,152,60,6,476,115.21,0.000%,.21711,1.12,0.03,5298.0
GET /items?categoryId=1612,154,62,10,450,103.86,0.000%,.22001,1.39,0.04,6490.0
GET /items?categoryId=1613,147,31,11,112,26.10,0.000%,.21016,1.34,0.03,6532.0
GET /items?categoryId=1614,150,18,5,94,15.29,0.000%,.21444,1.16,0.03,5525.0
GET /items?categoryId=1615,140,16,5,95,12.58,0.000%,.20015,1.24,0.03,6357.0
GET /items?categoryId=1616,121,23,9,80,13.01,0.000%,.17301,1.10,0.03,6526.0
GET /items?categoryId=1617,140,86,10,315,101.49,0.000%,.20018,1.27,0.03,6500.0
GET /items?categoryId=1618,126,38,11,123,30.06,0.000%,.18023,1.14,0.03,6503.0
GET /items?categoryId=1619,132,19,5,81,16.26,0.000%,.18884,1.18,0.03,6390.0
GET /items?categoryId=1620,143,27,10,89,16.26,0.000%,.20459,1.29,0.03,6473.0
GET /items?categoryId=1621,170,23,6,98,21.32,0.000%,.24321,1.34,0.04,5635.0
GET /items?categoryId=1622,149,30,10,216,31.54,0.000%,.21318,1.35,0.03,6490.0
GET /items?categoryId=1623,115,33,9,206,31.97,0.000%,.16456,1.05,0.03,6505.0
GET /items?categoryId=1624,145,21,5,90,23.72,0.000%,.20753,1.27,0.03,6288.0
GET /items?categoryId=1625,194,30,12,118,20.64,0.000%,.27767,1.76,0.04,6483.0
GET /items?categoryId=1626,123,25,6,85,19.87,0.000%,.17606,0.99,0.03,5782.0
GET /items?categoryId=1627,91,29,9,77,17.55,0.000%,.13028,0.83,0.02,6523.0
GET /items?categoryId=1628,122,67,10,307,97.24,0.000%,.17466,1.11,0.03,6501.0
GET /items?categoryId=1629,183,41,5,267,53.15,0.000%,.26198,1.57,0.04,6139.0
GET /items?categoryId=1630,150,29,8,87,18.45,0.000%,.21483,1.36,0.03,6504.0
GET /items?categoryId=1631,123,24,5,112,22.06,0.000%,.17616,0.99,0.03,5760.0
GET /items?categoryId=1632,166,30,9,122,28.52,0.000%,.23775,1.51,0.04,6515.0
GET /items?categoryId=1633,147,19,6,83,16.63,0.000%,.21056,1.16,0.03,5654.0
GET /items?categoryId=1634,166,51,8,294,76.37,0.000%,.23775,1.51,0.04,6509.0
GET /items?categoryId=1635,145,30,12,67,14.54,0.000%,.20775,1.32,0.03,6507.0
GET /items?categoryId=1636,123,25,9,125,21.82,0.000%,.17626,1.12,0.03,6493.0
GET /items?categoryId=1637,146,29,9,95,25.40,0.000%,.20923,1.33,0.03,6505.0
GET /items?categoryId=1638,135,39,8,111,36.58,0.000%,.19346,1.09,0.03,5793.0
GET /items?categoryId=1639,152,29,9,93,20.70,0.000%,.21783,1.38,0.03,6481.0
GET /items?categoryId=1640,107,15,6,68,11.01,0.000%,.15336,0.89,0.02,5953.0
GET /items?categoryId=1641,160,29,12,89,19.40,0.000%,.22936,1.45,0.04,6485.0
GET /items?categoryId=1642,147,18,7,56,12.50,0.000%,.21071,1.14,0.03,5524.0
GET /items?categoryId=1643,111,25,9,127,24.39,0.000%,.15911,0.93,0.03,6010.0
GET /items?categoryId=1644,153,23,6,85,19.37,0.000%,.21932,1.24,0.03,5779.0
GET /items?categoryId=1645,127,33,14,125,27.22,0.000%,.18204,1.15,0.03,6484.0
GET /items?categoryId=1646,161,24,11,79,13.86,0.000%,.23080,1.46,0.04,6476.0
GET /items?categoryId=1647,139,19,7,74,14.76,0.000%,.19931,1.22,0.03,6263.0
GET /items?categoryId=1648,144,15,6,39,6.39,0.000%,.20645,1.10,0.03,5433.0
GET /items?categoryId=1649,151,16,7,38,5.88,0.000%,.21651,1.22,0.03,5791.0
GET /items?categoryId=1650,165,23,10,58,8.53,0.000%,.23659,1.50,0.04,6483.0
GET /items?categoryId=1651,152,26,13,118,19.44,0.000%,.21794,1.38,0.03,6500.0
GET /items?categoryId=1652,96,37,10,136,25.49,0.000%,.13766,0.87,0.02,6474.0
GET /items?categoryId=1653,148,23,6,83,19.82,0.000%,.21219,1.32,0.03,6391.0
GET /items?categoryId=1654,154,19,8,75,8.93,0.000%,.22084,1.33,0.04,6155.0
GET /items?categoryId=1655,136,16,7,44,7.87,0.000%,.19504,1.12,0.03,5904.0
GET /items?categoryId=1656,151,37,10,129,33.52,0.000%,.21654,1.37,0.03,6497.0
GET /items?categoryId=1657,109,28,11,126,23.51,0.000%,.15631,0.99,0.02,6506.0
GET /items?categoryId=1658,169,22,10,72,8.94,0.000%,.24235,1.54,0.04,6500.0
GET /items?categoryId=1659,103,29,9,94,19.31,0.000%,.14773,0.94,0.02,6510.0
GET /items?categoryId=1660,135,21,9,66,9.13,0.000%,.19362,1.23,0.03,6502.0
GET /items?categoryId=1661,177,19,8,74,13.75,0.000%,.25387,1.53,0.04,6152.0
GET /items?categoryId=1662,146,22,9,64,8.77,0.000%,.20940,1.33,0.03,6489.0
GET /items?categoryId=1663,153,31,10,87,17.83,0.000%,.21946,1.39,0.03,6490.0
GET /items?categoryId=1664,104,19,5,77,17.74,0.000%,.14918,0.91,0.02,6257.0
GET /items?categoryId=1665,145,18,6,76,16.86,0.000%,.20799,1.10,0.03,5402.0
GET /items?categoryId=1666,133,22,7,105,21.08,0.000%,.19080,1.10,0.03,5912.0
GET /items?categoryId=1667,132,18,7,51,8.67,0.000%,.18937,1.18,0.03,6360.0
GET /items?categoryId=1668,99,22,10,46,9.08,0.000%,.14203,0.90,0.02,6495.0
GET /items?categoryId=1669,139,20,11,111,10.17,0.000%,.19941,1.28,0.03,6552.0
GET /items?categoryId=1670,171,22,5,127,15.25,0.000%,.24531,1.50,0.04,6245.0
GET /items?categoryId=1671,133,17,7,39,7.64,0.000%,.19083,1.08,0.03,5773.0
GET /items?categoryId=1672,108,22,10,42,8.02,0.000%,.15496,0.98,0.02,6488.0
GET /items?categoryId=1673,124,25,9,79,15.45,0.000%,.17789,1.13,0.03,6490.0
GET /items?categoryId=1674,126,24,10,62,10.73,0.000%,.18077,1.15,0.03,6524.0
GET /items?categoryId=1675,173,26,11,79,14.40,0.000%,.24822,1.58,0.04,6506.0
GET /items?categoryId=1676,125,28,6,142,27.65,0.000%,.17935,1.10,0.03,6269.0
GET /items?categoryId=1677,160,26,5,141,30.67,0.000%,.22958,1.22,0.04,5422.0
GET /items?categoryId=1678,177,38,10,150,34.35,0.000%,.25397,1.62,0.04,6520.0
GET /items?categoryId=1679,121,32,9,150,20.51,0.000%,.17364,1.10,0.03,6503.0
GET /items?categoryId=1680,113,30,9,93,20.18,0.000%,.16218,1.03,0.03,6485.0
GET /items?categoryId=1681,110,27,10,118,22.23,0.000%,.15791,1.00,0.03,6497.0
GET /items?categoryId=1682,155,31,5,193,46.93,0.000%,.22247,1.15,0.04,5290.0
GET /items?categoryId=1683,153,36,6,168,41.47,0.000%,.21963,1.32,0.03,6150.0
GET /items?categoryId=1684,139,31,10,95,21.59,0.000%,.19956,1.26,0.03,6464.0
GET /items?categoryId=1685,136,47,5,281,58.43,0.000%,.19527,1.06,0.03,5547.0
GET /items?categoryId=1686,133,24,10,91,13.56,0.000%,.19101,1.21,0.03,6486.0
GET /items?categoryId=1687,173,26,8,86,22.49,0.000%,.24852,1.52,0.04,6258.0
GET /items?categoryId=1688,106,28,11,74,13.46,0.000%,.15227,0.96,0.02,6487.0
GET /items?categoryId=1689,173,23,11,76,12.90,0.000%,.24851,1.59,0.04,6535.0
GET /items?categoryId=1690,148,22,10,50,7.24,0.000%,.21262,1.35,0.03,6511.0
GET /items?categoryId=1691,168,27,9,109,21.41,0.000%,.24136,1.53,0.04,6485.0
GET /items?categoryId=1692,163,33,13,99,19.48,0.000%,.23417,1.49,0.04,6519.0
GET /items?categoryId=1693,110,16,6,48,8.00,0.000%,.15805,0.89,0.03,5796.0
GET /items?categoryId=1694,120,32,10,131,27.17,0.000%,.17243,1.10,0.03,6503.0
GET /items?categoryId=1695,137,25,11,59,11.89,0.000%,.19686,1.25,0.03,6503.0
GET /items?categoryId=1696,120,47,12,131,35.16,0.000%,.17243,1.09,0.03,6501.0
GET /items?categoryId=1697,171,36,9,121,29.60,0.000%,.24571,1.56,0.04,6503.0
GET /items?categoryId=1698,174,21,6,137,22.36,0.000%,.25004,1.50,0.04,6149.0
GET /items?categoryId=1699,128,25,5,215,29.24,0.000%,.18396,1.08,0.03,6003.0
GET /items?categoryId=1700,155,31,9,105,23.10,0.000%,.22283,1.41,0.04,6500.0
GET /items?categoryId=1701,130,23,7,101,25.44,0.000%,.18691,0.99,0.03,5433.0
GET /items?categoryId=1702,172,22,5,135,17.53,0.000%,.24729,1.33,0.04,5518.0
GET /items?categoryId=1703,157,25,12,143,12.16,0.000%,.22575,1.43,0.04,6469.0
GET /items?categoryId=1704,160,40,10,210,37.14,0.000%,.23006,1.46,0.04,6497.0
GET /items?categoryId=1705,164,28,9,94,19.30,0.000%,.23586,1.50,0.04,6513.0
GET /items?categoryId=1706,142,20,7,54,13.90,0.000%,.20424,1.18,0.03,5892.0
GET /items?categoryId=1707,116,31,9,103,24.18,0.000%,.16683,1.06,0.03,6498.0
GET /items?categoryId=1708,153,19,6,79,16.38,0.000%,.22005,1.27,0.04,5894.0
GET /items?categoryId=1709,142,20,6,79,17.12,0.000%,.20425,1.21,0.03,6048.0
GET /items?categoryId=1710,141,26,7,117,28.36,0.000%,.20283,1.22,0.03,6135.0
GET /items?categoryId=1711,114,40,7,214,41.74,0.000%,.16399,0.89,0.03,5562.0
GET /items?categoryId=1712,126,30,7,124,28.11,0.000%,.18128,1.13,0.03,6408.0
GET /items?categoryId=1713,139,27,7,142,25.69,0.000%,.19998,1.20,0.03,6167.0
GET /items?categoryId=1714,130,26,8,85,20.83,0.000%,.18706,1.08,0.03,5898.0
GET /items?categoryId=1715,106,27,11,73,9.85,0.000%,.15253,0.97,0.02,6522.0
GET /items?categoryId=1716,136,30,6,94,27.71,0.000%,.19571,1.12,0.03,5883.0
GET /items?categoryId=1717,157,24,10,77,13.44,0.000%,.22593,1.43,0.04,6497.0
GET /items?categoryId=1718,118,23,7,151,31.19,0.000%,.16981,0.92,0.03,5560.0
GET /items?categoryId=1719,151,23,6,141,25.52,0.000%,.21735,1.30,0.03,6133.0
GET /items?categoryId=1720,115,28,10,81,19.26,0.000%,.16554,1.04,0.03,6462.0
GET /items?categoryId=1721,158,22,7,136,14.55,0.000%,.22743,1.42,0.04,6408.0
GET /items?categoryId=1722,131,30,13,125,13.81,0.000%,.18856,1.19,0.03,6488.0
GET /items?categoryId=1723,129,30,14,56,9.94,0.000%,.18571,1.18,0.03,6492.0
GET /items?categoryId=1724,130,25,6,84,23.41,0.000%,.18716,1.06,0.03,5783.0
GET /items?categoryId=1725,126,34,6,265,59.61,0.000%,.18139,0.96,0.03,5396.0
GET /items?categoryId=1726,171,25,6,265,29.93,0.000%,.24617,1.50,0.04,6232.0
GET /items?categoryId=1727,125,20,10,57,6.91,0.000%,.18002,1.14,0.03,6497.0
GET /items?categoryId=1728,134,25,9,55,10.00,0.000%,.19296,1.22,0.03,6487.0
GET /items?categoryId=1729,100,13,6,27,5.52,0.000%,.14403,0.90,0.02,6393.0
GET /items?categoryId=1730,148,29,10,148,19.57,0.000%,.21315,1.35,0.03,6473.0
GET /items?categoryId=1731,148,39,10,158,36.19,0.000%,.21316,1.35,0.03,6494.0
GET /items?categoryId=1732,138,28,6,135,23.88,0.000%,.19875,1.16,0.03,6002.0
GET /items?categoryId=1733,120,22,8,86,15.27,0.000%,.17286,1.00,0.03,5938.0
GET /items?categoryId=1734,116,26,11,55,9.96,0.000%,.16713,1.07,0.03,6526.0
GET /items?categoryId=1735,183,18,6,49,9.86,0.000%,.26365,1.55,0.04,6025.0
GET /items?categoryId=1736,140,23,10,55,9.03,0.000%,.20170,1.29,0.03,6526.0
GET /items?categoryId=1737,128,24,10,46,9.53,0.000%,.18441,1.17,0.03,6484.0
GET /items?categoryId=1738,151,24,11,74,13.10,0.000%,.21754,1.38,0.03,6490.0
GET /items?categoryId=1739,171,24,5,140,21.06,0.000%,.24638,1.50,0.04,6238.0
GET /items?categoryId=1740,150,45,11,137,34.73,0.000%,.21615,1.37,0.03,6501.0
GET /items?categoryId=1741,133,41,11,136,34.17,0.000%,.19168,1.21,0.03,6473.0
GET /items?categoryId=1742,156,33,10,103,25.90,0.000%,.22483,1.42,0.04,6476.0
GET /items?categoryId=1743,133,29,8,102,31.34,0.000%,.19172,1.17,0.03,6264.0
GET /items?categoryId=1744,119,26,10,67,12.80,0.000%,.17155,1.09,0.03,6516.0
GET /items?categoryId=1745,132,47,11,255,64.78,0.000%,.19030,1.20,0.03,6476.0
GET /items?categoryId=1746,171,28,10,89,15.13,0.000%,.24657,1.56,0.04,6499.0
GET /items?categoryId=1747,171,28,6,119,27.08,0.000%,.24659,1.34,0.04,5558.0
GET /items?categoryId=1748,132,30,10,163,22.89,0.000%,.19039,1.21,0.03,6513.0
GET /items?categoryId=1749,129,21,7,69,13.04,0.000%,.18606,1.06,0.03,5846.0
GET /items?categoryId=1750,133,42,8,297,72.63,0.000%,.19184,1.06,0.03,5642.0
GET /items?categoryId=1751,178,46,12,298,60.71,0.000%,.25674,1.63,0.04,6487.0
GET /items?categoryId=1752,114,27,7,131,28.84,0.000%,.16449,0.87,0.03,5390.0
GET /items?categoryId=1753,164,29,6,105,28.39,0.000%,.23665,1.40,0.04,6038.0
GET /items?categoryId=1754,130,39,11,162,41.22,0.000%,.18759,1.19,0.03,6522.0
GET /items?categoryId=1755,130,30,6,170,33.73,0.000%,.18763,0.97,0.03,5314.0
GET /items?categoryId=1756,139,36,10,130,26.18,0.000%,.20070,1.28,0.03,6543.0
GET /items?categoryId=1757,146,37,9,99,21.17,0.000%,.21078,1.34,0.03,6489.0
GET /items?categoryId=1758,142,35,11,111,27.03,0.000%,.20503,1.29,0.03,6463.0
GET /items?categoryId=1759,167,24,8,91,22.37,0.000%,.24113,1.44,0.04,6122.0
GET /items?categoryId=1761,124,53,7,395,105.34,0.000%,.17908,0.97,0.03,5540.0
GET /items?categoryId=1760,97,32,11,100,23.58,0.000%,.14009,0.89,0.02,6494.0
GET /items?categoryId=1762,149,69,6,362,110.63,0.000%,.21519,1.12,0.03,5323.0
GET /items?categoryId=1763,129,26,8,125,28.63,0.000%,.18637,1.07,0.03,5886.0
GET /items?categoryId=1764,162,29,10,91,18.18,0.000%,.23406,1.49,0.04,6508.0
GET /items?categoryId=1765,163,26,7,99,19.62,0.000%,.23554,1.35,0.04,5884.0
GET /items?categoryId=1766,145,47,7,278,74.29,0.000%,.20954,1.10,0.03,5380.0
GET /items?categoryId=1767,152,46,6,261,79.70,0.000%,.21967,1.19,0.03,5566.0
GET /items?categoryId=1768,147,26,14,63,9.71,0.000%,.21250,1.35,0.03,6504.0
GET /items?categoryId=1769,125,43,11,114,25.50,0.000%,.18070,1.14,0.03,6452.0
GET /items?categoryId=1770,179,27,11,81,10.73,0.000%,.25878,1.65,0.04,6536.0
GET /items?categoryId=1771,133,18,6,54,10.21,0.000%,.19229,1.00,0.03,5307.0
GET /items?categoryId=1772,114,24,6,114,23.13,0.000%,.16483,0.87,0.03,5424.0
GET /items?categoryId=1773,170,35,12,266,33.11,0.000%,.24577,1.57,0.04,6523.0
GET /items?categoryId=1774,135,22,6,60,11.50,0.000%,.19523,1.22,0.03,6393.0
GET /items?categoryId=1775,164,18,7,57,10.28,0.000%,.23721,1.25,0.04,5403.0
GET /items?categoryId=1776,137,24,10,75,12.59,0.000%,.19816,1.26,0.03,6507.0
GET /items?categoryId=1777,151,25,6,98,20.76,0.000%,.21839,1.34,0.03,6270.0
GET /items?categoryId=1778,140,27,6,87,22.94,0.000%,.20248,1.07,0.03,5421.0
GET /items?categoryId=1779,136,25,6,239,27.02,0.000%,.19671,1.02,0.03,5304.0
GET /items?categoryId=1780,105,27,10,99,17.97,0.000%,.15192,0.97,0.02,6537.0
GET /items?categoryId=1781,103,23,6,60,14.12,0.000%,.14903,0.82,0.02,5661.0
GET /items?categoryId=1782,188,28,5,147,26.41,0.000%,.27200,1.69,0.04,6378.0
GET /items?categoryId=1783,149,25,7,95,17.83,0.000%,.21561,1.27,0.03,6013.0
GET /items?categoryId=1784,118,27,8,64,12.02,0.000%,.17077,1.08,0.03,6486.0
GET /items?categoryId=1785,126,28,9,61,9.50,0.000%,.18233,1.16,0.03,6492.0
GET /items?categoryId=1786,124,51,10,202,46.06,0.000%,.17941,1.14,0.03,6482.0
GET /items?categoryId=1787,132,44,15,112,32.45,0.000%,.19106,1.21,0.03,6483.0
GET /items?categoryId=1788,143,30,11,79,16.01,0.000%,.20700,1.32,0.03,6529.0
GET /items?categoryId=1789,119,23,10,83,12.10,0.000%,.17226,1.09,0.03,6508.0
GET /items?categoryId=1790,111,18,7,56,10.87,0.000%,.16068,0.96,0.03,6143.0
GET /items?categoryId=1791,181,32,11,155,19.77,0.000%,.26201,1.67,0.04,6518.0
GET /items?categoryId=1792,125,25,7,162,20.67,0.000%,.18098,1.10,0.03,6228.0
GET /items?categoryId=1793,144,29,9,218,22.14,0.000%,.20846,1.32,0.03,6492.0
GET /items?categoryId=1794,111,44,11,125,37.63,0.000%,.16073,1.02,0.03,6506.0
GET /items?categoryId=1795,170,18,6,66,12.55,0.000%,.24617,1.39,0.04,5799.0
GET /items?categoryId=1796,149,33,12,115,18.99,0.000%,.21577,1.37,0.03,6486.0
GET /items?categoryId=1797,140,29,6,110,25.26,0.000%,.20275,1.24,0.03,6241.0
GET /items?categoryId=1798,175,41,5,256,68.77,0.000%,.25343,1.57,0.04,6361.0
GET /items?categoryId=1799,146,34,11,154,23.98,0.000%,.21149,1.34,0.03,6498.0
GET /items?categoryId=1800,155,42,12,133,28.90,0.000%,.22455,1.42,0.04,6479.0
GET /items?categoryId=1801,138,21,7,106,16.81,0.000%,.19996,1.03,0.03,5276.0
GET /items?categoryId=1802,128,29,7,105,27.16,0.000%,.18548,1.12,0.03,6166.0
GET /items?categoryId=1803,182,40,7,238,57.78,0.000%,.26375,1.49,0.04,5769.0
GET /items?categoryId=1804,168,33,12,248,39.41,0.000%,.24347,1.55,0.04,6501.0
GET /items?categoryId=1805,105,25,9,116,17.74,0.000%,.15222,0.95,0.02,6368.0
GET /items?categoryId=1806,172,30,7,118,28.61,0.000%,.24937,1.50,0.04,6160.0
GET /items?categoryId=1807,151,34,7,158,33.39,0.000%,.21892,1.13,0.03,5275.0
GET /items?categoryId=1808,110,46,8,270,66.24,0.000%,.15952,0.86,0.03,5512.0
GET /items?categoryId=1809,114,55,8,251,81.38,0.000%,.16532,0.94,0.03,5800.0
GET /items?categoryId=1810,122,33,12,257,25.50,0.000%,.17690,1.12,0.03,6489.0
GET /items?categoryId=1811,164,23,7,78,18.33,0.000%,.23788,1.43,0.04,6137.0
GET /items?categoryId=1812,108,24,7,81,17.42,0.000%,.15669,0.83,0.02,5413.0
GET /items?categoryId=1813,159,27,10,88,16.53,0.000%,.23064,1.46,0.04,6477.0
GET /items?categoryId=1814,145,17,6,70,10.75,0.000%,.21038,1.21,0.03,5885.0
GET /items?categoryId=1815,169,26,7,218,22.38,0.000%,.24521,1.47,0.04,6158.0
GET /items?categoryId=1816,167,40,10,172,27.08,0.000%,.24234,1.54,0.04,6489.0
GET /items?categoryId=1817,141,30,14,91,13.00,0.000%,.20461,1.30,0.03,6503.0
GET /items?categoryId=1818,155,37,12,125,26.95,0.000%,.22495,1.43,0.04,6496.0
GET /items?categoryId=1819,161,22,7,59,12.77,0.000%,.23368,1.32,0.04,5779.0
GET /items?categoryId=1820,165,23,5,125,24.75,0.000%,.23950,1.35,0.04,5779.0
GET /items?categoryId=1821,114,26,6,111,29.66,0.000%,.16549,0.92,0.03,5670.0
GET /items?categoryId=1822,132,23,10,57,8.87,0.000%,.19162,1.22,0.03,6502.0
GET /items?categoryId=1823,148,28,6,99,23.92,0.000%,.21485,1.31,0.03,6245.0
GET /items?categoryId=1824,169,37,9,167,38.49,0.000%,.24537,1.26,0.04,5278.0
GET /items?categoryId=1825,121,46,12,174,36.77,0.000%,.17568,1.12,0.03,6509.0
GET /items?categoryId=1826,104,31,11,116,20.92,0.000%,.15102,0.96,0.02,6504.0
GET /items?categoryId=1827,157,23,6,82,16.28,0.000%,.22798,1.28,0.04,5768.0
GET /items?categoryId=1828,175,25,6,102,22.10,0.000%,.25414,1.52,0.04,6142.0
GET /items?categoryId=1829,109,31,10,111,22.15,0.000%,.15832,1.01,0.03,6528.0
GET /items?categoryId=1830,163,32,11,115,25.97,0.000%,.23675,1.50,0.04,6497.0
GET /items?categoryId=1831,163,30,6,112,28.29,0.000%,.23675,1.42,0.04,6130.0
GET /items?categoryId=1832,145,48,10,163,36.01,0.000%,.21061,1.34,0.03,6493.0
GET /items?categoryId=1833,118,33,9,115,23.58,0.000%,.17143,0.91,0.03,5435.0
GET /items?categoryId=1834,114,31,9,79,18.65,0.000%,.16564,1.05,0.03,6507.0
GET /items?categoryId=1835,158,21,8,51,11.37,0.000%,.22954,1.32,0.04,5890.0
GET /items?categoryId=1836,162,21,6,64,12.42,0.000%,.23537,1.40,0.04,6107.0
GET /items?categoryId=1837,141,27,10,69,13.52,0.000%,.20485,1.30,0.03,6510.0
GET /items?categoryId=1838,125,23,11,67,7.31,0.000%,.18163,1.15,0.03,6487.0
GET /items?categoryId=1839,179,25,10,202,26.62,0.000%,.26010,1.65,0.04,6478.0
GET /items?categoryId=1840,152,48,11,204,55.70,0.000%,.22088,1.41,0.04,6523.0
GET /items?categoryId=1841,144,52,10,171,33.91,0.000%,.20922,1.33,0.03,6512.0
GET /items?categoryId=1842,142,32,10,128,22.98,0.000%,.20631,1.31,0.03,6492.0
GET /items?categoryId=1843,153,25,6,79,18.54,0.000%,.22230,1.14,0.04,5263.0
GET /items?categoryId=1844,101,20,6,53,11.06,0.000%,.14679,0.76,0.02,5305.0
GET /items?categoryId=1845,177,27,13,71,11.41,0.000%,.25720,1.64,0.04,6537.0
GET /items?categoryId=1846,94,32,11,96,21.87,0.000%,.13660,0.87,0.02,6525.0
GET /items?categoryId=1847,142,29,11,182,26.96,0.000%,.20636,1.31,0.03,6487.0
GET /items?categoryId=1848,111,44,6,176,57.38,0.000%,.16133,0.89,0.03,5651.0
GET /items?categoryId=1849,134,38,12,127,32.65,0.000%,.19476,1.24,0.03,6503.0
GET /items?categoryId=1850,140,38,11,152,25.17,0.000%,.20344,1.29,0.03,6484.0
GET /items?categoryId=1851,133,28,12,68,8.98,0.000%,.19330,1.23,0.03,6534.0
GET /items?categoryId=1852,126,17,6,38,7.83,0.000%,.18313,1.14,0.03,6368.0
GET /items?categoryId=1853,134,18,7,84,10.33,0.000%,.19476,1.01,0.03,5304.0
GET /items?categoryId=1854,123,38,12,110,28.56,0.000%,.17878,1.14,0.03,6521.0
GET /items?categoryId=1855,148,39,11,130,29.95,0.000%,.21510,1.36,0.03,6483.0
GET /items?categoryId=1856,150,43,10,161,42.49,0.000%,.21803,1.39,0.03,6515.0
GET /items?categoryId=1858,146,31,7,169,33.29,0.000%,.21224,1.30,0.03,6276.0
GET /items?categoryId=1857,99,33,11,112,22.55,0.000%,.14393,0.92,0.02,6511.0
GET /items?categoryId=1859,128,33,13,92,21.74,0.000%,.18605,1.18,0.03,6501.0
GET /items?categoryId=1860,125,28,8,142,20.70,0.000%,.18174,1.11,0.03,6240.0
GET /items?categoryId=1861,163,21,8,58,12.45,0.000%,.23697,1.45,0.04,6259.0
GET /items?categoryId=1862,111,24,14,53,8.91,0.000%,.16138,1.02,0.03,6498.0
GET /items?categoryId=1863,121,35,7,140,36.15,0.000%,.17593,0.95,0.03,5510.0
GET /items?categoryId=1864,180,26,10,65,12.77,0.000%,.26171,1.66,0.04,6481.0
GET /items?categoryId=1865,151,36,7,164,48.26,0.000%,.21958,1.24,0.03,5761.0
GET /items?categoryId=1866,160,20,7,72,13.27,0.000%,.23268,1.45,0.04,6387.0
GET /items?categoryId=1867,132,33,13,193,22.68,0.000%,.19197,1.22,0.03,6493.0
GET /items?categoryId=1868,115,37,12,125,24.14,0.000%,.16722,1.06,0.03,6503.0
GET /items?categoryId=1869,117,32,9,117,29.25,0.000%,.17015,0.94,0.03,5654.0
GET /items?categoryId=1870,136,25,11,72,11.78,0.000%,.19776,1.26,0.03,6525.0
GET /items?categoryId=1871,116,17,8,58,9.63,0.000%,.16868,0.89,0.03,5407.0
GET /items?categoryId=1872,161,18,7,47,7.99,0.000%,.23413,1.24,0.04,5403.0
GET /items?categoryId=1873,145,19,7,68,11.03,0.000%,.21084,1.29,0.03,6245.0
GET /items?categoryId=1874,137,37,13,182,30.88,0.000%,.19925,1.27,0.03,6512.0
GET /items?categoryId=1875,138,28,12,74,13.01,0.000%,.20070,1.28,0.03,6509.0
GET /items?categoryId=1876,157,31,13,147,25.05,0.000%,.22833,1.45,0.04,6521.0
GET /items?categoryId=1877,117,30,7,107,21.04,0.000%,.17014,0.98,0.03,5914.0
GET /items?categoryId=1878,139,35,15,101,18.98,0.000%,.20213,1.28,0.03,6505.0
GET /items?categoryId=1879,126,37,14,128,33.31,0.000%,.18325,1.17,0.03,6522.0
GET /items?categoryId=1880,142,30,11,122,24.69,0.000%,.20652,1.31,0.03,6484.0
GET /items?categoryId=1881,114,30,7,111,30.01,0.000%,.16582,0.90,0.03,5537.0
GET /items?categoryId=1882,156,30,10,160,24.57,0.000%,.22689,1.44,0.04,6499.0
GET /items?categoryId=1883,110,26,13,72,11.15,0.000%,.16002,1.02,0.03,6497.0
GET /items?categoryId=1884,137,19,6,65,11.67,0.000%,.19931,1.15,0.03,5902.0
GET /items?categoryId=1885,137,36,12,175,26.87,0.000%,.19931,1.27,0.03,6523.0
GET /items?categoryId=1886,137,30,13,92,16.23,0.000%,.19931,1.26,0.03,6483.0
GET /items?categoryId=1887,106,30,9,102,24.03,0.000%,.15422,0.82,0.02,5437.0
GET /items?categoryId=1888,154,23,7,78,17.11,0.000%,.22404,1.34,0.04,6135.0
GET /items?categoryId=1889,162,18,8,75,8.86,0.000%,.23569,1.27,0.04,5510.0
GET /items?categoryId=1890,93,28,11,78,14.73,0.000%,.13533,0.86,0.02,6481.0
GET /items?categoryId=1891,145,36,7,168,44.32,0.000%,.21099,1.26,0.03,6108.0
GET /items?categoryId=1892,172,40,11,173,34.52,0.000%,.25027,1.59,0.04,6518.0
GET /items?categoryId=1893,151,27,11,99,16.38,0.000%,.21974,1.39,0.03,6494.0
GET /items?categoryId=1894,118,34,7,119,25.64,0.000%,.17173,1.03,0.03,6143.0
GET /items?categoryId=1895,140,32,7,110,28.33,0.000%,.20374,1.13,0.03,5655.0
GET /items?categoryId=1896,157,47,11,133,37.48,0.000%,.22847,1.45,0.04,6498.0
GET /items?categoryId=1897,154,26,13,97,14.56,0.000%,.22414,1.43,0.04,6521.0
GET /items?categoryId=1898,150,43,13,190,42.90,0.000%,.21832,1.38,0.03,6496.0
GET /items?categoryId=1899,144,60,14,200,57.94,0.000%,.20960,1.33,0.03,6515.0
GET /items?categoryId=1900,135,29,13,92,18.08,0.000%,.19649,1.24,0.03,6483.0
GET /items?categoryId=1901,132,18,6,82,11.57,0.000%,.19217,1.15,0.03,6120.0
GET /items?categoryId=1902,118,22,6,61,13.57,0.000%,.17179,0.97,0.03,5755.0
GET /items?categoryId=1903,150,28,12,71,14.55,0.000%,.21837,1.38,0.03,6493.0
GET /items?categoryId=1904,157,22,7,85,17.74,0.000%,.22853,1.42,0.04,6372.0
GET /items?categoryId=1905,142,24,7,125,21.24,0.000%,.20672,1.07,0.03,5310.0
GET /items?categoryId=1906,103,28,10,58,13.57,0.000%,.14996,0.95,0.02,6468.0
GET /items?categoryId=1907,163,28,12,203,17.57,0.000%,.23730,1.51,0.04,6505.0
GET /items?categoryId=1908,130,31,14,61,11.81,0.000%,.18926,1.20,0.03,6491.0
GET /items?categoryId=1909,125,21,7,50,10.39,0.000%,.18200,1.05,0.03,5885.0
GET /items?categoryId=1910,158,26,13,59,9.45,0.000%,.23004,1.47,0.04,6533.0
GET /items?categoryId=1911,106,20,7,166,17.92,0.000%,.15435,0.82,0.02,5428.0
GET /items?categoryId=1912,164,28,12,88,14.52,0.000%,.23879,1.51,0.04,6466.0
GET /items?categoryId=1913,171,23,6,107,19.24,0.000%,.24895,1.43,0.04,5891.0
GET /items?categoryId=1914,115,31,12,82,13.75,0.000%,.16744,1.06,0.03,6509.0
GET /items?categoryId=1915,165,22,9,79,11.98,0.000%,.24026,1.24,0.04,5303.0
GET /items?categoryId=1916,131,23,8,69,15.29,0.000%,.19077,1.01,0.03,5417.0
GET /items?categoryId=1917,171,22,6,72,16.48,0.000%,.24899,1.52,0.04,6238.0
GET /items?categoryId=1918,145,19,7,79,11.27,0.000%,.21114,1.12,0.03,5420.0
GET /items?categoryId=1919,147,33,13,141,24.99,0.000%,.21407,1.35,0.03,6473.0
GET /items?categoryId=1920,125,30,15,86,16.82,0.000%,.18206,1.16,0.03,6524.0
GET /items?categoryId=1921,154,27,13,68,12.71,0.000%,.22430,1.43,0.04,6519.0
GET /items?categoryId=1922,117,43,7,126,39.27,0.000%,.17039,0.90,0.03,5424.0
GET /items?categoryId=1923,165,31,13,110,18.54,0.000%,.24030,1.53,0.04,6521.0
GET /items?categoryId=1924,164,28,7,104,23.21,0.000%,.23885,1.34,0.04,5759.0
GET /items?categoryId=1925,152,23,8,86,19.13,0.000%,.22137,1.17,0.04,5425.0
GET /items?categoryId=1926,136,28,13,62,11.74,0.000%,.19808,1.26,0.03,6533.0
GET /items?categoryId=1927,148,32,14,131,20.96,0.000%,.21559,1.37,0.03,6520.0
GET /items?categoryId=1928,106,22,8,70,13.82,0.000%,.15441,0.87,0.02,5782.0
GET /items?categoryId=1929,114,20,6,64,13.89,0.000%,.16606,1.01,0.03,6255.0
GET /items?categoryId=1930,111,25,14,113,11.19,0.000%,.16170,1.03,0.03,6530.0
GET /items?categoryId=1931,156,42,10,114,30.01,0.000%,.22723,1.44,0.04,6479.0
GET /items?categoryId=1932,160,32,13,91,17.64,0.000%,.23305,1.48,0.04,6489.0
GET /items?categoryId=1933,172,23,7,54,10.89,0.000%,.25053,1.38,0.04,5654.0
GET /items?categoryId=1934,122,22,7,65,14.67,0.000%,.17771,0.96,0.03,5551.0
GET /items?categoryId=1935,118,18,7,53,9.19,0.000%,.17190,0.89,0.03,5286.0
GET /items?categoryId=1936,158,22,8,49,10.65,0.000%,.23020,1.19,0.04,5280.0
GET /items?categoryId=1937,164,20,6,53,8.69,0.000%,.23891,1.38,0.04,5900.0
GET /items?categoryId=1938,132,29,12,73,13.99,0.000%,.19229,1.22,0.03,6509.0
GET /items?categoryId=1939,148,24,7,172,19.11,0.000%,.21559,1.14,0.03,5401.0
GET /items?categoryId=1940,122,22,7,96,14.51,0.000%,.17773,1.11,0.03,6380.0
GET /items?categoryId=1941,136,22,7,56,12.16,0.000%,.19813,1.12,0.03,5797.0
GET /items?categoryId=1942,155,26,7,122,27.12,0.000%,.22582,1.17,0.04,5302.0
GET /items?categoryId=1943,146,27,7,88,22.42,0.000%,.21272,1.20,0.03,5783.0
GET /items?categoryId=1944,127,31,12,85,14.36,0.000%,.18506,1.18,0.03,6511.0
GET /items?categoryId=1945,142,36,14,126,20.48,0.000%,.20690,1.31,0.03,6477.0
GET /items?categoryId=1946,131,20,6,57,10.08,0.000%,.19088,1.12,0.03,6008.0
GET /items?categoryId=1947,110,33,15,207,29.54,0.000%,.16030,1.02,0.03,6513.0
GET /items?categoryId=1948,142,52,10,144,42.93,0.000%,.20689,1.32,0.03,6523.0
GET /items?categoryId=1949,161,31,9,151,24.88,0.000%,.23459,1.46,0.04,6364.0
GET /items?categoryId=1950,120,24,8,65,15.07,0.000%,.17488,1.01,0.03,5896.0
GET /items?categoryId=1951,137,23,7,60,13.49,0.000%,.19964,1.08,0.03,5547.0
GET /items?categoryId=1952,127,16,8,32,5.09,0.000%,.18507,1.06,0.03,5875.0
GET /items?categoryId=1953,192,21,8,83,13.74,0.000%,.27980,1.52,0.04,5548.0
GET /items?categoryId=1954,143,26,6,83,20.00,0.000%,.20840,1.30,0.03,6391.0
GET /items?categoryId=1955,123,47,11,217,51.56,0.000%,.17925,1.14,0.03,6509.0
GET /items?categoryId=1956,139,21,9,64,10.03,0.000%,.20261,1.16,0.03,5887.0
GET /items?categoryId=1957,147,45,13,139,37.98,0.000%,.21423,1.36,0.03,6491.0
GET /items?categoryId=1958,121,20,6,134,21.42,0.000%,.17635,1.04,0.03,6032.0
GET /items?categoryId=1959,94,20,11,36,4.41,0.000%,.13701,0.87,0.02,6491.0
GET /items?categoryId=1960,132,15,6,31,5.49,0.000%,.19239,1.01,0.03,5388.0
GET /items?categoryId=1961,180,15,6,37,6.49,0.000%,.26233,1.37,0.04,5366.0
GET /items?categoryId=1962,122,17,6,134,12.77,0.000%,.17780,1.08,0.03,6236.0
GET /items?categoryId=1963,123,30,13,199,33.42,0.000%,.17927,1.14,0.03,6500.0
GET /items?categoryId=1964,116,27,12,235,33.85,0.000%,.16906,1.07,0.03,6496.0
GET /items?categoryId=1965,147,14,6,31,5.05,0.000%,.21424,1.19,0.03,5667.0
GET /items?categoryId=1966,146,30,9,135,24.53,0.000%,.21274,1.34,0.03,6459.0
GET /items?categoryId=1967,145,17,6,147,17.68,0.000%,.21127,1.30,0.03,6280.0
GET /items?categoryId=1968,129,13,6,26,4.57,0.000%,.18796,1.17,0.03,6383.0
GET /items?categoryId=1969,179,20,9,31,3.94,0.000%,.26080,1.65,0.04,6493.0
GET /items?categoryId=1970,148,51,7,185,61.61,0.000%,.21565,1.20,0.03,5677.0
GET /items?categoryId=1971,126,44,11,199,50.00,0.000%,.18359,1.17,0.03,6513.0
GET /items?categoryId=1972,156,22,10,56,8.14,0.000%,.22730,1.44,0.04,6508.0
GET /items?categoryId=1973,144,21,10,34,5.04,0.000%,.20981,1.33,0.03,6493.0
GET /items?categoryId=1974,156,29,11,149,25.70,0.000%,.22725,1.45,0.04,6517.0
GET /items?categoryId=1975,155,22,12,48,5.99,0.000%,.22580,1.44,0.04,6509.0
GET /items?categoryId=1976,113,23,14,46,7.41,0.000%,.16464,1.05,0.03,6517.0
GET /items?categoryId=1977,163,20,12,46,5.12,0.000%,.23747,1.51,0.04,6501.0
GET /items?categoryId=1978,108,25,12,172,23.50,0.000%,.15733,1.00,0.03,6489.0
GET /items?categoryId=1979,184,18,6,108,10.54,0.000%,.26804,1.63,0.04,6230.0
GET /items?categoryId=1980,146,14,5,37,6.97,0.000%,.21268,1.13,0.03,5421.0
GET /items?categoryId=1981,111,17,6,36,8.31,0.000%,.16171,0.91,0.03,5772.0
GET /items?categoryId=1982,120,22,12,43,6.28,0.000%,.17482,1.11,0.03,6482.0
GET /items?categoryId=1983,113,16,6,36,7.04,0.000%,.16458,0.99,0.03,6144.0
GET /items?categoryId=1984,134,23,12,38,6.38,0.000%,.19519,1.23,0.03,6476.0
GET /items?categoryId=1985,150,20,10,30,3.66,0.000%,.21848,1.39,0.03,6507.0
GET /items?categoryId=1986,162,48,11,254,62.51,0.000%,.23596,1.50,0.04,6496.0
GET /items?categoryId=1987,138,18,6,45,9.58,0.000%,.20099,1.20,0.03,6138.0
GET /items?categoryId=1988,169,15,7,46,7.08,0.000%,.24615,1.50,0.04,6254.0
GET /items?categoryId=1989,124,15,6,39,5.95,0.000%,.18060,1.02,0.03,5801.0
GET /items?categoryId=1990,138,14,6,39,5.37,0.000%,.20099,1.09,0.03,5554.0
GET /items?categoryId=1991,161,18,7,140,15.69,0.000%,.23444,1.38,0.04,6009.0
GET /items?categoryId=1992,139,23,5,140,24.46,0.000%,.20244,1.05,0.03,5321.0
GET /items?categoryId=1993,150,20,6,157,24.52,0.000%,.21844,1.34,0.03,6284.0
GET /items?categoryId=1994,90,14,5,79,8.42,0.000%,.13106,0.68,0.02,5283.0
GET /items?categoryId=1995,152,37,11,172,38.00,0.000%,.22133,1.41,0.04,6509.0
GET /items?categoryId=1996,182,27,11,98,13.11,0.000%,.26501,1.69,0.04,6526.0
GET /items?categoryId=1997,124,14,6,32,5.62,0.000%,.18058,0.93,0.03,5279.0
GET /items?categoryId=1998,121,20,9,33,5.29,0.000%,.17620,1.12,0.03,6504.0
GET /items?categoryId=1999,128,16,7,47,9.03,0.000%,.18638,1.16,0.03,6379.0
GET /items?categoryId=2000,170,49,7,322,89.49,5.294%,.24749,1.47,0.04,6069.3
TOTAL,424616,20,0,518,26.27,0.002%,416.33959,1784.08,62.86,4388.0
