Label,# Samples,Average,Median,90% Line,95% Line,99% Line,Min,Max,Error %,Throughput,Received KB/sec,Sent KB/sec
GET /items?categoryId=1,175,24,14,51,84,105,6,290,0.000%,.18176,0.89,0.03
GET /items/{id},127388,10,4,22,37,113,0,483,0.001%,124.95390,35.20,16.65
GET /items?categoryId=2,171,15,14,25,27,35,6,39,0.000%,.17815,1.08,0.03
GET /items?categoryId=3,184,15,11,22,23,73,6,133,0.000%,.19194,1.15,0.03
GET /items?categoryId=4,189,19,14,28,65,118,6,123,0.000%,.19734,1.05,0.03
GET /items?categoryId=5,146,16,15,24,28,38,6,38,0.000%,.15256,0.81,0.02
GET /items?categoryId=6,171,14,13,21,23,38,6,38,0.000%,.17879,0.91,0.03
GET /items?categoryId=7,135,12,10,21,23,34,6,35,0.000%,.14124,0.81,0.02
GET /items?categoryId=8,195,19,12,31,36,142,6,142,0.000%,.20411,1.25,0.03
GET /items?categoryId=9,160,14,10,25,28,94,6,154,0.000%,.16754,0.87,0.03
GET /items?categoryId=10,208,20,15,38,46,47,6,168,0.000%,.21790,1.35,0.03
GET /items?categoryId=11,188,14,12,27,27,34,5,41,0.000%,.19706,1.21,0.03
GET /items?categoryId=12,170,16,12,31,37,45,5,177,0.000%,.17827,1.10,0.03
GET /items?categoryId=13,141,15,13,25,29,35,6,35,0.000%,.14792,0.91,0.02
GET /items?categoryId=14,199,18,13,23,30,278,6,285,0.000%,.20882,1.29,0.03
GET /items?categoryId=15,185,28,12,35,56,291,6,295,0.000%,.19421,1.19,0.03
GET /items?categoryId=16,132,15,12,28,29,37,6,38,0.000%,.13862,0.85,0.02
GET /items?categoryId=17,144,13,11,28,28,40,5,40,0.000%,.15127,0.83,0.02
GET /items?categoryId=18,155,15,12,28,31,33,5,90,0.000%,.16284,1.00,0.03
GET /items?categoryId=19,193,18,14,30,34,76,6,83,0.000%,.20282,1.26,0.03
GET /items?categoryId=20,174,13,12,23,27,31,6,33,0.000%,.18291,1.12,0.03
GET /items?categoryId=21,192,15,13,23,34,37,5,145,0.000%,.20191,1.25,0.03
GET /items?categoryId=22,212,19,13,36,49,49,6,228,0.000%,.22300,1.18,0.04
GET /items?categoryId=23,161,17,12,38,48,49,6,51,0.000%,.16940,1.00,0.03
GET /items?categoryId=24,173,14,11,22,44,56,6,62,0.000%,.18207,1.10,0.03
GET /items?categoryId=25,160,16,13,31,32,41,5,42,0.000%,.16843,0.90,0.03
GET /items?categoryId=26,187,14,13,22,25,38,6,39,0.000%,.19691,1.04,0.03
GET /items?categoryId=27,204,20,14,34,35,150,5,150,0.000%,.21483,1.24,0.03
GET /items?categoryId=28,125,13,11,21,23,34,7,34,0.000%,.13167,0.82,0.02
GET /items?categoryId=29,145,20,12,20,21,248,5,295,0.000%,.15276,0.86,0.02
GET /items?categoryId=30,166,21,13,48,56,84,5,95,0.000%,.17491,1.08,0.03
GET /items?categoryId=31,169,20,22,35,41,46,5,47,0.000%,.17812,1.04,0.03
GET /items?categoryId=32,184,16,13,27,29,34,6,38,0.000%,.19395,1.20,0.03
GET /items?categoryId=33,174,15,13,22,25,30,6,49,0.000%,.18346,1.14,0.03
GET /items?categoryId=34,155,17,12,29,47,47,6,47,0.000%,.16346,0.95,0.03
GET /items?categoryId=35,191,16,13,29,35,46,5,47,0.000%,.20146,1.14,0.03
GET /items?categoryId=36,160,24,12,33,34,245,7,289,0.000%,.16879,0.99,0.03
GET /items?categoryId=37,127,27,12,35,39,246,6,247,0.000%,.13399,0.84,0.02
GET /items?categoryId=38,150,16,13,28,35,37,7,37,0.000%,.15830,0.95,0.02
GET /items?categoryId=39,187,19,14,26,34,49,6,214,0.000%,.19737,1.22,0.03
GET /items?categoryId=40,182,16,15,26,30,34,6,35,0.000%,.19214,1.00,0.03
GET /items?categoryId=41,111,14,12,23,27,35,6,35,0.000%,.11720,0.62,0.02
GET /items?categoryId=42,157,13,12,20,22,24,6,25,0.000%,.16579,1.04,0.03
GET /items?categoryId=43,214,17,15,30,34,41,6,41,0.000%,.22601,1.42,0.04
GET /items?categoryId=44,166,20,15,56,57,58,6,63,0.000%,.17537,0.95,0.03
GET /items?categoryId=45,120,19,12,33,58,59,7,100,0.000%,.12677,0.79,0.02
GET /items?categoryId=46,140,15,13,28,31,39,6,44,0.000%,.14794,0.92,0.02
GET /items?categoryId=47,169,35,15,48,197,208,7,209,0.000%,.17860,1.11,0.03
GET /items?categoryId=48,160,33,21,37,195,208,7,208,0.000%,.16911,1.05,0.03
GET /items?categoryId=49,187,18,16,30,37,43,6,44,0.000%,.19766,1.23,0.03
GET /items?categoryId=50,150,16,13,35,40,45,5,45,0.000%,.15858,0.97,0.02
GET /items?categoryId=51,159,44,13,260,273,292,6,293,0.000%,.16813,1.04,0.03
GET /items?categoryId=52,164,16,14,23,26,30,6,291,0.000%,.17344,1.07,0.03
GET /items?categoryId=53,224,16,14,26,30,36,7,38,0.000%,.23692,1.47,0.04
GET /items?categoryId=54,140,15,12,23,35,39,6,39,0.000%,.14808,0.92,0.02
GET /items?categoryId=55,169,30,14,65,167,181,6,182,0.000%,.17877,1.11,0.03
GET /items?categoryId=56,185,29,15,41,161,170,6,172,0.000%,.19572,1.15,0.03
GET /items?categoryId=57,177,17,16,32,37,41,7,45,0.000%,.18728,1.16,0.03
GET /items?categoryId=58,192,25,13,37,115,190,6,246,0.000%,.20318,1.26,0.03
GET /items?categoryId=59,132,18,13,24,29,167,8,181,0.000%,.13971,0.87,0.02
GET /items?categoryId=60,160,16,13,31,36,46,7,46,0.000%,.16935,0.90,0.03
GET /items?categoryId=61,208,16,14,25,32,48,7,49,0.000%,.22018,1.31,0.03
GET /items?categoryId=62,175,15,13,22,27,36,7,42,0.000%,.18529,1.11,0.03
GET /items?categoryId=63,170,20,14,37,44,141,7,166,0.000%,.18000,1.09,0.03
GET /items?categoryId=64,210,21,18,45,46,52,7,177,0.000%,.22238,1.25,0.03
GET /items?categoryId=65,167,23,17,38,50,136,7,173,0.000%,.17687,0.96,0.03
GET /items?categoryId=66,204,18,14,31,35,51,8,51,0.000%,.21607,1.34,0.03
GET /items?categoryId=67,124,13,12,18,23,35,7,36,0.000%,.13135,0.74,0.02
GET /items?categoryId=68,197,15,13,27,30,38,7,39,0.000%,.20871,1.17,0.03
GET /items?categoryId=69,200,17,14,28,33,37,8,38,0.000%,.21192,1.31,0.03
GET /items?categoryId=70,142,14,12,22,27,36,6,38,0.000%,.15049,0.76,0.02
GET /items?categoryId=71,147,34,13,103,117,295,7,298,0.000%,.15579,0.96,0.02
GET /items?categoryId=72,126,57,13,260,273,274,7,275,0.000%,.13354,0.77,0.02
GET /items?categoryId=73,158,21,17,31,32,185,6,202,0.000%,.16747,0.85,0.03
GET /items?categoryId=74,171,17,14,31,31,39,6,40,0.000%,.18127,1.08,0.03
GET /items?categoryId=75,188,16,14,30,32,33,6,37,0.000%,.19930,1.24,0.03
GET /items?categoryId=76,191,16,14,26,33,34,7,34,0.000%,.20250,1.25,0.03
GET /items?categoryId=77,159,14,13,19,30,33,6,34,0.000%,.16860,0.89,0.03
GET /items?categoryId=78,176,14,13,20,22,25,7,27,0.000%,.18665,1.16,0.03
GET /items?categoryId=79,136,14,12,18,26,27,6,139,0.000%,.14424,0.77,0.02
GET /items?categoryId=80,156,30,13,45,160,234,7,240,0.000%,.16544,1.02,0.03
GET /items?categoryId=81,154,24,18,44,45,175,7,198,0.000%,.16335,1.01,0.03
GET /items?categoryId=82,171,15,14,25,30,39,6,44,0.000%,.18139,1.10,0.03
GET /items?categoryId=83,158,15,13,25,27,34,7,35,0.000%,.16761,1.04,0.03
GET /items?categoryId=84,148,15,12,27,32,35,6,35,0.000%,.15703,0.81,0.02
GET /items?categoryId=85,160,15,13,27,32,37,7,37,0.000%,.16977,1.05,0.03
GET /items?categoryId=86,191,18,16,31,35,37,6,37,0.000%,.20267,1.26,0.03
GET /items?categoryId=87,167,18,14,23,26,41,6,301,0.000%,.17722,0.90,0.03
GET /items?categoryId=88,134,19,13,25,37,301,6,301,0.000%,.14220,0.88,0.02
GET /items?categoryId=89,190,26,15,38,112,180,6,181,0.000%,.20166,1.26,0.03
GET /items?categoryId=90,156,21,18,35,37,51,6,52,0.000%,.16558,0.84,0.03
GET /items?categoryId=91,192,18,15,36,38,51,7,54,0.000%,.20379,1.05,0.03
GET /items?categoryId=92,188,17,15,28,43,44,6,44,0.000%,.19956,1.24,0.03
GET /items?categoryId=93,173,16,15,26,30,33,6,33,0.000%,.18365,1.14,0.03
GET /items?categoryId=94,155,18,18,28,34,45,7,45,0.000%,.16457,1.02,0.03
GET /items?categoryId=95,169,27,17,33,139,210,6,245,0.000%,.17945,1.11,0.03
GET /items?categoryId=96,172,20,14,34,35,139,6,174,0.000%,.18264,1.13,0.03
GET /items?categoryId=97,165,20,14,40,47,162,6,190,0.000%,.17522,1.09,0.03
GET /items?categoryId=98,174,20,14,40,43,50,6,130,0.000%,.18477,1.00,0.03
GET /items?categoryId=99,234,24,20,40,50,122,6,126,0.000%,.24853,1.54,0.04
GET /items?categoryId=100,166,19,17,36,40,53,7,53,0.000%,.17632,1.11,0.03
GET /items?categoryId=101,190,18,14,30,46,107,7,191,0.000%,.20182,1.26,0.03
GET /items?categoryId=102,210,18,14,26,33,56,6,192,0.000%,.22308,1.26,0.04
GET /items?categoryId=103,188,16,13,26,34,44,7,48,0.000%,.19973,1.25,0.03
GET /items?categoryId=104,136,13,12,18,21,29,6,34,0.000%,.14450,0.73,0.02
GET /items?categoryId=105,183,20,13,36,51,111,6,113,0.000%,.19443,1.21,0.03
GET /items?categoryId=106,188,21,14,49,51,135,6,160,0.000%,.19974,1.23,0.03
GET /items?categoryId=107,187,21,16,30,40,114,6,128,0.000%,.19871,1.06,0.03
GET /items?categoryId=108,125,15,13,32,34,35,6,35,0.000%,.13283,0.78,0.02
GET /items?categoryId=109,189,15,14,28,32,36,6,39,0.000%,.20086,1.19,0.03
GET /items?categoryId=110,228,15,14,23,29,39,7,40,0.000%,.24231,1.51,0.04
GET /items?categoryId=111,164,15,14,24,28,37,7,45,0.000%,.17431,0.91,0.03
GET /items?categoryId=112,173,15,14,20,24,36,6,49,0.000%,.18389,1.04,0.03
GET /items?categoryId=113,168,24,15,30,55,167,7,214,0.000%,.17858,1.12,0.03
GET /items?categoryId=114,230,19,17,27,53,54,7,72,0.000%,.24448,1.31,0.04
GET /items?categoryId=115,194,19,18,31,36,68,6,86,0.000%,.20625,1.29,0.03
GET /items?categoryId=116,157,15,14,23,26,35,7,41,0.000%,.16692,1.04,0.03
GET /items?categoryId=117,202,17,16,28,31,41,7,41,0.000%,.21478,1.24,0.03
GET /items?categoryId=118,177,17,14,29,32,40,7,41,0.000%,.18821,1.18,0.03
GET /items?categoryId=119,155,21,17,46,48,50,7,50,0.000%,.16483,1.03,0.03
GET /items?categoryId=120,130,15,14,23,28,31,6,35,0.000%,.13825,0.86,0.02
GET /items?categoryId=121,167,29,15,63,106,143,5,153,0.000%,.17761,1.11,0.03
GET /items?categoryId=122,186,19,15,29,41,51,6,98,0.000%,.19782,1.24,0.03
GET /items?categoryId=123,171,18,14,27,38,52,7,154,0.000%,.18184,1.03,0.03
GET /items?categoryId=124,164,17,15,26,30,40,6,169,0.000%,.17441,1.03,0.03
GET /items?categoryId=125,172,16,14,26,30,38,7,39,0.000%,.18291,1.08,0.03
GET /items?categoryId=126,168,17,15,27,35,41,7,41,0.000%,.17869,1.12,0.03
GET /items?categoryId=127,204,16,15,24,27,36,7,36,0.000%,.21697,1.35,0.03
GET /items?categoryId=128,150,16,15,27,33,45,7,46,0.000%,.15954,1.00,0.03
GET /items?categoryId=129,195,19,17,34,43,45,6,46,0.000%,.20741,1.30,0.03
GET /items?categoryId=130,215,18,18,30,35,44,5,44,0.000%,.22868,1.43,0.04
GET /items?categoryId=131,212,19,17,32,32,42,7,121,0.000%,.22549,1.41,0.04
GET /items?categoryId=132,151,16,15,24,26,29,6,35,0.000%,.16062,0.93,0.03
GET /items?categoryId=133,239,16,15,23,24,34,8,34,0.000%,.25422,1.35,0.04
GET /items?categoryId=134,186,18,15,35,47,60,7,60,0.000%,.19788,1.00,0.03
GET /items?categoryId=135,161,16,14,26,28,35,6,58,0.000%,.17130,1.07,0.03
GET /items?categoryId=136,134,15,16,23,24,26,6,28,0.000%,.14257,0.89,0.02
GET /items?categoryId=137,142,18,15,34,41,94,6,101,0.000%,.15108,0.86,0.02
GET /items?categoryId=138,206,18,15,33,41,72,6,95,0.000%,.21919,1.37,0.03
GET /items?categoryId=139,206,15,14,22,25,33,6,39,0.000%,.21920,1.14,0.03
GET /items?categoryId=140,116,23,15,36,95,146,5,173,0.000%,.12343,0.71,0.02
GET /items?categoryId=141,177,15,15,21,23,26,7,32,0.000%,.18833,1.18,0.03
GET /items?categoryId=142,212,15,14,23,25,26,5,29,0.000%,.22559,1.38,0.04
GET /items?categoryId=143,151,14,13,23,24,30,6,31,0.000%,.16068,1.01,0.03
GET /items?categoryId=144,200,13,11,23,28,37,6,38,0.000%,.21285,1.25,0.03
GET /items?categoryId=145,143,18,14,28,36,136,6,161,0.000%,.15219,0.95,0.02
GET /items?categoryId=146,215,14,12,26,30,42,6,48,0.000%,.22882,1.27,0.04
GET /items?categoryId=147,189,15,11,24,45,56,6,56,0.000%,.20117,1.26,0.03
GET /items?categoryId=148,163,17,15,28,39,52,5,137,0.000%,.17347,1.08,0.03
GET /items?categoryId=149,224,16,11,21,30,108,5,114,0.000%,.23840,1.33,0.04
GET /items?categoryId=150,214,12,11,20,23,27,5,31,0.000%,.22777,1.35,0.04
GET /items?categoryId=151,189,14,13,22,26,31,7,35,0.000%,.20116,1.26,0.03
GET /items?categoryId=152,184,21,11,30,128,130,5,133,0.000%,.19586,1.06,0.03
GET /items?categoryId=153,183,13,11,19,24,40,5,51,0.000%,.19481,1.06,0.03
GET /items?categoryId=154,186,13,11,21,26,31,5,32,0.000%,.19802,1.03,0.03
GET /items?categoryId=155,167,13,11,25,29,29,6,29,0.000%,.17779,0.99,0.03
GET /items?categoryId=156,196,18,14,32,36,155,6,180,0.000%,.20865,1.31,0.03
GET /items?categoryId=157,156,18,15,33,37,48,6,74,0.000%,.16607,1.04,0.03
GET /items?categoryId=158,221,15,13,28,34,40,6,51,0.000%,.23527,1.47,0.04
GET /items?categoryId=159,145,16,13,29,38,52,5,52,0.000%,.15438,0.96,0.02
GET /items?categoryId=160,150,35,11,178,222,234,6,235,0.000%,.15970,1.00,0.03
GET /items?categoryId=161,214,15,13,28,32,45,6,48,0.000%,.22786,1.42,0.04
GET /items?categoryId=162,171,14,12,26,28,40,6,40,0.000%,.18208,1.14,0.03
GET /items?categoryId=163,189,14,11,23,27,46,5,47,0.000%,.20125,1.14,0.03
GET /items?categoryId=164,146,20,12,32,47,196,6,196,0.000%,.15544,0.98,0.02
GET /items?categoryId=165,198,16,14,30,38,40,5,40,0.000%,.21079,1.10,0.03
GET /items?categoryId=166,208,16,12,30,41,54,5,60,0.000%,.22146,1.18,0.04
GET /items?categoryId=167,156,45,16,226,226,227,5,227,0.000%,.16611,0.86,0.03
GET /items?categoryId=168,179,16,15,26,30,47,5,47,0.000%,.19060,1.06,0.03
GET /items?categoryId=169,202,17,13,31,44,58,6,64,0.000%,.21509,1.35,0.03
GET /items?categoryId=170,181,14,12,24,28,32,5,48,0.000%,.19274,1.18,0.03
GET /items?categoryId=171,134,17,14,34,37,48,5,48,0.000%,.14270,0.77,0.02
GET /items?categoryId=172,137,19,12,25,46,153,5,153,0.000%,.14588,0.89,0.02
GET /items?categoryId=173,196,16,12,30,39,46,5,180,0.000%,.20870,1.16,0.03
GET /items?categoryId=174,205,18,13,32,43,64,5,194,0.000%,.21829,1.37,0.03
GET /items?categoryId=175,178,17,14,34,39,54,6,63,0.000%,.18956,1.14,0.03
GET /items?categoryId=176,173,17,17,30,36,56,7,64,0.000%,.18424,1.16,0.03
GET /items?categoryId=177,121,14,12,24,32,50,5,51,0.000%,.12886,0.69,0.02
GET /items?categoryId=178,216,15,12,26,33,40,5,51,0.000%,.23003,1.17,0.04
GET /items?categoryId=179,159,14,12,22,23,26,7,31,0.000%,.16935,1.06,0.03
GET /items?categoryId=180,182,15,12,25,38,41,5,43,0.000%,.19385,0.99,0.03
GET /items?categoryId=181,145,25,16,49,50,205,6,209,0.000%,.15442,0.97,0.02
GET /items?categoryId=182,138,18,13,35,49,89,7,90,0.000%,.14696,0.92,0.02
GET /items?categoryId=183,165,15,14,26,33,34,4,96,0.000%,.17573,0.90,0.03
GET /items?categoryId=184,143,14,12,23,23,27,6,29,0.000%,.15230,0.95,0.02
GET /items?categoryId=185,134,13,13,19,21,28,6,28,0.000%,.14271,0.90,0.02
GET /items?categoryId=186,169,14,12,19,24,26,7,28,0.000%,.17999,1.13,0.03
GET /items?categoryId=187,194,13,12,19,21,25,6,26,0.000%,.20662,1.29,0.03
GET /items?categoryId=188,162,13,12,23,25,25,6,26,0.000%,.17255,0.92,0.03
GET /items?categoryId=189,159,13,12,19,20,24,6,24,0.000%,.16936,1.06,0.03
GET /items?categoryId=190,144,16,12,23,26,99,6,106,0.000%,.15336,0.82,0.02
GET /items?categoryId=191,227,14,13,25,27,46,5,52,0.000%,.24176,1.26,0.04
GET /items?categoryId=192,172,16,14,26,28,33,6,36,0.000%,.18321,1.15,0.03
GET /items?categoryId=193,177,14,13,23,26,36,6,36,0.000%,.18853,1.18,0.03
GET /items?categoryId=194,168,14,12,24,26,32,7,32,0.000%,.17895,1.12,0.03
GET /items?categoryId=195,188,15,14,21,25,31,6,32,0.000%,.20025,1.25,0.03
GET /items?categoryId=196,155,16,14,22,27,104,7,133,0.000%,.16511,0.86,0.03
GET /items?categoryId=197,142,15,13,24,26,38,6,39,0.000%,.15127,0.95,0.02
GET /items?categoryId=198,181,16,11,23,25,183,6,211,0.000%,.19276,1.03,0.03
GET /items?categoryId=199,216,35,15,36,233,234,6,235,0.000%,.23005,1.44,0.04
GET /items?categoryId=200,187,15,13,26,32,44,6,44,0.000%,.19918,1.05,0.03
GET /items?categoryId=201,180,16,15,29,33,38,6,38,0.000%,.19172,1.20,0.03
GET /items?categoryId=202,128,14,11,25,34,38,6,40,0.000%,.13633,0.86,0.02
GET /items?categoryId=203,216,14,13,23,24,28,6,31,0.000%,.23006,1.45,0.04
GET /items?categoryId=204,142,17,15,29,38,39,6,39,0.000%,.15126,0.95,0.02
GET /items?categoryId=205,185,35,15,171,174,180,6,183,0.000%,.19706,1.25,0.03
GET /items?categoryId=206,190,25,10,48,163,181,5,214,0.000%,.20235,1.21,0.03
GET /items?categoryId=207,229,20,16,48,49,54,6,215,0.000%,.24390,1.53,0.04
GET /items?categoryId=208,191,15,16,26,31,34,5,35,0.000%,.20344,1.19,0.03
GET /items?categoryId=209,165,15,13,24,32,33,6,34,0.000%,.17575,1.11,0.03
GET /items?categoryId=210,182,14,14,19,21,30,7,36,0.000%,.19386,1.21,0.03
GET /items?categoryId=211,225,16,15,27,31,34,5,36,0.000%,.23966,1.51,0.04
GET /items?categoryId=212,213,20,16,32,37,187,6,218,0.000%,.22688,1.43,0.04
GET /items?categoryId=213,153,20,15,36,38,109,6,195,0.000%,.16294,0.84,0.03
GET /items?categoryId=214,201,18,14,28,32,51,6,195,0.000%,.21405,1.34,0.03
GET /items?categoryId=215,183,16,15,32,34,38,6,40,0.000%,.19491,1.09,0.03
GET /items?categoryId=216,162,15,16,23,24,25,6,33,0.000%,.17254,1.08,0.03
GET /items?categoryId=217,146,14,13,24,26,29,5,29,0.000%,.15550,0.96,0.02
GET /items?categoryId=218,148,15,14,23,28,31,5,31,0.000%,.15763,0.91,0.02
GET /items?categoryId=219,233,14,12,23,31,41,6,41,0.000%,.24818,1.39,0.04
GET /items?categoryId=220,161,43,13,223,232,235,5,246,0.000%,.17149,1.02,0.03
GET /items?categoryId=221,149,27,11,45,160,167,5,168,0.000%,.15868,0.90,0.03
GET /items?categoryId=222,164,24,12,36,135,167,6,191,0.000%,.17467,0.96,0.03
GET /items?categoryId=223,195,18,14,29,38,105,6,115,0.000%,.20768,1.31,0.03
GET /items?categoryId=224,194,15,13,26,29,39,6,39,0.000%,.20662,1.30,0.03
GET /items?categoryId=225,188,14,13,21,21,36,6,37,0.000%,.20023,1.26,0.03
GET /items?categoryId=226,152,14,12,24,28,38,7,39,0.000%,.16189,1.02,0.03
GET /items?categoryId=227,162,15,15,24,26,29,6,39,0.000%,.17254,1.09,0.03
GET /items?categoryId=228,204,17,14,23,36,148,6,182,0.000%,.21729,1.37,0.03
GET /items?categoryId=229,149,21,13,30,47,180,7,182,0.000%,.15871,1.00,0.03
GET /items?categoryId=230,191,24,15,43,87,175,6,208,0.000%,.20341,1.29,0.03
GET /items?categoryId=231,231,15,14,24,30,38,5,60,0.000%,.24601,1.49,0.04
GET /items?categoryId=232,139,14,14,22,23,28,8,35,0.000%,.14803,0.93,0.02
GET /items?categoryId=233,133,14,12,19,27,33,5,33,0.000%,.14165,0.81,0.02
GET /items?categoryId=234,221,15,14,24,28,35,7,35,0.000%,.23536,1.48,0.04
GET /items?categoryId=235,168,14,12,23,25,34,5,35,0.000%,.17892,1.05,0.03
GET /items?categoryId=236,182,15,14,21,25,39,6,40,0.000%,.19383,1.22,0.03
GET /items?categoryId=237,134,29,14,39,173,175,5,209,0.000%,.14271,0.89,0.02
GET /items?categoryId=238,222,28,16,45,167,222,8,223,0.000%,.23640,1.49,0.04
GET /items?categoryId=239,219,18,16,32,39,47,6,52,0.000%,.23320,1.47,0.04
GET /items?categoryId=240,152,16,15,27,34,39,6,46,0.000%,.16186,1.02,0.03
GET /items?categoryId=241,157,15,13,26,27,34,5,39,0.000%,.16719,1.01,0.03
GET /items?categoryId=242,159,15,13,22,34,44,6,48,0.000%,.16933,1.06,0.03
GET /items?categoryId=243,223,17,14,29,36,41,6,48,0.000%,.23748,1.45,0.04
GET /items?categoryId=244,148,17,14,33,37,45,6,46,0.000%,.15761,0.86,0.02
GET /items?categoryId=245,162,20,14,35,49,108,6,142,0.000%,.17252,1.09,0.03
GET /items?categoryId=246,166,19,15,26,39,138,7,158,0.000%,.17676,1.11,0.03
GET /items?categoryId=247,216,20,15,29,46,94,6,184,0.000%,.22999,1.45,0.04
GET /items?categoryId=248,190,16,16,25,27,39,7,39,0.000%,.20232,1.27,0.03
GET /items?categoryId=249,184,13,12,21,23,27,7,32,0.000%,.19594,1.23,0.03
GET /items?categoryId=250,216,13,12,21,23,25,6,25,0.000%,.23002,1.29,0.04
GET /items?categoryId=251,195,15,14,22,27,32,6,33,0.000%,.20764,1.30,0.03
GET /items?categoryId=252,150,15,14,21,23,54,6,54,0.000%,.15974,0.97,0.03
GET /items?categoryId=253,188,17,16,25,32,54,5,55,0.000%,.20020,1.26,0.03
GET /items?categoryId=254,180,21,16,40,82,103,6,131,0.000%,.19165,1.16,0.03
GET /items?categoryId=255,195,19,18,33,40,43,7,81,0.000%,.20762,1.31,0.03
GET /items?categoryId=256,148,16,14,29,33,42,6,42,0.000%,.15758,0.95,0.02
GET /items?categoryId=257,170,14,13,22,25,35,6,36,0.000%,.18101,1.14,0.03
GET /items?categoryId=258,151,15,15,23,26,37,7,38,0.000%,.16078,1.01,0.03
GET /items?categoryId=259,180,16,15,24,28,31,6,31,0.000%,.19166,1.21,0.03
GET /items?categoryId=260,198,21,14,28,57,180,6,223,0.000%,.21082,1.21,0.03
GET /items?categoryId=261,168,15,14,23,25,28,6,58,0.000%,.17889,1.13,0.03
GET /items?categoryId=262,152,19,15,31,32,162,6,164,0.000%,.16182,1.02,0.03
GET /items?categoryId=263,189,28,16,50,164,173,6,174,0.000%,.20122,1.27,0.03
GET /items?categoryId=264,179,17,15,30,38,39,6,39,0.000%,.19058,1.13,0.03
GET /items?categoryId=265,208,18,15,32,37,44,7,45,0.000%,.22145,1.40,0.04
GET /items?categoryId=266,145,16,15,26,30,41,6,41,0.000%,.15438,0.85,0.02
GET /items?categoryId=267,176,39,16,107,247,256,7,256,0.000%,.18738,1.18,0.03
GET /items?categoryId=268,204,22,17,29,55,172,6,228,0.000%,.21719,1.37,0.03
GET /items?categoryId=269,153,16,15,24,27,33,7,38,0.000%,.16290,1.03,0.03
GET /items?categoryId=270,184,15,15,23,26,30,5,30,0.000%,.19590,1.15,0.03
GET /items?categoryId=271,194,19,14,36,37,165,5,201,0.000%,.20653,1.16,0.03
GET /items?categoryId=272,146,21,17,32,35,101,6,101,0.000%,.15542,0.98,0.02
GET /items?categoryId=273,213,19,16,36,39,47,6,49,0.000%,.22673,1.44,0.04
GET /items?categoryId=274,195,25,15,35,38,234,6,245,0.000%,.20758,1.31,0.03
GET /items?categoryId=275,187,20,13,29,42,182,5,185,0.000%,.19906,1.09,0.03
GET /items?categoryId=276,168,16,14,27,34,43,6,44,0.000%,.17885,1.12,0.03
GET /items?categoryId=277,194,15,13,24,26,36,6,43,0.000%,.20653,1.18,0.03
GET /items?categoryId=278,182,20,14,26,31,176,7,183,0.000%,.19372,1.21,0.03
GET /items?categoryId=279,198,21,14,35,37,176,5,177,0.000%,.21075,1.11,0.03
GET /items?categoryId=280,213,17,13,28,31,33,5,281,0.000%,.22672,1.40,0.04
GET /items?categoryId=281,183,26,13,31,42,292,5,296,0.000%,.19479,1.13,0.03
GET /items?categoryId=282,188,19,16,32,47,48,6,49,0.000%,.20011,1.26,0.03
GET /items?categoryId=283,142,17,14,28,32,59,6,60,0.000%,.15115,0.96,0.02
GET /items?categoryId=284,192,17,16,26,27,60,6,60,0.000%,.20437,1.29,0.03
GET /items?categoryId=285,193,20,16,38,40,51,5,53,0.000%,.20543,1.29,0.03
GET /items?categoryId=286,153,18,15,31,34,41,6,225,0.000%,.16282,1.02,0.03
GET /items?categoryId=287,163,21,17,45,53,54,9,183,0.000%,.17348,1.09,0.03
GET /items?categoryId=288,156,25,21,42,48,65,7,179,0.000%,.16602,1.04,0.03
GET /items?categoryId=289,193,19,18,33,38,40,5,47,0.000%,.20539,1.12,0.03
GET /items?categoryId=290,141,17,15,27,31,47,6,48,0.000%,.15006,0.95,0.02
GET /items?categoryId=291,208,15,14,22,28,46,5,47,0.000%,.22135,1.24,0.04
GET /items?categoryId=292,206,19,17,31,51,53,7,55,0.000%,.21923,1.38,0.03
GET /items?categoryId=293,161,15,14,25,32,37,6,43,0.000%,.17134,1.02,0.03
GET /items?categoryId=294,166,15,14,22,27,31,6,32,0.000%,.17666,1.11,0.03
GET /items?categoryId=295,132,20,14,47,48,49,6,171,0.000%,.14046,0.72,0.02
GET /items?categoryId=296,196,16,14,27,30,33,5,49,0.000%,.20855,1.19,0.03
GET /items?categoryId=297,177,18,14,24,32,97,8,100,0.000%,.18833,1.19,0.03
GET /items?categoryId=298,197,19,16,32,34,64,8,82,0.000%,.20961,1.32,0.03
GET /items?categoryId=299,175,18,16,32,34,48,7,49,0.000%,.18620,1.17,0.03
GET /items?categoryId=300,163,14,14,22,23,25,6,26,0.000%,.17344,1.05,0.03
GET /items?categoryId=301,205,18,16,32,40,49,6,51,0.000%,.21813,1.37,0.03
GET /items?categoryId=302,167,15,15,24,26,32,6,33,0.000%,.17769,1.12,0.03
GET /items?categoryId=303,152,19,15,28,36,59,7,173,0.000%,.16171,1.02,0.03
GET /items?categoryId=304,188,17,15,31,35,38,6,40,0.000%,.20000,1.26,0.03
GET /items?categoryId=305,211,15,14,24,25,29,6,35,0.000%,.22446,1.23,0.04
GET /items?categoryId=306,193,17,13,31,35,43,6,114,0.000%,.20531,1.22,0.03
GET /items?categoryId=307,189,17,14,28,39,46,6,53,0.000%,.20105,1.22,0.03
GET /items?categoryId=308,177,17,16,25,26,44,7,44,0.000%,.18828,1.18,0.03
GET /items?categoryId=309,179,17,16,27,30,38,6,39,0.000%,.19043,1.20,0.03
GET /items?categoryId=310,210,17,15,24,35,98,7,130,0.000%,.22335,1.33,0.04
GET /items?categoryId=311,183,20,17,38,42,46,7,116,0.000%,.19464,1.22,0.03
GET /items?categoryId=312,142,16,14,30,35,37,6,38,0.000%,.15103,0.87,0.02
GET /items?categoryId=313,214,15,14,22,27,34,5,37,0.000%,.22762,1.33,0.04
GET /items?categoryId=314,213,18,15,29,42,48,6,116,0.000%,.22654,1.42,0.04
GET /items?categoryId=315,159,18,17,29,36,44,6,46,0.000%,.16912,0.95,0.03
GET /items?categoryId=316,196,15,13,24,27,43,6,47,0.000%,.20846,1.12,0.03
GET /items?categoryId=317,171,12,11,22,23,36,5,37,0.000%,.18188,1.08,0.03
GET /items?categoryId=318,150,16,12,23,24,176,5,210,0.000%,.15951,0.88,0.03
GET /items?categoryId=319,161,15,13,24,42,43,5,43,0.000%,.17121,0.88,0.03
GET /items?categoryId=320,159,14,12,24,35,47,5,48,0.000%,.16909,0.95,0.03
GET /items?categoryId=321,170,12,12,18,23,30,5,31,0.000%,.18078,1.02,0.03
GET /items?categoryId=322,140,13,13,22,24,29,6,29,0.000%,.14888,0.94,0.02
GET /items?categoryId=323,180,18,12,31,67,115,5,118,0.000%,.19142,1.14,0.03
GET /items?categoryId=324,157,14,13,29,31,33,5,33,0.000%,.16696,0.88,0.03
GET /items?categoryId=325,160,13,12,26,29,31,5,32,0.000%,.17014,0.88,0.03
GET /items?categoryId=326,181,14,13,24,27,31,5,56,0.000%,.19247,1.10,0.03
GET /items?categoryId=327,152,24,12,56,58,217,4,217,0.000%,.16161,1.00,0.03
GET /items?categoryId=328,155,16,12,26,31,57,4,58,0.000%,.16479,1.02,0.03
GET /items?categoryId=329,162,14,13,24,30,31,5,32,0.000%,.17223,0.88,0.03
GET /items?categoryId=330,164,14,13,23,26,37,6,38,0.000%,.17437,1.09,0.03
GET /items?categoryId=331,182,13,12,22,32,36,5,36,0.000%,.19350,1.06,0.03
GET /items?categoryId=332,140,16,16,27,31,32,7,32,0.000%,.14884,0.94,0.02
GET /items?categoryId=333,174,16,14,29,32,39,6,106,0.000%,.18499,1.16,0.03
GET /items?categoryId=334,190,17,15,28,31,42,6,42,0.000%,.20201,1.27,0.03
GET /items?categoryId=335,129,17,15,29,33,34,6,40,0.000%,.13716,0.87,0.02
GET /items?categoryId=336,177,27,12,34,180,211,5,223,0.000%,.18816,0.97,0.03
GET /items?categoryId=337,163,16,14,25,32,40,5,46,0.000%,.17326,1.09,0.03
GET /items?categoryId=338,207,16,15,26,30,34,6,38,0.000%,.22003,1.38,0.03
GET /items?categoryId=339,136,15,13,26,28,33,5,33,0.000%,.14457,0.91,0.02
GET /items?categoryId=340,171,15,14,24,28,33,6,33,0.000%,.18178,1.14,0.03
GET /items?categoryId=341,175,15,14,23,24,25,6,26,0.000%,.18603,1.18,0.03
GET /items?categoryId=342,182,15,12,31,35,37,5,38,0.000%,.19345,1.02,0.03
GET /items?categoryId=343,202,17,13,33,50,51,6,53,0.000%,.21471,1.35,0.03
GET /items?categoryId=344,155,28,15,65,70,170,6,184,0.000%,.16474,0.94,0.03
GET /items?categoryId=345,195,17,15,28,29,55,5,70,0.000%,.20724,1.30,0.03
GET /items?categoryId=346,200,18,16,31,35,49,6,52,0.000%,.21256,1.34,0.03
GET /items?categoryId=347,168,14,13,21,26,39,5,41,0.000%,.17855,1.06,0.03
GET /items?categoryId=348,191,14,13,25,31,36,5,41,0.000%,.20298,1.13,0.03
GET /items?categoryId=349,199,21,15,35,46,97,5,99,0.000%,.21148,1.09,0.03
GET /items?categoryId=350,220,16,13,27,27,34,6,93,0.000%,.23379,1.41,0.04
GET /items?categoryId=351,145,23,14,20,40,205,7,206,0.000%,.15407,0.97,0.02
GET /items?categoryId=352,204,22,18,39,50,56,6,201,0.000%,.21675,1.37,0.03
GET /items?categoryId=353,171,15,13,27,36,53,5,54,0.000%,.18168,1.08,0.03
GET /items?categoryId=354,201,16,15,27,33,40,6,45,0.000%,.21355,1.34,0.03
GET /items?categoryId=355,131,17,14,36,37,46,6,47,0.000%,.13919,0.88,0.02
GET /items?categoryId=356,197,15,15,24,34,43,5,54,0.000%,.20931,1.13,0.03
GET /items?categoryId=357,180,14,13,25,26,35,6,35,0.000%,.19125,1.05,0.03
GET /items?categoryId=358,185,23,14,39,129,131,5,132,0.000%,.19655,1.08,0.03
GET /items?categoryId=359,190,21,15,48,49,107,5,143,0.000%,.20184,1.11,0.03
GET /items?categoryId=360,147,20,17,42,50,51,7,52,0.000%,.15615,0.98,0.02
GET /items?categoryId=361,148,15,14,25,30,40,7,40,0.000%,.15722,0.82,0.02
GET /items?categoryId=362,231,14,12,26,28,32,5,33,0.000%,.24537,1.51,0.04
GET /items?categoryId=363,196,13,13,19,23,30,5,31,0.000%,.20820,1.07,0.03
GET /items?categoryId=364,202,14,14,19,30,38,5,39,0.000%,.21457,1.15,0.03
GET /items?categoryId=365,188,18,16,27,48,57,6,60,0.000%,.19970,1.26,0.03
GET /items?categoryId=366,198,22,13,37,52,194,5,234,0.000%,.21028,1.26,0.03
GET /items?categoryId=367,145,19,14,27,32,159,6,175,0.000%,.15401,0.96,0.02
GET /items?categoryId=368,129,15,14,24,31,45,5,46,0.000%,.13701,0.71,0.02
GET /items?categoryId=369,180,17,16,25,30,40,6,41,0.000%,.19117,1.20,0.03
GET /items?categoryId=370,168,20,14,47,48,70,5,71,0.000%,.17842,0.94,0.03
GET /items?categoryId=371,157,15,13,28,32,35,5,40,0.000%,.16675,0.95,0.03
GET /items?categoryId=372,134,12,12,19,24,27,5,27,0.000%,.14231,0.80,0.02
GET /items?categoryId=373,182,14,14,23,24,37,5,38,0.000%,.19329,1.20,0.03
GET /items?categoryId=374,177,16,16,24,29,42,6,42,0.000%,.18793,1.18,0.03
GET /items?categoryId=375,208,20,17,39,43,89,7,107,0.000%,.22087,1.39,0.03
GET /items?categoryId=376,188,23,17,49,49,58,6,58,0.000%,.19963,1.25,0.03
GET /items?categoryId=377,179,19,17,36,39,43,6,43,0.000%,.19007,1.19,0.03
GET /items?categoryId=378,169,18,17,32,37,47,6,48,0.000%,.17944,1.13,0.03
GET /items?categoryId=379,146,17,17,25,27,37,6,42,0.000%,.15503,0.98,0.02
GET /items?categoryId=380,187,15,15,22,31,32,6,41,0.000%,.19854,1.25,0.03
GET /items?categoryId=381,172,14,14,23,25,35,5,35,0.000%,.18263,1.05,0.03
GET /items?categoryId=382,198,31,17,37,222,235,6,243,0.000%,.21019,1.32,0.03
GET /items?categoryId=383,179,16,13,35,39,41,6,106,0.000%,.19002,1.09,0.03
GET /items?categoryId=384,164,18,14,30,39,40,7,40,0.000%,.17410,1.10,0.03
GET /items?categoryId=385,204,18,16,32,35,53,5,54,0.000%,.21656,1.34,0.03
GET /items?categoryId=386,218,18,16,35,39,42,7,55,0.000%,.23141,1.45,0.04
GET /items?categoryId=387,148,16,14,30,35,37,6,43,0.000%,.15712,0.81,0.02
GET /items?categoryId=388,144,18,17,32,36,44,5,44,0.000%,.15286,0.95,0.02
GET /items?categoryId=389,171,20,18,35,42,56,8,103,0.000%,.18148,1.14,0.03
GET /items?categoryId=390,184,22,16,39,57,57,6,224,0.000%,.19529,1.24,0.03
GET /items?categoryId=391,171,17,15,30,47,52,6,52,0.000%,.18149,1.04,0.03
GET /items?categoryId=392,142,22,17,31,37,163,7,165,0.000%,.15071,0.95,0.02
GET /items?categoryId=393,207,18,19,28,31,43,6,44,0.000%,.21968,1.38,0.03
GET /items?categoryId=394,145,19,17,38,42,69,7,70,0.000%,.15390,0.96,0.02
GET /items?categoryId=395,163,19,17,34,39,55,7,55,0.000%,.17299,1.09,0.03
GET /items?categoryId=396,172,16,14,22,37,38,6,38,0.000%,.18253,1.15,0.03
GET /items?categoryId=397,179,24,17,31,60,186,6,200,0.000%,.18992,1.19,0.03
GET /items?categoryId=398,209,22,15,42,57,141,6,158,0.000%,.22178,1.34,0.04
GET /items?categoryId=399,160,18,15,34,42,44,6,63,0.000%,.16978,1.07,0.03
GET /items?categoryId=400,181,20,14,39,49,120,5,147,0.000%,.19205,0.99,0.03
GET /items?categoryId=401,161,18,15,32,56,57,5,57,0.000%,.17083,0.94,0.03
GET /items?categoryId=402,177,17,15,30,33,36,9,39,0.000%,.18781,1.18,0.03
GET /items?categoryId=403,190,15,12,25,34,45,6,47,0.000%,.20160,1.18,0.03
GET /items?categoryId=404,180,22,20,40,49,63,6,64,0.000%,.19099,1.20,0.03
GET /items?categoryId=405,207,25,15,51,52,199,5,200,0.000%,.21960,1.28,0.03
GET /items?categoryId=406,206,16,14,26,35,36,6,40,0.000%,.21852,1.37,0.03
GET /items?categoryId=407,191,15,13,21,26,72,6,192,0.000%,.20261,1.18,0.03
GET /items?categoryId=408,152,23,13,72,73,74,5,76,0.000%,.16124,0.94,0.03
GET /items?categoryId=409,130,19,15,42,54,56,7,72,0.000%,.13791,0.82,0.02
GET /items?categoryId=410,206,17,16,28,41,57,6,59,0.000%,.21853,1.37,0.03
GET /items?categoryId=411,150,16,15,22,42,55,6,55,0.000%,.15912,0.88,0.03
GET /items?categoryId=412,156,22,15,36,56,176,8,184,0.000%,.16545,1.04,0.03
GET /items?categoryId=413,173,29,18,51,58,184,6,227,0.000%,.18349,1.16,0.03
GET /items?categoryId=414,190,18,15,31,37,46,8,137,0.000%,.20152,1.10,0.03
GET /items?categoryId=415,148,39,17,152,155,169,6,172,0.000%,.15697,0.99,0.02
GET /items?categoryId=416,181,23,18,40,48,139,7,150,0.000%,.19196,1.21,0.03
GET /items?categoryId=417,156,19,17,32,39,42,6,70,0.000%,.16546,0.96,0.03
GET /items?categoryId=418,194,19,17,36,37,45,6,45,0.000%,.20575,1.30,0.03
GET /items?categoryId=419,207,18,16,36,37,38,6,38,0.000%,.21954,1.38,0.03
GET /items?categoryId=420,199,18,13,27,51,62,5,237,0.000%,.21101,1.08,0.03
GET /items?categoryId=421,193,21,16,47,53,59,6,59,0.000%,.20464,1.30,0.03
GET /items?categoryId=422,152,17,16,24,29,40,7,42,0.000%,.16119,1.02,0.03
GET /items?categoryId=423,169,22,18,37,56,120,7,159,0.000%,.17920,1.12,0.03
GET /items?categoryId=424,232,22,20,38,52,65,7,66,0.000%,.24600,1.55,0.04
GET /items?categoryId=425,143,17,15,29,51,54,6,54,0.000%,.15163,0.92,0.02
GET /items?categoryId=426,153,15,15,22,28,30,7,33,0.000%,.16224,0.95,0.03
GET /items?categoryId=427,144,17,15,27,37,49,7,57,0.000%,.15269,0.96,0.02
GET /items?categoryId=428,217,25,16,36,97,178,7,214,0.000%,.23005,1.45,0.04
GET /items?categoryId=429,157,17,15,33,39,51,5,51,0.000%,.16644,0.88,0.03
GET /items?categoryId=430,150,16,13,27,28,47,6,47,0.000%,.15902,0.83,0.03
GET /items?categoryId=431,168,27,17,43,130,135,7,136,0.000%,.17811,1.12,0.03
GET /items?categoryId=432,174,20,15,36,43,63,6,140,0.000%,.18445,1.16,0.03
GET /items?categoryId=433,144,19,18,30,37,64,7,77,0.000%,.15266,0.96,0.02
GET /items?categoryId=434,179,16,15,29,32,50,6,50,0.000%,.18976,1.13,0.03
GET /items?categoryId=435,182,13,13,20,25,27,6,27,0.000%,.19294,1.08,0.03
GET /items?categoryId=436,153,21,16,37,40,68,7,172,0.000%,.16217,0.99,0.03
GET /items?categoryId=437,200,17,17,28,35,45,5,46,0.000%,.21196,1.21,0.03
GET /items?categoryId=438,193,17,15,32,39,45,5,46,0.000%,.20454,1.22,0.03
GET /items?categoryId=439,182,26,14,43,147,167,7,179,0.000%,.19290,1.22,0.03
GET /items?categoryId=440,227,15,14,26,32,39,6,39,0.000%,.24056,1.30,0.04
GET /items?categoryId=441,133,18,16,33,42,43,6,43,0.000%,.14096,0.89,0.02
GET /items?categoryId=442,166,19,16,38,43,49,7,62,0.000%,.17593,1.11,0.03
GET /items?categoryId=443,149,19,17,27,35,116,8,156,0.000%,.15788,1.00,0.02
GET /items?categoryId=444,156,21,16,46,47,154,5,177,0.000%,.16531,0.99,0.03
GET /items?categoryId=445,210,17,17,25,38,45,7,46,0.000%,.22252,1.40,0.04
GET /items?categoryId=446,140,18,17,32,34,37,8,38,0.000%,.14835,0.94,0.02
GET /items?categoryId=447,199,17,13,30,50,57,6,151,0.000%,.21086,1.21,0.03
GET /items?categoryId=448,196,16,14,25,34,55,6,57,0.000%,.20767,1.14,0.03
GET /items?categoryId=449,185,19,17,38,57,59,7,59,0.000%,.19602,1.23,0.03
GET /items?categoryId=450,206,18,16,32,36,51,6,52,0.000%,.21827,1.38,0.03
GET /items?categoryId=451,193,24,13,38,96,205,5,211,0.000%,.20445,1.14,0.03
GET /items?categoryId=452,175,23,23,37,41,50,6,191,0.000%,.18537,0.99,0.03
GET /items?categoryId=453,171,17,16,27,28,37,7,41,0.000%,.18113,0.93,0.03
GET /items?categoryId=454,172,17,15,30,31,37,6,42,0.000%,.18219,1.14,0.03
GET /items?categoryId=455,180,20,14,25,53,133,5,159,0.000%,.19067,1.14,0.03
GET /items?categoryId=456,220,19,17,32,43,54,6,58,0.000%,.23304,1.47,0.04
GET /items?categoryId=457,169,35,16,53,233,240,6,252,0.000%,.17897,1.13,0.03
GET /items?categoryId=458,168,30,13,45,168,240,6,251,0.000%,.17792,0.98,0.03
GET /items?categoryId=459,188,23,16,43,57,103,8,139,0.000%,.19910,1.25,0.03
GET /items?categoryId=460,165,17,15,29,32,45,7,53,0.000%,.17474,1.10,0.03
GET /items?categoryId=461,203,20,15,43,52,56,4,56,0.000%,.21498,1.11,0.03
GET /items?categoryId=462,161,24,19,39,57,134,7,183,0.000%,.17050,1.08,0.03
GET /items?categoryId=463,157,18,15,35,51,54,5,55,0.000%,.16625,0.87,0.03
GET /items?categoryId=464,162,21,20,37,40,49,6,54,0.000%,.17156,1.08,0.03
GET /items?categoryId=465,149,19,15,40,44,53,6,54,0.000%,.15777,0.85,0.02
GET /items?categoryId=466,172,18,16,26,34,46,8,47,0.000%,.18212,1.15,0.03
GET /items?categoryId=467,155,22,16,45,65,66,6,67,0.000%,.16412,0.94,0.03
GET /items?categoryId=468,142,15,14,21,29,40,7,41,0.000%,.19831,1.25,0.03
GET /items?categoryId=469,124,17,14,25,55,56,5,63,0.000%,.17317,0.95,0.03
GET /items?categoryId=470,151,23,16,41,58,136,6,144,0.000%,.21086,1.33,0.03
GET /items?categoryId=471,146,19,16,33,40,56,7,126,0.000%,.20390,1.26,0.03
GET /items?categoryId=472,133,20,17,33,46,58,6,58,0.000%,.18574,1.18,0.03
GET /items?categoryId=473,141,18,16,34,37,58,6,58,0.000%,.19691,1.24,0.03
GET /items?categoryId=474,166,16,14,31,45,52,5,56,0.000%,.23182,1.33,0.04
GET /items?categoryId=475,153,19,15,30,37,54,7,55,0.000%,.21367,1.35,0.03
GET /items?categoryId=476,140,18,15,33,42,44,7,45,0.000%,.19550,1.23,0.03
GET /items?categoryId=477,136,16,14,32,34,38,8,39,0.000%,.18994,1.19,0.03
GET /items?categoryId=478,140,29,16,38,188,189,7,189,0.000%,.19553,1.23,0.03
GET /items?categoryId=479,146,18,16,31,36,38,7,39,0.000%,.20391,1.29,0.03
GET /items?categoryId=480,191,21,17,41,45,57,6,101,0.000%,.26676,1.68,0.04
GET /items?categoryId=481,124,17,15,28,37,42,6,42,0.000%,.17317,1.05,0.03
GET /items?categoryId=482,165,15,14,26,29,43,5,43,0.000%,.23044,1.43,0.04
GET /items?categoryId=483,136,17,16,23,36,36,7,36,0.000%,.18994,1.19,0.03
GET /items?categoryId=484,146,15,15,22,31,34,5,36,0.000%,.20390,1.07,0.03
GET /items?categoryId=485,146,22,13,42,135,143,5,147,0.000%,.20390,1.14,0.03
GET /items?categoryId=486,122,18,14,36,46,48,7,48,0.000%,.17040,1.08,0.03
GET /items?categoryId=487,187,16,14,28,35,40,6,40,0.000%,.26117,1.62,0.04
GET /items?categoryId=488,126,16,13,34,36,37,6,37,0.000%,.17598,1.05,0.03
GET /items?categoryId=489,141,19,17,29,35,58,7,59,0.000%,.19693,1.24,0.03
GET /items?categoryId=490,124,16,15,24,25,50,6,50,0.000%,.17318,0.93,0.03
GET /items?categoryId=491,182,19,17,34,35,52,7,54,0.000%,.25419,1.60,0.04
GET /items?categoryId=492,133,16,14,24,29,51,6,51,0.000%,.18575,0.97,0.03
GET /items?categoryId=493,102,21,17,31,46,140,7,178,0.000%,.14247,0.90,0.02
GET /items?categoryId=494,164,21,16,44,51,61,6,65,0.000%,.22905,1.28,0.04
GET /items?categoryId=495,179,22,15,47,51,67,7,69,0.000%,.25000,1.57,0.04
GET /items?categoryId=496,122,19,17,37,42,48,6,50,0.000%,.17039,1.08,0.03
GET /items?categoryId=497,121,17,13,34,48,58,5,59,0.000%,.16901,0.98,0.03
GET /items?categoryId=498,128,17,15,27,33,51,7,52,0.000%,.17879,1.13,0.03
GET /items?categoryId=499,135,19,16,32,49,60,6,84,0.000%,.18856,1.16,0.03
GET /items?categoryId=500,164,18,16,30,38,52,6,109,0.000%,.22906,1.23,0.04
GET /items?categoryId=501,156,20,13,63,64,66,6,128,0.000%,.21790,1.30,0.03
GET /items?categoryId=502,157,15,13,30,34,35,5,35,0.000%,.21928,1.27,0.03
GET /items?categoryId=503,145,23,16,48,55,65,7,68,0.000%,.20253,1.28,0.03
GET /items?categoryId=504,145,15,13,25,34,45,5,45,0.000%,.20253,1.20,0.03
GET /items?categoryId=505,138,16,14,33,34,44,5,47,0.000%,.19275,1.14,0.03
GET /items?categoryId=506,124,18,13,43,44,45,7,45,0.000%,.17321,1.09,0.03
GET /items?categoryId=507,164,19,17,35,54,54,8,55,0.000%,.22907,1.45,0.04
GET /items?categoryId=508,155,30,17,79,79,112,9,171,0.000%,.21649,1.36,0.03
GET /items?categoryId=509,117,22,17,50,54,85,8,91,0.000%,.16343,1.03,0.03
GET /items?categoryId=510,164,24,18,52,65,82,7,91,0.000%,.22907,1.44,0.04
GET /items?categoryId=511,153,25,21,50,55,82,7,82,0.000%,.21370,1.35,0.03
GET /items?categoryId=512,123,20,14,45,46,47,7,48,0.000%,.17182,0.88,0.03
GET /items?categoryId=513,122,22,20,40,42,49,8,49,0.000%,.17042,1.07,0.03
GET /items?categoryId=514,143,22,15,38,39,174,6,177,0.000%,.19976,1.21,0.03
GET /items?categoryId=515,167,42,16,143,150,176,7,177,0.000%,.23328,1.47,0.04
GET /items?categoryId=516,151,21,18,35,43,45,8,52,0.000%,.21093,1.32,0.03
GET /items?categoryId=517,176,27,20,55,74,95,7,95,0.000%,.24582,1.32,0.04
GET /items?categoryId=518,138,23,20,42,43,48,7,49,0.000%,.19276,1.22,0.03
GET /items?categoryId=519,123,20,14,37,68,72,5,73,0.000%,.17180,0.92,0.03
GET /items?categoryId=520,116,28,24,57,60,71,9,71,0.000%,.16205,1.02,0.03
GET /items?categoryId=521,167,26,18,56,60,68,7,68,0.000%,.23329,1.47,0.04
GET /items?categoryId=522,154,28,20,52,61,65,6,101,0.000%,.21513,1.36,0.03
GET /items?categoryId=523,119,20,15,35,38,71,6,84,0.000%,.16624,1.05,0.03
GET /items?categoryId=524,151,23,16,53,60,73,5,73,0.000%,.21097,1.16,0.03
GET /items?categoryId=525,116,21,17,38,39,45,5,47,0.000%,.16208,1.00,0.03
GET /items?categoryId=526,113,21,21,35,41,58,6,59,0.000%,.15788,0.93,0.02
GET /items?categoryId=527,115,23,21,38,45,59,8,60,0.000%,.16067,1.01,0.03
GET /items?categoryId=528,169,22,18,45,48,49,5,50,0.000%,.23611,1.27,0.04
GET /items?categoryId=529,146,24,20,43,50,63,6,64,0.000%,.20400,1.29,0.03
GET /items?categoryId=530,161,34,20,109,120,122,7,124,0.000%,.22498,1.42,0.04
GET /items?categoryId=531,142,22,14,49,68,97,6,98,0.000%,.19842,1.23,0.03
GET /items?categoryId=532,137,19,14,47,49,50,6,51,0.000%,.19143,1.14,0.03
GET /items?categoryId=533,133,23,16,47,72,72,6,73,0.000%,.18584,1.17,0.03
GET /items?categoryId=534,155,20,12,51,76,77,5,79,0.000%,.21658,1.26,0.03
GET /items?categoryId=535,147,20,13,51,70,71,6,72,0.000%,.20540,1.20,0.03
GET /items?categoryId=536,146,25,19,45,74,75,9,86,0.000%,.20402,1.28,0.03
GET /items?categoryId=537,158,19,18,27,34,49,8,55,0.000%,.22078,1.39,0.03
GET /items?categoryId=538,113,24,18,48,63,124,7,133,0.000%,.15790,1.00,0.02
GET /items?categoryId=539,139,19,15,37,42,51,7,53,0.000%,.19423,1.22,0.03
GET /items?categoryId=540,177,16,15,26,30,47,6,48,0.000%,.24732,1.41,0.04
GET /items?categoryId=541,96,18,16,26,28,39,8,39,0.000%,.13416,0.84,0.02
GET /items?categoryId=542,139,18,13,29,53,54,8,54,0.000%,.19424,1.11,0.03
GET /items?categoryId=543,146,23,17,40,70,73,8,76,0.000%,.20402,1.29,0.03
GET /items?categoryId=544,123,21,17,45,47,73,6,73,0.000%,.17187,1.08,0.03
GET /items?categoryId=545,122,22,19,42,54,85,7,87,0.000%,.17048,1.07,0.03
GET /items?categoryId=546,167,32,23,62,105,111,8,118,0.000%,.23336,1.47,0.04
GET /items?categoryId=547,109,19,18,30,39,46,7,57,0.000%,.15231,0.96,0.02
GET /items?categoryId=548,170,24,17,49,69,71,6,74,0.000%,.23756,1.50,0.04
GET /items?categoryId=549,142,19,16,33,37,54,6,54,0.000%,.19846,1.18,0.03
GET /items?categoryId=550,152,23,20,44,61,63,7,64,0.000%,.21241,1.34,0.03
GET /items?categoryId=551,178,19,17,28,49,51,7,60,0.000%,.24874,1.57,0.04
GET /items?categoryId=552,162,16,15,30,31,38,5,39,0.000%,.22638,1.19,0.04
GET /items?categoryId=553,109,18,16,30,51,60,9,83,0.000%,.15234,0.96,0.02
GET /items?categoryId=554,145,25,16,66,68,79,8,87,0.000%,.20264,1.28,0.03
GET /items?categoryId=555,147,25,20,68,75,94,5,95,0.000%,.20543,1.29,0.03
GET /items?categoryId=556,163,24,19,48,67,75,9,75,0.000%,.22778,1.44,0.04
GET /items?categoryId=557,87,16,14,21,45,45,5,46,0.000%,.12158,0.69,0.02
GET /items?categoryId=558,153,24,17,52,76,78,9,78,0.000%,.21381,1.34,0.03
GET /items?categoryId=559,172,20,15,41,77,84,6,85,0.000%,.24037,1.29,0.04
GET /items?categoryId=560,146,23,14,39,57,189,6,192,0.000%,.20403,1.17,0.03
GET /items?categoryId=561,107,44,17,183,197,216,9,216,0.000%,.14955,0.95,0.02
GET /items?categoryId=562,91,23,17,41,60,80,7,82,0.000%,.12718,0.80,0.02
GET /items?categoryId=563,158,24,18,49,74,81,7,82,0.000%,.22081,1.39,0.03
GET /items?categoryId=564,109,24,16,55,55,75,6,75,0.000%,.15233,0.96,0.02
GET /items?categoryId=565,158,21,18,39,57,58,5,59,0.000%,.22079,1.34,0.03
GET /items?categoryId=566,150,23,22,37,39,49,9,49,0.000%,.20961,1.32,0.03
GET /items?categoryId=567,119,21,18,40,48,49,10,50,0.000%,.16631,1.01,0.03
GET /items?categoryId=568,145,32,19,58,148,188,9,189,0.000%,.20264,1.28,0.03
GET /items?categoryId=569,152,26,16,51,55,168,6,169,0.000%,.21241,1.12,0.03
GET /items?categoryId=570,134,24,17,43,47,62,8,65,0.000%,.18727,1.19,0.03
GET /items?categoryId=571,190,19,16,31,34,57,9,71,0.000%,.26554,1.43,0.04
GET /items?categoryId=572,145,22,18,37,54,55,7,55,0.000%,.20265,1.27,0.03
GET /items?categoryId=573,124,18,17,32,39,41,9,49,0.000%,.17332,1.01,0.03
GET /items?categoryId=574,151,24,20,41,56,71,6,73,0.000%,.21101,1.20,0.03
GET /items?categoryId=575,177,46,19,184,186,203,9,204,0.000%,.24736,1.42,0.04
GET /items?categoryId=576,121,24,19,50,52,54,9,63,0.000%,.16912,1.07,0.03
GET /items?categoryId=577,134,24,22,41,43,50,10,68,0.000%,.18728,1.18,0.03
GET /items?categoryId=578,128,24,18,44,66,67,7,67,0.000%,.17889,1.04,0.03
GET /items?categoryId=579,165,21,16,39,45,54,7,55,0.000%,.23060,1.32,0.04
GET /items?categoryId=580,154,29,17,63,82,84,6,85,0.000%,.21523,1.21,0.03
GET /items?categoryId=581,129,40,23,86,185,203,7,215,0.000%,.18029,1.13,0.03
GET /items?categoryId=582,142,35,16,156,167,175,7,183,0.000%,.19850,1.07,0.03
GET /items?categoryId=583,130,21,17,39,55,78,7,79,0.000%,.18171,1.02,0.03
GET /items?categoryId=584,128,27,22,58,59,82,9,116,0.000%,.17891,1.13,0.03
GET /items?categoryId=585,130,18,17,28,32,49,8,50,0.000%,.18173,1.06,0.03
GET /items?categoryId=586,124,19,17,27,37,48,8,56,0.000%,.17334,1.09,0.03
GET /items?categoryId=587,142,17,16,31,32,45,7,47,0.000%,.19849,1.14,0.03
GET /items?categoryId=588,132,25,18,55,60,76,9,76,0.000%,.18451,1.16,0.03
GET /items?categoryId=589,162,31,18,35,216,238,6,238,0.000%,.22643,1.35,0.04
GET /items?categoryId=590,146,29,15,54,113,216,6,216,0.000%,.20407,1.12,0.03
GET /items?categoryId=591,152,26,16,62,86,109,5,114,0.000%,.21245,1.09,0.03
GET /items?categoryId=592,139,37,22,88,104,121,8,122,0.000%,.19430,1.23,0.03
GET /items?categoryId=593,118,37,25,101,105,113,8,113,0.000%,.16494,1.03,0.03
GET /items?categoryId=594,114,23,18,38,47,162,8,164,0.000%,.15935,0.86,0.03
GET /items?categoryId=595,159,47,19,158,181,188,6,191,0.000%,.22226,1.14,0.04
GET /items?categoryId=596,142,23,19,41,51,54,8,56,0.000%,.19848,1.25,0.03
GET /items?categoryId=597,162,19,16,28,52,71,7,89,0.000%,.22646,1.39,0.04
GET /items?categoryId=598,115,20,16,44,50,68,8,91,0.000%,.16076,1.01,0.03
GET /items?categoryId=599,143,21,13,46,48,70,6,70,0.000%,.19990,1.03,0.03
GET /items?categoryId=600,142,20,14,43,50,51,5,51,0.000%,.19851,1.06,0.03
GET /items?categoryId=601,125,26,18,53,57,68,6,68,0.000%,.17473,1.10,0.03
GET /items?categoryId=602,108,16,15,29,32,32,6,32,0.000%,.15096,0.81,0.02
GET /items?categoryId=603,164,24,19,37,84,125,8,125,0.000%,.22925,1.39,0.04
GET /items?categoryId=604,154,26,19,45,70,71,8,71,0.000%,.21528,1.13,0.03
GET /items?categoryId=605,124,24,16,56,72,86,7,88,0.000%,.17333,1.01,0.03
GET /items?categoryId=606,110,19,15,45,49,54,6,66,0.000%,.15376,0.88,0.02
GET /items?categoryId=607,177,19,16,37,44,64,6,64,0.000%,.24741,1.27,0.04
GET /items?categoryId=608,152,26,17,57,72,76,8,212,0.000%,.21248,1.34,0.03
GET /items?categoryId=609,130,27,16,44,48,185,7,190,0.000%,.18174,1.10,0.03
GET /items?categoryId=610,136,21,18,39,48,74,8,84,0.000%,.19012,1.20,0.03
GET /items?categoryId=611,136,22,17,39,50,70,5,72,0.000%,.19011,1.18,0.03
GET /items?categoryId=612,125,20,19,33,50,55,5,55,0.000%,.17475,0.96,0.03
GET /items?categoryId=613,135,21,17,34,42,70,7,76,0.000%,.18870,1.16,0.03
GET /items?categoryId=614,99,22,20,35,35,68,10,68,0.000%,.13840,0.82,0.02
GET /items?categoryId=615,132,22,19,45,51,64,6,67,0.000%,.18452,1.08,0.03
GET /items?categoryId=616,107,42,21,95,268,270,9,271,0.000%,.14958,0.94,0.02
GET /items?categoryId=617,154,30,20,58,93,98,7,98,0.000%,.21528,1.36,0.03
GET /items?categoryId=618,132,27,17,71,71,73,6,73,0.000%,.18453,1.12,0.03
GET /items?categoryId=619,122,20,17,44,44,65,7,66,0.000%,.17055,0.93,0.03
GET /items?categoryId=620,127,24,20,40,69,71,8,72,0.000%,.17753,1.12,0.03
GET /items?categoryId=621,162,21,19,32,40,54,8,63,0.000%,.22645,1.42,0.04
GET /items?categoryId=622,153,36,22,73,112,119,8,122,0.000%,.21389,1.35,0.03
GET /items?categoryId=623,119,20,17,32,48,50,7,219,0.000%,.16637,1.05,0.03
GET /items?categoryId=624,107,26,19,81,83,85,6,86,0.000%,.14959,0.86,0.02
GET /items?categoryId=625,167,26,24,42,49,83,10,85,0.000%,.23345,1.47,0.04
GET /items?categoryId=626,141,25,17,71,72,73,10,74,0.000%,.19710,1.24,0.03
GET /items?categoryId=627,137,24,18,39,62,63,7,64,0.000%,.19151,1.21,0.03
GET /items?categoryId=628,112,22,16,42,67,73,8,74,0.000%,.15658,0.98,0.02
GET /items?categoryId=629,145,19,17,35,41,49,6,67,0.000%,.20272,1.14,0.03
GET /items?categoryId=630,164,29,16,60,67,230,8,232,0.000%,.22927,1.44,0.04
GET /items?categoryId=631,115,27,19,63,81,82,8,84,0.000%,.16077,1.01,0.03
GET /items?categoryId=632,173,25,19,45,73,74,6,126,0.000%,.24186,1.35,0.04
GET /items?categoryId=633,139,18,16,28,41,73,8,83,0.000%,.19431,1.08,0.03
GET /items?categoryId=634,155,23,18,44,52,64,9,64,0.000%,.21670,1.37,0.03
GET /items?categoryId=635,126,20,17,39,40,48,9,49,0.000%,.17616,1.11,0.03
GET /items?categoryId=636,104,16,15,23,27,34,6,39,0.000%,.14540,0.75,0.02
GET /items?categoryId=637,189,31,19,53,62,211,10,212,0.000%,.26422,1.66,0.04
GET /items?categoryId=638,132,27,17,70,78,91,9,91,0.000%,.18454,1.16,0.03
GET /items?categoryId=639,135,23,19,46,50,80,8,80,0.000%,.18872,1.19,0.03
GET /items?categoryId=640,102,30,14,114,121,126,7,131,0.000%,.14261,0.73,0.02
GET /items?categoryId=641,174,30,21,55,115,121,8,132,0.000%,.24326,1.45,0.04
GET /items?categoryId=642,161,31,23,58,104,106,7,106,0.000%,.22509,1.41,0.04
GET /items?categoryId=643,101,29,23,55,56,62,11,181,0.000%,.14119,0.89,0.02
GET /items?categoryId=644,118,20,17,51,52,53,8,54,0.000%,.16496,1.00,0.03
GET /items?categoryId=645,155,26,17,57,100,101,9,102,0.000%,.21670,1.37,0.03
GET /items?categoryId=646,152,27,21,74,82,98,9,99,0.000%,.21250,1.33,0.03
GET /items?categoryId=647,139,27,18,78,81,86,8,87,0.000%,.19433,1.22,0.03
GET /items?categoryId=648,113,21,16,53,59,87,7,87,0.000%,.15797,0.99,0.02
GET /items?categoryId=649,179,23,19,36,72,73,7,90,0.000%,.25023,1.57,0.04
GET /items?categoryId=650,126,42,17,104,220,223,7,223,0.000%,.17615,1.05,0.03
GET /items?categoryId=651,129,26,16,52,78,124,7,124,0.000%,.18035,0.98,0.03
GET /items?categoryId=652,144,30,14,84,116,124,6,126,0.000%,.20132,1.08,0.03
GET /items?categoryId=653,128,26,23,45,61,82,11,86,0.000%,.17894,1.12,0.03
GET /items?categoryId=654,168,21,17,39,48,65,6,68,0.000%,.23487,1.20,0.04
GET /items?categoryId=655,136,36,21,42,246,267,10,267,0.000%,.19012,1.20,0.03
GET /items?categoryId=656,142,62,21,242,268,302,9,302,0.000%,.19850,1.25,0.03
GET /items?categoryId=657,162,25,15,65,76,86,7,88,0.000%,.22646,1.37,0.04
GET /items?categoryId=658,158,31,22,68,71,131,8,133,0.000%,.22090,1.39,0.03
GET /items?categoryId=659,152,36,27,68,130,132,8,132,0.000%,.21252,1.34,0.03
GET /items?categoryId=660,112,24,18,49,49,53,9,54,0.000%,.15659,0.99,0.02
GET /items?categoryId=661,179,26,21,48,55,69,10,76,0.000%,.25027,1.58,0.04
GET /items?categoryId=662,168,24,17,46,51,162,7,221,0.000%,.23489,1.43,0.04
GET /items?categoryId=663,108,19,16,33,35,50,8,51,0.000%,.15100,0.80,0.02
GET /items?categoryId=664,136,25,20,55,57,59,10,60,0.000%,.19014,1.20,0.03
GET /items?categoryId=665,137,28,23,54,67,68,9,69,0.000%,.19156,1.21,0.03
GET /items?categoryId=666,146,21,19,34,36,50,6,51,0.000%,.20414,1.17,0.03
GET /items?categoryId=667,128,19,15,33,36,95,6,97,0.000%,.17897,0.94,0.03
GET /items?categoryId=668,136,34,26,73,104,131,8,146,0.000%,.19015,1.20,0.03
GET /items?categoryId=669,169,32,18,38,186,244,6,245,0.000%,.23629,1.24,0.04
GET /items?categoryId=670,157,24,19,41,69,69,7,71,0.000%,.21955,1.36,0.03
GET /items?categoryId=671,117,19,15,36,42,52,6,53,0.000%,.16358,0.90,0.03
GET /items?categoryId=672,183,23,21,39,49,59,5,80,0.000%,.25586,1.52,0.04
GET /items?categoryId=673,134,28,21,62,69,75,8,80,0.000%,.18738,1.18,0.03
GET /items?categoryId=674,142,27,19,61,64,74,6,74,0.000%,.19857,1.14,0.03
GET /items?categoryId=675,139,35,21,64,104,180,11,188,0.000%,.19436,1.22,0.03
GET /items?categoryId=676,124,24,20,43,45,62,9,98,0.000%,.17339,1.09,0.03
GET /items?categoryId=677,159,28,22,43,73,150,8,151,0.000%,.22233,1.25,0.04
GET /items?categoryId=678,143,39,22,115,132,138,6,141,0.000%,.19996,1.03,0.03
GET /items?categoryId=679,182,29,19,57,76,89,9,90,0.000%,.25450,1.61,0.04
GET /items?categoryId=680,119,21,16,35,47,66,8,67,0.000%,.16642,0.87,0.03
GET /items?categoryId=681,152,37,29,61,78,179,7,190,0.000%,.21257,1.24,0.03
GET /items?categoryId=682,114,34,22,56,87,227,8,244,0.000%,.15942,0.84,0.03
GET /items?categoryId=683,161,30,21,59,92,111,10,112,0.000%,.22515,1.42,0.04
GET /items?categoryId=684,145,30,20,55,93,95,9,95,0.000%,.20277,1.28,0.03
GET /items?categoryId=685,116,35,21,83,131,133,7,133,0.000%,.16222,0.97,0.03
GET /items?categoryId=686,126,28,23,38,58,61,11,152,0.000%,.17623,1.11,0.03
GET /items?categoryId=687,151,31,24,59,61,72,8,73,0.000%,.21119,1.34,0.03
GET /items?categoryId=688,145,27,16,44,52,226,7,228,0.000%,.20279,1.04,0.03
GET /items?categoryId=689,141,26,18,43,52,226,6,227,0.000%,.19720,1.22,0.03
GET /items?categoryId=690,89,37,28,85,92,92,9,93,0.000%,.12448,0.78,0.02
GET /items?categoryId=691,187,28,21,58,69,89,11,89,0.000%,.26154,1.65,0.04
GET /items?categoryId=692,139,33,19,89,122,124,9,127,0.000%,.19444,1.23,0.03
GET /items?categoryId=693,116,30,19,65,70,90,11,91,0.000%,.16226,1.03,0.03
GET /items?categoryId=694,119,27,21,51,70,72,8,119,0.000%,.16646,1.05,0.03
GET /items?categoryId=695,161,31,24,67,69,114,11,226,0.000%,.22521,1.42,0.04
GET /items?categoryId=696,122,26,23,49,61,69,9,69,0.000%,.17068,1.07,0.03
GET /items?categoryId=697,129,24,19,51,70,81,6,81,0.000%,.18047,0.95,0.03
GET /items?categoryId=698,128,28,20,56,81,96,9,99,0.000%,.17907,1.13,0.03
GET /items?categoryId=699,144,22,19,42,50,71,7,72,0.000%,.20145,1.04,0.03
GET /items?categoryId=700,154,26,21,36,39,276,6,277,0.000%,.21541,1.18,0.03
GET /items?categoryId=701,170,53,21,229,238,276,7,276,0.000%,.23780,1.42,0.04
GET /items?categoryId=702,111,28,19,63,78,79,5,79,0.000%,.15527,0.83,0.02
GET /items?categoryId=703,149,32,25,59,94,159,8,160,0.000%,.20845,1.09,0.03
GET /items?categoryId=704,147,30,27,52,63,77,7,86,0.000%,.20565,1.30,0.03
GET /items?categoryId=705,137,34,26,69,92,113,7,113,0.000%,.19166,1.21,0.03
GET /items?categoryId=706,116,32,22,83,84,96,8,99,0.000%,.16230,0.93,0.03
GET /items?categoryId=707,158,27,19,55,74,142,6,182,0.000%,.22105,1.24,0.03
GET /items?categoryId=708,166,28,17,73,92,122,5,188,0.000%,.23225,1.25,0.04
GET /items?categoryId=709,146,31,25,59,76,103,9,104,0.000%,.20426,1.12,0.03
GET /items?categoryId=710,94,35,25,64,94,103,9,110,0.000%,.13152,0.83,0.02
GET /items?categoryId=711,181,28,22,49,65,66,7,66,0.000%,.25323,1.60,0.04
GET /items?categoryId=712,124,46,25,51,252,279,9,280,0.000%,.17349,1.09,0.03
GET /items?categoryId=713,138,59,24,229,231,239,8,239,0.000%,.19307,1.22,0.03
GET /items?categoryId=714,144,26,17,60,66,83,5,87,0.000%,.20147,1.11,0.03
GET /items?categoryId=715,169,28,21,57,86,87,8,89,0.000%,.23644,1.49,0.04
GET /items?categoryId=716,136,26,15,86,116,117,8,117,0.000%,.19030,1.09,0.03
GET /items?categoryId=717,132,36,16,83,104,275,7,275,0.000%,.18470,0.99,0.03
GET /items?categoryId=718,142,62,14,240,243,250,6,257,0.000%,.19870,1.06,0.03
GET /items?categoryId=719,142,34,20,83,117,190,9,193,0.000%,.19869,1.25,0.03
GET /items?categoryId=720,128,34,29,46,82,161,8,161,0.000%,.17908,1.14,0.03
GET /items?categoryId=721,161,32,27,58,68,101,11,102,0.000%,.22526,1.42,0.04
GET /items?categoryId=722,119,26,17,56,79,102,6,103,0.000%,.16651,0.86,0.03
GET /items?categoryId=723,137,24,21,39,43,46,9,54,0.000%,.19170,1.21,0.03
GET /items?categoryId=724,136,32,19,44,94,198,9,198,0.000%,.19029,1.20,0.03
GET /items?categoryId=725,147,37,20,87,120,180,8,225,0.000%,.20569,1.08,0.03
GET /items?categoryId=726,121,38,25,91,104,107,8,124,0.000%,.16930,1.07,0.03
GET /items?categoryId=727,166,30,19,70,97,97,9,98,0.000%,.23229,1.46,0.04
GET /items?categoryId=728,148,30,22,68,118,120,6,120,0.000%,.20708,1.19,0.03
GET /items?categoryId=729,110,33,24,63,119,120,8,120,0.000%,.15391,0.86,0.02
GET /items?categoryId=730,127,35,24,74,117,122,9,215,0.000%,.17771,0.95,0.03
GET /items?categoryId=731,126,26,20,40,73,122,9,123,0.000%,.17631,1.11,0.03
GET /items?categoryId=732,116,26,20,55,57,91,7,91,0.000%,.16231,1.03,0.03
GET /items?categoryId=733,187,24,20,41,47,63,8,64,0.000%,.26165,1.65,0.04
GET /items?categoryId=734,148,27,20,53,61,73,9,74,0.000%,.20709,1.30,0.03
GET /items?categoryId=735,158,27,21,51,59,79,11,80,0.000%,.22109,1.39,0.03
GET /items?categoryId=736,149,43,22,61,215,237,10,240,0.000%,.20851,1.32,0.03
GET /items?categoryId=737,107,35,20,87,204,205,10,206,0.000%,.14975,0.86,0.02
GET /items?categoryId=738,136,34,25,56,62,120,8,120,0.000%,.19033,1.02,0.03
GET /items?categoryId=739,161,23,19,39,40,68,10,68,0.000%,.22530,1.42,0.04
GET /items?categoryId=740,146,23,20,37,55,80,10,80,0.000%,.20432,1.28,0.03
GET /items?categoryId=741,110,25,16,49,88,102,8,119,0.000%,.15395,0.81,0.02
GET /items?categoryId=742,131,32,19,86,88,120,7,120,0.000%,.18333,1.05,0.03
GET /items?categoryId=743,168,28,19,54,63,172,9,232,0.000%,.23511,1.48,0.04
GET /items?categoryId=744,152,20,20,26,35,62,10,63,0.000%,.21272,1.34,0.03
GET /items?categoryId=745,156,18,19,23,26,30,8,34,0.000%,.21832,1.38,0.03
GET /items?categoryId=746,103,29,21,37,112,127,8,132,0.000%,.14415,0.91,0.02
GET /items?categoryId=747,105,30,22,43,99,108,10,112,0.000%,.14694,0.93,0.02
GET /items?categoryId=748,164,16,15,22,26,32,7,39,0.000%,.22949,1.31,0.04
GET /items?categoryId=749,127,20,20,29,33,49,9,51,0.000%,.17773,1.12,0.03
GET /items?categoryId=750,112,19,15,23,41,67,8,179,0.000%,.15674,0.80,0.02
GET /items?categoryId=751,158,22,17,42,68,73,6,74,0.000%,.22111,1.21,0.03
GET /items?categoryId=752,143,17,17,23,27,36,8,36,0.000%,.20011,1.14,0.03
GET /items?categoryId=753,128,17,17,28,33,36,7,36,0.000%,.17912,1.07,0.03
GET /items?categoryId=754,130,21,21,29,35,38,9,38,0.000%,.18192,1.15,0.03
GET /items?categoryId=755,162,19,18,34,34,36,7,37,0.000%,.22671,1.26,0.04
GET /items?categoryId=756,141,28,22,51,58,113,10,114,0.000%,.19729,1.24,0.03
GET /items?categoryId=757,170,33,23,78,113,115,10,119,0.000%,.23789,1.50,0.04
GET /items?categoryId=758,100,21,20,29,33,39,11,135,0.000%,.13994,0.88,0.02
GET /items?categoryId=759,109,22,17,41,42,108,9,132,0.000%,.15252,0.89,0.02
GET /items?categoryId=760,184,17,16,26,29,38,7,41,0.000%,.25746,1.50,0.04
GET /items?categoryId=761,145,16,15,22,32,37,6,38,0.000%,.20289,1.12,0.03
GET /items?categoryId=762,101,17,17,22,26,27,9,27,0.000%,.14133,0.89,0.02
GET /items?categoryId=763,103,16,16,26,29,29,7,29,0.000%,.14413,0.74,0.02
GET /items?categoryId=764,173,29,21,48,88,146,8,148,0.000%,.24206,1.53,0.04
GET /items?categoryId=765,146,21,19,35,42,51,8,51,0.000%,.20429,1.29,0.03
GET /items?categoryId=766,138,26,19,34,112,119,7,139,0.000%,.19308,1.21,0.03
GET /items?categoryId=767,165,31,21,64,66,129,11,146,0.000%,.23085,1.45,0.04
GET /items?categoryId=768,199,24,20,44,47,64,10,66,0.000%,.27842,1.75,0.04
GET /items?categoryId=769,146,18,15,34,41,60,8,60,0.000%,.20427,1.26,0.03
GET /items?categoryId=770,95,16,14,33,34,56,6,56,0.000%,.13293,0.71,0.02
GET /items?categoryId=771,140,20,15,39,60,65,8,115,0.000%,.19589,1.16,0.03
GET /items?categoryId=772,178,21,18,32,36,96,8,124,0.000%,.24904,1.45,0.04
GET /items?categoryId=773,125,19,18,26,27,38,12,39,0.000%,.17489,1.11,0.03
GET /items?categoryId=774,116,25,18,38,39,166,12,167,0.000%,.16227,1.02,0.03
GET /items?categoryId=775,178,30,17,68,101,108,8,109,0.000%,.24902,1.31,0.04
GET /items?categoryId=776,134,22,16,41,53,67,7,68,0.000%,.18748,1.10,0.03
GET /items?categoryId=777,149,18,15,32,44,53,8,53,0.000%,.20846,1.19,0.03
GET /items?categoryId=778,139,18,18,22,27,38,12,39,0.000%,.19448,1.22,0.03
GET /items?categoryId=779,142,20,19,32,36,44,10,45,0.000%,.19865,1.26,0.03
GET /items?categoryId=780,157,20,15,28,77,84,7,138,0.000%,.21966,1.15,0.03
GET /items?categoryId=781,142,29,20,64,69,156,8,159,0.000%,.19866,1.25,0.03
GET /items?categoryId=782,117,25,18,42,66,68,8,68,0.000%,.16368,1.02,0.03
GET /items?categoryId=783,98,23,20,39,47,66,12,67,0.000%,.13711,0.86,0.02
GET /items?categoryId=784,200,22,20,33,40,74,9,93,0.000%,.27975,1.76,0.04
GET /items?categoryId=785,137,18,17,30,32,33,6,33,0.000%,.19165,1.03,0.03
GET /items?categoryId=786,121,17,15,26,31,48,6,48,0.000%,.16928,0.95,0.03
GET /items?categoryId=787,118,22,20,33,50,51,13,54,0.000%,.16508,1.04,0.03
GET /items?categoryId=788,171,22,20,33,40,58,9,126,0.000%,.23921,1.52,0.04
GET /items?categoryId=789,143,35,22,70,104,167,11,214,0.000%,.20003,1.26,0.03
GET /items?categoryId=790,115,21,17,41,56,68,8,70,0.000%,.16088,0.96,0.03
GET /items?categoryId=791,171,19,16,34,40,81,6,98,0.000%,.23921,1.31,0.04
GET /items?categoryId=792,108,28,21,55,73,101,9,101,0.000%,.15108,0.95,0.02
GET /items?categoryId=793,167,21,16,46,53,57,7,57,0.000%,.23361,1.39,0.04
GET /items?categoryId=794,116,26,17,61,75,80,9,124,0.000%,.16227,0.94,0.03
GET /items?categoryId=795,138,23,19,45,60,63,9,63,0.000%,.19303,1.22,0.03
GET /items?categoryId=796,181,25,15,52,104,170,5,185,0.000%,.25316,1.48,0.04
GET /items?categoryId=797,123,30,20,44,57,182,11,182,0.000%,.17205,1.09,0.03
GET /items?categoryId=798,148,23,17,51,57,60,7,66,0.000%,.20700,1.16,0.03
GET /items?categoryId=799,124,26,17,72,88,128,5,128,0.000%,.17344,0.97,0.03
GET /items?categoryId=800,128,26,18,63,71,93,7,128,0.000%,.17905,1.10,0.03
GET /items?categoryId=801,140,23,16,50,61,77,8,78,0.000%,.19583,1.10,0.03
GET /items?categoryId=802,121,40,21,121,145,190,7,206,0.000%,.16927,0.95,0.03
GET /items?categoryId=803,124,50,31,121,134,179,7,187,0.000%,.17343,1.09,0.03
GET /items?categoryId=804,123,35,20,85,128,173,8,173,0.000%,.17206,0.99,0.03
GET /items?categoryId=805,159,28,18,61,66,84,6,84,0.000%,.22242,1.24,0.04
GET /items?categoryId=806,133,41,34,85,88,130,8,133,0.000%,.18606,1.06,0.03
GET /items?categoryId=807,107,28,29,47,58,67,6,67,0.000%,.14970,0.77,0.02
GET /items?categoryId=808,157,29,16,47,185,190,7,195,0.000%,.21963,1.20,0.03
GET /items?categoryId=809,157,20,20,29,34,36,8,51,0.000%,.21964,1.39,0.03
GET /items?categoryId=810,120,17,15,30,37,38,6,39,0.000%,.16788,1.02,0.03
GET /items?categoryId=811,149,20,19,25,37,48,10,48,0.000%,.20847,1.31,0.03
GET /items?categoryId=812,170,25,16,49,103,109,6,109,0.000%,.23782,1.36,0.04
GET /items?categoryId=813,130,16,15,21,25,78,8,101,0.000%,.18189,1.02,0.03
GET /items?categoryId=814,147,16,16,23,25,29,6,30,0.000%,.20565,1.08,0.03
GET /items?categoryId=815,121,37,19,136,172,181,6,187,0.000%,.16929,0.99,0.03
GET /items?categoryId=816,141,36,21,117,139,183,7,185,0.000%,.19727,1.22,0.03
GET /items?categoryId=817,145,38,17,112,122,128,6,128,0.000%,.20287,1.04,0.03
GET /items?categoryId=818,120,52,20,156,159,183,9,184,0.000%,.16790,0.92,0.03
GET /items?categoryId=819,165,47,23,136,193,223,9,225,0.000%,.23089,1.46,0.04
GET /items?categoryId=820,161,36,22,110,118,130,8,133,0.000%,.22535,1.42,0.04
GET /items?categoryId=821,117,26,20,49,55,131,5,131,0.000%,.16376,0.90,0.03
GET /items?categoryId=822,103,50,26,117,133,221,10,227,0.000%,.14419,0.91,0.02
GET /items?categoryId=823,117,41,19,80,211,214,6,226,0.000%,.16379,0.88,0.03
GET /items?categoryId=824,143,36,27,88,109,126,9,130,0.000%,.20021,1.26,0.03
GET /items?categoryId=825,137,61,22,197,207,240,10,244,0.000%,.19182,1.21,0.03
GET /items?categoryId=826,143,44,19,140,158,169,5,173,0.000%,.20023,1.05,0.03
GET /items?categoryId=827,115,42,18,110,159,163,8,163,0.000%,.16106,0.84,0.03
GET /items?categoryId=828,144,32,17,56,158,235,6,247,0.000%,.20167,1.08,0.03
GET /items?categoryId=829,124,40,21,92,122,150,7,196,0.000%,.17368,1.09,0.03
GET /items?categoryId=830,117,66,25,296,298,325,12,325,0.000%,.16394,1.03,0.03
GET /items?categoryId=831,110,97,53,266,272,297,8,298,0.000%,.15410,0.97,0.02
GET /items?categoryId=832,115,40,31,87,91,117,9,118,0.000%,.16113,1.02,0.03
GET /items?categoryId=833,157,65,49,133,140,167,8,170,0.000%,.22000,1.39,0.03
GET /items?categoryId=834,126,30,24,64,76,105,7,106,0.000%,.17656,1.02,0.03
GET /items?categoryId=835,128,31,23,61,103,134,6,142,0.000%,.17938,1.01,0.03
GET /items?categoryId=836,121,41,22,114,141,186,7,189,0.000%,.16960,0.93,0.03
GET /items?categoryId=837,175,40,20,102,125,195,8,230,0.000%,.24529,1.52,0.04
GET /items?categoryId=838,137,33,23,65,75,97,8,231,0.000%,.19205,1.21,0.03
GET /items?categoryId=839,114,34,22,63,90,101,10,104,0.000%,.15984,1.01,0.03
GET /items?categoryId=840,148,22,15,50,56,71,8,71,0.000%,.20751,1.21,0.03
GET /items?categoryId=841,179,36,29,57,80,161,8,164,0.000%,.25095,1.58,0.04
GET /items?categoryId=842,150,26,20,50,83,85,7,85,0.000%,.21030,1.18,0.03
GET /items?categoryId=843,100,28,25,56,57,58,10,59,0.000%,.14021,0.73,0.02
GET /items?categoryId=844,116,27,18,66,73,100,7,102,0.000%,.16264,0.99,0.03
GET /items?categoryId=845,155,35,20,84,115,176,8,183,0.000%,.21734,1.22,0.03
GET /items?categoryId=846,150,30,19,62,73,227,8,229,0.000%,.21034,1.27,0.03
GET /items?categoryId=847,155,49,20,158,198,226,6,228,0.000%,.21738,1.28,0.03
GET /items?categoryId=848,120,46,22,121,158,165,7,166,0.000%,.16833,1.06,0.03
GET /items?categoryId=849,138,39,23,118,160,197,9,197,0.000%,.19355,1.22,0.03
GET /items?categoryId=850,181,45,27,113,139,144,14,145,0.000%,.25394,1.60,0.04
GET /items?categoryId=851,138,31,23,58,68,81,10,87,0.000%,.19363,1.22,0.03
GET /items?categoryId=852,132,29,22,62,71,117,7,153,0.000%,.18522,1.00,0.03
GET /items?categoryId=853,146,36,27,69,81,119,9,119,0.000%,.20486,1.28,0.03
GET /items?categoryId=854,174,30,27,47,60,74,9,75,0.000%,.24414,1.53,0.04
GET /items?categoryId=855,135,35,24,56,117,137,8,143,0.000%,.18946,1.08,0.03
GET /items?categoryId=856,86,28,19,59,121,122,10,122,0.000%,.12070,0.76,0.02
GET /items?categoryId=857,131,34,23,80,97,121,10,126,0.000%,.18385,1.15,0.03
GET /items?categoryId=858,175,38,21,116,142,152,8,152,0.000%,.24556,1.50,0.04
GET /items?categoryId=859,170,23,19,39,43,80,5,110,0.000%,.23859,1.22,0.04
GET /items?categoryId=860,97,27,17,63,76,89,9,224,0.000%,.13616,0.75,0.02
GET /items?categoryId=861,164,31,23,70,84,112,9,115,0.000%,.23022,1.42,0.04
GET /items?categoryId=862,181,27,22,49,67,69,6,71,0.000%,.25410,1.55,0.04
GET /items?categoryId=863,129,26,17,50,79,93,6,94,0.000%,.18110,0.93,0.03
GET /items?categoryId=865,166,35,19,120,124,130,6,138,0.000%,.23304,1.45,0.04
GET /items?categoryId=864,98,33,27,72,73,85,11,86,0.000%,.13761,0.87,0.02
GET /items?categoryId=866,183,48,23,145,172,216,7,224,0.000%,.25694,1.33,0.04
GET /items?categoryId=867,117,67,38,156,200,212,12,218,0.000%,.16429,1.03,0.03
GET /items?categoryId=868,125,32,21,99,108,135,6,160,0.000%,.17556,1.09,0.03
GET /items?categoryId=869,130,44,26,154,157,159,13,159,0.000%,.18258,1.15,0.03
GET /items?categoryId=870,132,30,21,69,91,117,8,123,0.000%,.18542,1.17,0.03
GET /items?categoryId=871,192,42,24,93,121,150,8,152,0.000%,.26972,1.70,0.04
GET /items?categoryId=872,105,42,20,145,146,146,8,146,0.000%,.14754,0.88,0.02
GET /items?categoryId=873,154,31,20,84,107,114,9,115,0.000%,.21638,1.36,0.03
GET /items?categoryId=874,190,31,18,77,106,183,8,231,0.000%,.26699,1.62,0.04
GET /items?categoryId=875,104,38,23,76,84,161,6,167,0.000%,.14614,0.78,0.02
GET /items?categoryId=876,131,32,27,66,67,91,8,92,0.000%,.18413,1.01,0.03
GET /items?categoryId=877,150,29,25,60,89,97,6,98,0.000%,.21082,1.28,0.03
GET /items?categoryId=878,150,30,26,53,64,102,12,103,0.000%,.21082,1.32,0.03
GET /items?categoryId=879,117,30,22,70,71,72,9,72,0.000%,.16445,0.92,0.03
GET /items?categoryId=880,162,27,25,38,45,70,8,70,0.000%,.22771,1.44,0.04
GET /items?categoryId=881,115,24,22,34,36,63,8,64,0.000%,.16165,1.01,0.03
GET /items?categoryId=882,133,24,16,48,51,169,6,205,0.000%,.18697,1.07,0.03
GET /items?categoryId=883,139,30,25,51,55,116,7,123,0.000%,.19540,1.07,0.03
GET /items?categoryId=884,119,35,28,83,86,90,10,121,0.000%,.16726,1.06,0.03
GET /items?categoryId=885,124,26,25,39,57,58,8,65,0.000%,.17428,0.92,0.03
GET /items?categoryId=886,145,25,23,41,50,57,6,105,0.000%,.20383,1.17,0.03
GET /items?categoryId=887,172,32,25,61,79,98,6,98,0.000%,.24178,1.29,0.04
GET /items?categoryId=888,105,56,26,181,183,185,7,194,0.000%,.14760,0.93,0.02
GET /items?categoryId=889,148,41,29,105,117,118,11,180,0.000%,.20807,1.31,0.03
GET /items?categoryId=890,154,36,22,70,176,191,6,192,0.000%,.21652,1.32,0.03
GET /items?categoryId=891,141,28,21,50,73,80,8,81,0.000%,.19824,1.25,0.03
GET /items?categoryId=892,123,37,28,62,104,144,13,166,0.000%,.17297,1.09,0.03
GET /items?categoryId=893,117,33,28,56,63,109,10,116,0.000%,.16450,1.04,0.03
GET /items?categoryId=894,182,31,22,55,110,119,6,120,0.000%,.25591,1.44,0.04
GET /items?categoryId=895,130,38,29,90,91,140,12,159,0.000%,.18280,1.15,0.03
GET /items?categoryId=896,144,42,21,116,135,152,9,153,0.000%,.20252,1.25,0.03
GET /items?categoryId=897,101,41,28,85,86,184,10,193,0.000%,.14206,0.89,0.02
GET /items?categoryId=898,180,38,22,136,175,181,10,200,0.000%,.25318,1.42,0.04
GET /items?categoryId=899,121,49,31,138,159,186,9,187,0.000%,.17021,1.07,0.03
GET /items?categoryId=900,137,32,24,55,68,154,9,181,0.000%,.19271,1.22,0.03
GET /items?categoryId=901,118,29,25,53,56,57,11,66,0.000%,.16603,1.04,0.03
GET /items?categoryId=902,176,32,26,49,91,134,11,146,0.000%,.24762,1.57,0.04
GET /items?categoryId=903,158,30,22,55,73,75,9,232,0.000%,.22230,1.29,0.04
GET /items?categoryId=904,153,34,24,58,78,243,8,243,0.000%,.21528,1.34,0.03
GET /items?categoryId=905,125,31,29,46,71,118,8,118,0.000%,.17588,1.11,0.03
GET /items?categoryId=906,152,41,22,138,141,147,9,147,0.000%,.21387,1.34,0.03
GET /items?categoryId=907,164,24,19,53,56,73,6,74,0.000%,.23077,1.27,0.04
GET /items?categoryId=908,148,32,28,43,57,137,10,140,0.000%,.20825,1.31,0.03
GET /items?categoryId=909,124,23,21,42,43,61,10,63,0.000%,.17451,1.10,0.03
GET /items?categoryId=910,149,28,27,40,49,57,8,161,0.000%,.20968,1.32,0.03
GET /items?categoryId=911,168,35,26,72,76,91,10,108,0.000%,.23641,1.49,0.04
GET /items?categoryId=912,113,34,22,41,108,225,10,226,0.000%,.15902,1.00,0.03
GET /items?categoryId=913,146,36,18,60,179,217,7,219,0.000%,.20548,1.27,0.03
GET /items?categoryId=914,114,37,22,88,121,122,6,122,0.000%,.16049,0.88,0.03
GET /items?categoryId=915,154,39,22,101,133,160,9,161,0.000%,.21678,1.37,0.03
GET /items?categoryId=916,152,33,20,82,91,214,8,219,0.000%,.21400,1.27,0.03
GET /items?categoryId=918,127,29,23,51,66,69,9,70,0.000%,.17882,1.13,0.03
GET /items?categoryId=917,108,31,25,60,90,93,11,94,0.000%,.15208,0.96,0.02
GET /items?categoryId=919,181,37,28,60,95,163,10,165,0.000%,.25483,1.60,0.04
GET /items?categoryId=920,107,30,30,42,47,73,9,79,0.000%,.15066,0.95,0.02
GET /items?categoryId=921,132,30,25,63,69,79,7,81,0.000%,.18587,1.17,0.03
GET /items?categoryId=922,112,24,21,45,48,67,8,67,0.000%,.15769,0.97,0.02
GET /items?categoryId=923,168,25,20,34,83,98,7,102,0.000%,.23654,1.32,0.04
GET /items?categoryId=924,124,41,31,81,90,190,8,204,0.000%,.17463,1.10,0.03
GET /items?categoryId=925,144,38,22,95,123,164,7,194,0.000%,.20280,1.14,0.03
GET /items?categoryId=926,142,46,22,134,171,174,9,174,0.000%,.20000,1.26,0.03
GET /items?categoryId=927,133,38,19,129,155,168,8,169,0.000%,.18731,1.09,0.03
GET /items?categoryId=928,166,41,26,84,122,129,9,168,0.000%,.23383,1.47,0.04
GET /items?categoryId=929,134,37,21,112,140,144,11,146,0.000%,.18877,1.19,0.03
GET /items?categoryId=930,149,65,18,268,272,289,9,290,0.000%,.20993,1.32,0.03
GET /items?categoryId=931,125,42,16,138,195,199,6,199,0.000%,.17615,0.90,0.03
GET /items?categoryId=932,178,37,24,77,118,125,9,200,0.000%,.25090,1.58,0.04
GET /items?categoryId=933,132,36,20,89,165,184,7,193,0.000%,.18607,1.17,0.03
GET /items?categoryId=934,148,39,20,89,111,169,9,171,0.000%,.20862,1.32,0.03
GET /items?categoryId=935,136,31,24,64,74,132,11,136,0.000%,.19174,1.20,0.03
GET /items?categoryId=936,162,40,25,88,109,134,10,154,0.000%,.22845,1.43,0.04
GET /items?categoryId=937,150,28,19,67,83,99,7,100,0.000%,.21153,1.16,0.03
GET /items?categoryId=938,161,27,22,56,69,85,11,87,0.000%,.22706,1.43,0.04
GET /items?categoryId=939,108,25,18,52,57,101,8,105,0.000%,.15232,0.79,0.02
GET /items?categoryId=940,177,48,22,157,165,197,9,201,0.000%,.24966,1.58,0.04
GET /items?categoryId=941,168,27,20,47,102,107,10,129,0.000%,.23697,1.50,0.04
GET /items?categoryId=942,120,20,20,35,36,46,8,47,0.000%,.16930,1.07,0.03
GET /items?categoryId=943,141,18,19,24,26,30,9,37,0.000%,.19894,1.25,0.03
GET /items?categoryId=944,153,26,27,36,38,71,10,72,0.000%,.21585,1.36,0.03
GET /items?categoryId=945,161,18,18,27,33,35,6,68,0.000%,.22713,1.17,0.04
GET /items?categoryId=946,139,25,21,34,55,180,10,208,0.000%,.19607,1.23,0.03
GET /items?categoryId=947,149,25,26,35,37,52,11,54,0.000%,.21019,1.32,0.03
GET /items?categoryId=948,149,16,15,25,29,33,7,35,0.000%,.21020,1.08,0.03
GET /items?categoryId=949,146,21,20,27,31,102,10,102,0.000%,.20596,1.30,0.03
GET /items?categoryId=950,140,23,23,34,39,43,7,44,0.000%,.19753,1.24,0.03
GET /items?categoryId=951,143,15,15,21,22,24,8,24,0.000%,.20173,1.03,0.03
GET /items?categoryId=952,173,22,20,30,33,52,9,117,0.000%,.24403,1.55,0.04
GET /items?categoryId=953,96,20,18,31,35,38,7,45,0.000%,.13541,0.75,0.02
GET /items?categoryId=954,177,27,19,34,40,193,10,194,0.000%,.24967,1.58,0.04
GET /items?categoryId=955,103,17,15,24,31,36,7,42,0.000%,.14531,0.84,0.02
GET /items?categoryId=956,119,22,20,32,37,42,10,44,0.000%,.16786,1.06,0.03
GET /items?categoryId=957,116,22,21,30,41,41,9,42,0.000%,.16361,1.03,0.03
GET /items?categoryId=958,132,16,14,24,35,35,6,37,0.000%,.18620,1.13,0.03
GET /items?categoryId=959,148,17,16,28,33,37,6,71,0.000%,.20877,1.29,0.03
GET /items?categoryId=960,144,20,19,30,30,37,8,38,0.000%,.20314,1.22,0.03
GET /items?categoryId=961,159,27,23,29,38,190,9,204,0.000%,.22427,1.41,0.04
GET /items?categoryId=962,128,44,20,184,197,197,7,197,0.000%,.18056,0.97,0.03
GET /items?categoryId=963,158,17,15,30,35,46,6,46,0.000%,.22285,1.19,0.04
GET /items?categoryId=964,131,16,15,22,29,35,6,35,0.000%,.18476,1.12,0.03
GET /items?categoryId=965,153,16,14,26,29,31,6,35,0.000%,.21582,1.11,0.03
GET /items?categoryId=966,126,16,15,22,24,29,7,35,0.000%,.17773,0.91,0.03
GET /items?categoryId=967,152,17,16,25,29,38,7,38,0.000%,.21440,1.27,0.03
GET /items?categoryId=968,107,15,14,20,23,31,5,36,0.000%,.15091,0.89,0.02
GET /items?categoryId=969,114,17,14,22,28,72,7,213,0.000%,.16079,0.85,0.03
GET /items?categoryId=970,147,26,20,45,45,171,5,173,0.000%,.20731,1.28,0.03
GET /items?categoryId=971,157,25,25,34,38,43,8,49,0.000%,.22142,1.39,0.04
GET /items?categoryId=972,152,24,23,38,40,43,9,46,0.000%,.21436,1.35,0.03
GET /items?categoryId=973,131,26,26,43,46,55,8,58,0.000%,.18475,1.16,0.03
GET /items?categoryId=974,118,16,16,24,27,32,8,32,0.000%,.16642,0.93,0.03
GET /items?categoryId=975,151,23,23,33,37,41,9,41,0.000%,.21296,1.34,0.03
GET /items?categoryId=976,145,18,18,24,28,35,8,36,0.000%,.20450,1.07,0.03
GET /items?categoryId=977,130,26,23,36,36,107,9,146,0.000%,.18334,1.16,0.03
GET /items?categoryId=978,150,24,19,46,57,109,7,148,0.000%,.21149,1.23,0.03
GET /items?categoryId=979,132,28,24,49,51,57,8,57,0.000%,.18613,1.17,0.03
GET /items?categoryId=980,165,25,23,37,49,53,9,54,0.000%,.23266,1.46,0.04
GET /items?categoryId=981,139,15,16,20,22,28,6,29,0.000%,.19601,1.01,0.03
GET /items?categoryId=982,145,15,16,22,24,25,8,25,0.000%,.20450,1.05,0.03
GET /items?categoryId=983,122,22,21,34,35,41,7,43,0.000%,.17206,1.08,0.03
GET /items?categoryId=984,171,16,16,22,23,25,7,26,0.000%,.24114,1.49,0.04
GET /items?categoryId=985,138,24,18,37,45,165,6,171,0.000%,.19461,1.18,0.03
GET /items?categoryId=986,170,28,20,34,117,131,6,170,0.000%,.23975,1.23,0.04
GET /items?categoryId=987,138,24,23,32,36,113,8,123,0.000%,.19461,1.22,0.03
GET /items?categoryId=988,142,20,20,29,30,32,9,34,0.000%,.20025,1.26,0.03
GET /items?categoryId=989,136,21,20,32,33,41,10,43,0.000%,.19181,1.21,0.03
GET /items?categoryId=990,117,17,17,24,26,27,8,27,0.000%,.16502,0.98,0.03
GET /items?categoryId=991,190,22,21,33,34,37,7,42,0.000%,.26797,1.70,0.04
GET /items?categoryId=992,112,16,16,25,27,30,8,30,0.000%,.15796,0.96,0.02
GET /items?categoryId=993,107,20,21,25,25,26,11,31,0.000%,.15092,0.95,0.02
GET /items?categoryId=994,124,28,24,39,44,136,11,137,0.000%,.17489,1.10,0.03
GET /items?categoryId=995,142,31,27,51,55,137,9,188,0.000%,.20023,1.26,0.03
GET /items?categoryId=996,141,19,17,27,37,49,6,50,0.000%,.19884,1.16,0.03
GET /items?categoryId=997,148,21,21,31,33,37,11,38,0.000%,.20872,1.31,0.03
GET /items?categoryId=998,147,15,15,21,22,25,7,33,0.000%,.20731,1.12,0.03
GET /items?categoryId=999,146,20,22,26,30,35,10,35,0.000%,.20592,1.31,0.03
GET /items?categoryId=1000,143,20,20,26,28,29,10,31,0.000%,.20167,1.28,0.03
GET /items?categoryId=1001,165,24,20,37,42,53,11,170,0.000%,.23269,1.48,0.04
GET /items?categoryId=1002,129,23,20,38,41,44,9,44,0.000%,.18194,1.16,0.03
GET /items?categoryId=1003,152,36,30,51,57,179,11,232,0.000%,.21432,1.36,0.03
GET /items?categoryId=1004,138,21,18,33,42,52,6,98,0.000%,.19461,1.10,0.03
GET /items?categoryId=1005,154,22,20,31,34,40,7,48,0.000%,.21719,1.38,0.03
GET /items?categoryId=1006,154,17,17,26,28,33,7,35,0.000%,.21718,1.28,0.03
GET /items?categoryId=1007,170,22,21,34,36,40,10,40,0.000%,.23978,1.52,0.04
GET /items?categoryId=1008,116,16,15,24,25,29,7,29,0.000%,.16362,0.90,0.03
GET /items?categoryId=1009,164,25,22,35,44,56,8,208,0.000%,.23130,1.46,0.04
GET /items?categoryId=1010,148,32,21,39,183,186,7,190,0.000%,.20874,1.18,0.03
GET /items?categoryId=1011,134,19,19,31,32,34,8,60,0.000%,.18899,1.09,0.03
GET /items?categoryId=1012,123,24,22,30,35,91,11,102,0.000%,.17348,1.11,0.03
GET /items?categoryId=1013,185,16,16,21,27,35,7,35,0.000%,.26090,1.63,0.04
GET /items?categoryId=1014,150,15,15,20,24,32,6,33,0.000%,.21154,1.22,0.03
GET /items?categoryId=1015,94,21,20,28,29,32,9,32,0.000%,.13258,0.84,0.02
GET /items?categoryId=1016,170,16,16,22,23,24,6,28,0.000%,.23977,1.24,0.04
GET /items?categoryId=1017,115,29,17,55,150,160,8,174,0.000%,.16220,0.94,0.03
GET /items?categoryId=1018,113,26,25,52,60,60,9,60,0.000%,.15939,1.01,0.03
GET /items?categoryId=1019,122,26,24,39,40,51,13,103,0.000%,.17207,1.09,0.03
GET /items?categoryId=1020,154,26,22,39,41,158,11,176,0.000%,.21720,1.38,0.03
GET /items?categoryId=1021,127,24,25,30,34,35,12,38,0.000%,.17913,1.14,0.03
GET /items?categoryId=1022,127,17,17,27,29,29,8,30,0.000%,.17914,1.07,0.03
GET /items?categoryId=1023,128,20,19,26,28,35,8,36,0.000%,.18054,1.14,0.03
GET /items?categoryId=1024,128,22,21,36,37,38,11,39,0.000%,.18053,1.14,0.03
GET /items?categoryId=1025,153,24,23,37,40,45,11,48,0.000%,.21581,1.37,0.03
GET /items?categoryId=1026,163,34,18,120,161,168,7,170,0.000%,.22989,1.27,0.04
GET /items?categoryId=1027,134,39,22,98,100,103,12,110,0.000%,.18899,1.20,0.03
GET /items?categoryId=1028,165,23,20,37,40,42,11,44,0.000%,.23269,1.47,0.04
GET /items?categoryId=1029,160,28,20,39,119,141,6,154,0.000%,.22568,1.36,0.04
GET /items?categoryId=1030,127,23,23,31,32,37,8,39,0.000%,.17914,1.14,0.03
GET /items?categoryId=1031,149,17,16,27,31,35,7,36,0.000%,.21015,1.28,0.03
GET /items?categoryId=1032,153,21,21,27,29,36,10,39,0.000%,.21580,1.37,0.03
GET /items?categoryId=1033,172,43,18,214,218,225,8,228,0.000%,.24260,1.26,0.04
GET /items?categoryId=1034,144,23,21,32,41,53,13,59,0.000%,.20310,1.29,0.03
GET /items?categoryId=1035,85,17,15,25,37,38,6,41,0.000%,.11990,0.66,0.02
GET /items?categoryId=1036,159,23,23,29,35,39,10,47,0.000%,.22427,1.42,0.04
GET /items?categoryId=1037,158,28,25,38,76,106,8,127,0.000%,.22284,1.41,0.04
GET /items?categoryId=1038,132,25,21,38,43,106,12,106,0.000%,.18616,1.18,0.03
GET /items?categoryId=1039,109,16,16,28,32,32,8,39,0.000%,.15371,0.85,0.02
GET /items?categoryId=1040,165,26,23,36,38,45,9,163,0.000%,.23267,1.48,0.04
GET /items?categoryId=1041,180,35,24,40,158,175,9,205,0.000%,.25383,1.60,0.04
GET /items?categoryId=1042,125,24,23,33,48,59,11,59,0.000%,.17629,1.12,0.03
GET /items?categoryId=1043,117,23,22,30,47,48,11,50,0.000%,.16500,1.04,0.03
GET /items?categoryId=1044,193,23,23,32,34,37,10,57,0.000%,.27217,1.74,0.04
GET /items?categoryId=1045,125,30,27,34,61,128,12,132,0.000%,.17625,1.13,0.03
GET /items?categoryId=1046,111,22,20,26,29,124,8,128,0.000%,.15653,0.82,0.02
GET /items?categoryId=1047,106,21,21,28,30,35,10,35,0.000%,.14948,0.95,0.02
GET /items?categoryId=1048,193,29,23,45,52,178,10,220,0.000%,.27217,1.73,0.04
GET /items?categoryId=1049,182,22,21,34,49,50,6,53,0.000%,.25665,1.51,0.04
GET /items?categoryId=1050,118,21,21,31,37,56,9,57,0.000%,.16640,1.06,0.03
GET /items?categoryId=1051,124,22,23,32,37,41,7,41,0.000%,.17484,1.10,0.03
GET /items?categoryId=1052,152,38,25,46,175,179,8,187,0.000%,.21426,1.36,0.03
GET /items?categoryId=1053,124,67,28,179,182,188,5,189,0.000%,.17483,1.05,0.03
GET /items?categoryId=1055,110,23,23,35,44,50,8,51,0.000%,.15506,0.98,0.02
GET /items?categoryId=1054,134,24,23,40,42,45,8,46,0.000%,.18892,1.19,0.03
GET /items?categoryId=1056,183,29,24,48,64,140,8,155,0.000%,.25799,1.65,0.04
GET /items?categoryId=1057,156,22,20,42,46,47,9,50,0.000%,.21994,1.39,0.04
GET /items?categoryId=1058,123,18,20,28,31,37,5,38,0.000%,.17343,0.98,0.03
GET /items?categoryId=1059,125,21,22,35,40,41,7,41,0.000%,.17625,1.12,0.03
GET /items?categoryId=1060,191,15,15,24,25,29,4,34,0.000%,.26931,1.55,0.04
GET /items?categoryId=1061,135,32,21,35,191,193,5,193,0.000%,.19032,1.16,0.03
GET /items?categoryId=1062,133,19,19,34,35,40,6,42,0.000%,.18748,1.06,0.03
GET /items?categoryId=1063,172,28,20,33,41,224,9,228,0.000%,.24244,1.55,0.04
GET /items?categoryId=1064,117,18,19,31,33,37,5,42,0.000%,.16493,0.99,0.03
GET /items?categoryId=1065,120,20,20,33,39,47,8,48,0.000%,.16918,0.93,0.03
GET /items?categoryId=1066,155,23,20,56,60,68,5,74,0.000%,.21850,1.29,0.03
GET /items?categoryId=1067,167,17,16,28,31,63,6,64,0.000%,.23541,1.28,0.04
GET /items?categoryId=1068,174,20,21,31,33,34,8,46,0.000%,.24529,1.56,0.04
GET /items?categoryId=1069,126,26,24,39,47,120,9,159,0.000%,.17760,1.13,0.03
GET /items?categoryId=1070,135,19,17,34,36,50,8,201,0.000%,.19029,1.18,0.03
GET /items?categoryId=1071,145,28,17,64,64,65,5,65,0.000%,.20438,1.13,0.03
GET /items?categoryId=1072,173,16,15,25,30,39,6,63,0.000%,.24384,1.40,0.04
GET /items?categoryId=1073,158,22,18,37,44,57,9,57,0.000%,.22270,1.41,0.04
GET /items?categoryId=1074,125,13,14,20,20,28,6,31,0.000%,.17621,1.01,0.03
GET /items?categoryId=1075,142,14,14,21,31,31,7,32,0.000%,.20016,1.23,0.03
GET /items?categoryId=1076,148,15,15,22,23,27,7,28,0.000%,.20862,1.20,0.03
GET /items?categoryId=1077,159,23,13,24,122,162,5,179,0.000%,.22408,1.18,0.04
GET /items?categoryId=1078,143,32,24,58,80,172,9,215,0.000%,.20153,1.28,0.03
GET /items?categoryId=1079,157,24,23,36,39,47,9,68,0.000%,.22126,1.40,0.04
GET /items?categoryId=1080,151,23,22,37,42,67,9,69,0.000%,.21280,1.36,0.03
GET /items?categoryId=1081,134,21,21,32,36,43,8,46,0.000%,.18885,1.20,0.03
GET /items?categoryId=1082,141,19,19,27,32,40,9,40,0.000%,.19872,1.26,0.03
GET /items?categoryId=1083,142,18,18,26,29,32,9,33,0.000%,.20013,1.27,0.03
GET /items?categoryId=1084,125,14,15,19,25,29,6,29,0.000%,.17618,0.95,0.03
GET /items?categoryId=1085,131,48,20,207,211,223,8,231,0.000%,.18458,1.16,0.03
GET /items?categoryId=1086,147,26,25,39,48,111,9,132,0.000%,.20713,1.31,0.03
GET /items?categoryId=1087,142,15,16,23,26,28,5,31,0.000%,.20011,1.10,0.03
GET /items?categoryId=1088,112,15,16,24,24,27,5,27,0.000%,.15784,0.93,0.03
GET /items?categoryId=1089,147,22,18,33,41,80,8,80,0.000%,.20714,1.31,0.03
GET /items?categoryId=1090,130,22,24,32,34,41,9,41,0.000%,.18320,1.16,0.03
GET /items?categoryId=1091,141,20,20,29,33,36,9,37,0.000%,.19871,1.26,0.03
GET /items?categoryId=1092,161,20,17,30,33,38,8,39,0.000%,.22689,1.44,0.04
GET /items?categoryId=1093,143,38,15,181,202,213,6,213,0.000%,.20151,1.14,0.03
GET /items?categoryId=1094,127,35,24,41,164,172,8,179,0.000%,.17895,1.14,0.03
GET /items?categoryId=1095,132,16,16,25,28,38,7,38,0.000%,.18600,1.09,0.03
GET /items?categoryId=1096,121,20,20,29,32,36,9,39,0.000%,.17049,1.09,0.03
GET /items?categoryId=1097,93,19,19,25,28,33,9,37,0.000%,.13104,0.84,0.02
GET /items?categoryId=1098,154,17,15,29,30,65,6,65,0.000%,.21699,1.24,0.03
GET /items?categoryId=1099,154,30,20,69,78,87,7,133,0.000%,.21699,1.38,0.03
GET /items?categoryId=1100,131,25,20,42,49,68,9,68,0.000%,.18456,1.17,0.03
GET /items?categoryId=1101,139,24,23,40,45,52,10,55,0.000%,.19585,1.24,0.03
GET /items?categoryId=1102,158,27,25,42,50,127,9,211,0.000%,.22261,1.42,0.04
GET /items?categoryId=1103,169,27,28,45,54,55,10,58,0.000%,.23812,1.51,0.04
GET /items?categoryId=1104,170,21,20,32,34,41,8,44,0.000%,.23953,1.52,0.04
GET /items?categoryId=1105,97,14,14,19,20,27,5,28,0.000%,.13669,0.83,0.02
GET /items?categoryId=1106,179,26,23,36,63,98,7,106,0.000%,.25222,1.60,0.04
GET /items?categoryId=1107,140,18,15,32,32,58,5,73,0.000%,.19728,1.17,0.03
GET /items?categoryId=1108,152,14,13,22,26,29,6,30,0.000%,.21419,1.30,0.03
GET /items?categoryId=1109,99,21,21,29,30,36,9,43,0.000%,.13951,0.89,0.02
GET /items?categoryId=1110,110,20,17,30,57,57,6,101,0.000%,.15502,0.80,0.02
GET /items?categoryId=1111,176,22,17,33,51,115,7,135,0.000%,.24798,1.35,0.04
GET /items?categoryId=1112,125,20,19,34,42,46,7,90,0.000%,.17611,1.09,0.03
GET /items?categoryId=1113,146,16,15,26,31,36,7,37,0.000%,.20569,1.14,0.03
GET /items?categoryId=1114,154,18,16,32,47,47,6,47,0.000%,.21697,1.20,0.03
GET /items?categoryId=1115,140,18,17,33,36,37,6,77,0.000%,.19727,1.02,0.03
GET /items?categoryId=1116,177,23,23,36,42,43,9,86,0.000%,.24935,1.59,0.04
GET /items?categoryId=1117,123,21,17,42,43,127,7,150,0.000%,.17331,0.94,0.03
GET /items?categoryId=1118,152,23,17,31,44,136,6,178,0.000%,.21411,1.26,0.03
GET /items?categoryId=1119,150,25,24,35,37,179,10,183,0.000%,.21131,1.35,0.03
GET /items?categoryId=1120,122,20,19,29,31,36,8,42,0.000%,.17186,1.09,0.03
GET /items?categoryId=1121,120,22,21,33,35,48,8,49,0.000%,.16904,1.07,0.03
GET /items?categoryId=1122,127,21,19,44,52,53,6,53,0.000%,.17890,1.10,0.03
GET /items?categoryId=1123,171,26,27,40,57,59,8,59,0.000%,.24089,1.53,0.04
GET /items?categoryId=1124,103,19,20,30,34,42,6,44,0.000%,.14509,0.87,0.02
GET /items?categoryId=1125,158,32,22,77,90,149,9,174,0.000%,.22256,1.41,0.04
GET /items?categoryId=1126,135,29,20,43,87,192,6,193,0.000%,.19014,1.12,0.03
GET /items?categoryId=1127,128,43,23,167,196,197,9,197,0.000%,.18029,1.15,0.03
GET /items?categoryId=1128,147,25,27,34,43,51,10,53,0.000%,.20704,1.31,0.03
GET /items?categoryId=1129,106,23,24,33,53,55,8,55,0.000%,.14929,0.95,0.02
GET /items?categoryId=1130,105,17,18,28,30,32,5,34,0.000%,.14789,0.81,0.02
GET /items?categoryId=1131,158,15,15,24,28,30,6,30,0.000%,.22254,1.15,0.04
GET /items?categoryId=1132,115,23,14,25,26,193,6,193,0.000%,.16198,0.92,0.03
GET /items?categoryId=1133,114,29,22,53,54,175,8,179,0.000%,.16057,1.02,0.03
GET /items?categoryId=1134,141,19,17,27,34,103,6,105,0.000%,.19859,1.17,0.03
GET /items?categoryId=1135,133,20,16,29,30,170,5,170,0.000%,.18730,0.99,0.03
GET /items?categoryId=1136,131,38,25,56,160,169,8,170,0.000%,.18451,1.17,0.03
GET /items?categoryId=1137,149,24,24,39,44,44,8,45,0.000%,.20985,1.33,0.03
GET /items?categoryId=1138,113,21,19,39,46,47,9,48,0.000%,.15914,1.01,0.03
GET /items?categoryId=1139,160,20,22,31,32,36,8,39,0.000%,.22533,1.43,0.04
GET /items?categoryId=1140,135,28,26,39,51,201,10,241,0.000%,.19013,1.21,0.03
GET /items?categoryId=1141,169,24,21,38,42,53,8,54,0.000%,.23802,1.51,0.04
GET /items?categoryId=1142,118,26,22,43,46,51,9,52,0.000%,.16620,1.05,0.03
GET /items?categoryId=1143,107,26,21,41,45,82,9,86,0.000%,.15070,0.96,0.02
GET /items?categoryId=1144,150,18,14,27,37,91,7,117,0.000%,.21123,1.17,0.03
GET /items?categoryId=1145,156,24,23,45,45,45,9,116,0.000%,.21970,1.39,0.03
GET /items?categoryId=1146,139,15,16,23,26,32,6,32,0.000%,.19577,1.01,0.03
GET /items?categoryId=1147,149,23,20,40,43,48,9,49,0.000%,.20986,1.33,0.03
GET /items?categoryId=1148,165,18,17,27,33,45,5,45,0.000%,.23236,1.39,0.04
GET /items?categoryId=1149,135,26,21,63,70,70,9,71,0.000%,.19013,1.21,0.03
GET /items?categoryId=1150,128,21,17,33,51,52,10,52,0.000%,.18028,1.15,0.03
GET /items?categoryId=1151,134,19,18,30,38,48,7,80,0.000%,.18872,1.17,0.03
GET /items?categoryId=1152,151,29,17,41,156,163,6,164,0.000%,.21264,1.31,0.03
GET /items?categoryId=1153,161,20,19,27,40,72,5,161,0.000%,.22673,1.17,0.04
GET /items?categoryId=1154,132,16,17,25,28,31,6,31,0.000%,.18589,1.00,0.03
GET /items?categoryId=1155,126,17,15,26,28,65,6,113,0.000%,.17744,0.94,0.03
GET /items?categoryId=1156,175,23,19,34,65,116,5,127,0.000%,.24644,1.27,0.04
GET /items?categoryId=1157,125,17,18,28,35,42,5,42,0.000%,.17603,1.10,0.03
GET /items?categoryId=1158,146,22,21,35,38,44,8,47,0.000%,.20560,1.31,0.03
GET /items?categoryId=1159,147,17,17,27,29,37,6,37,0.000%,.20701,1.25,0.03
GET /items?categoryId=1160,137,26,19,81,89,97,6,122,0.000%,.19287,1.00,0.03
GET /items?categoryId=1161,160,31,29,45,84,117,10,139,0.000%,.22530,1.43,0.04
GET /items?categoryId=1162,138,18,16,29,38,48,6,113,0.000%,.19433,1.03,0.03
GET /items?categoryId=1163,132,23,17,53,53,97,5,180,0.000%,.18586,1.00,0.03
GET /items?categoryId=1164,166,27,25,42,58,60,9,60,0.000%,.23374,1.48,0.04
GET /items?categoryId=1165,167,18,16,29,37,38,6,38,0.000%,.23515,1.35,0.04
GET /items?categoryId=1166,134,21,21,28,39,43,9,44,0.000%,.18868,1.20,0.03
GET /items?categoryId=1167,126,18,17,35,36,37,6,39,0.000%,.17744,0.98,0.03
GET /items?categoryId=1168,132,27,21,33,47,176,8,176,0.000%,.18584,1.18,0.03
GET /items?categoryId=1169,165,25,22,39,66,109,5,168,0.000%,.23229,1.31,0.04
GET /items?categoryId=1170,145,19,16,29,34,62,6,280,0.000%,.20416,1.08,0.03
GET /items?categoryId=1171,154,26,26,43,47,67,8,68,0.000%,.21683,1.38,0.03
GET /items?categoryId=1172,115,18,16,33,40,49,6,55,0.000%,.16192,0.96,0.03
GET /items?categoryId=1173,133,24,24,36,43,44,11,44,0.000%,.18728,1.19,0.03
GET /items?categoryId=1174,146,16,14,26,28,32,5,32,0.000%,.20558,1.14,0.03
GET /items?categoryId=1175,139,20,21,27,30,33,11,34,0.000%,.19571,1.24,0.03
GET /items?categoryId=1176,172,15,15,24,26,27,5,96,0.000%,.24220,1.26,0.04
GET /items?categoryId=1177,135,57,39,190,218,245,9,247,0.000%,.19008,1.21,0.03
GET /items?categoryId=1178,130,30,21,41,89,187,6,200,0.000%,.18302,1.12,0.03
GET /items?categoryId=1179,148,22,21,36,39,47,10,49,0.000%,.20838,1.32,0.03
GET /items?categoryId=1180,114,24,21,42,48,53,10,57,0.000%,.16052,1.02,0.03
GET /items?categoryId=1181,132,16,16,25,25,27,6,29,0.000%,.18586,1.09,0.03
GET /items?categoryId=1182,106,16,17,25,31,35,6,36,0.000%,.14925,0.93,0.02
GET /items?categoryId=1183,145,14,15,20,21,27,5,28,0.000%,.20417,1.08,0.03
GET /items?categoryId=1184,125,18,17,29,34,41,7,42,0.000%,.17601,1.05,0.03
GET /items?categoryId=1185,150,43,20,176,188,233,5,236,0.000%,.21117,1.19,0.03
GET /items?categoryId=1186,135,42,31,87,120,191,7,191,0.000%,.19007,1.21,0.03
GET /items?categoryId=1187,125,27,22,47,51,79,7,81,0.000%,.17599,1.11,0.03
GET /items?categoryId=1188,112,16,17,24,28,32,6,32,0.000%,.15769,0.89,0.03
GET /items?categoryId=1189,166,15,16,23,26,32,5,32,0.000%,.23370,1.45,0.04
GET /items?categoryId=1190,125,21,21,31,33,36,9,40,0.000%,.17600,1.12,0.03
GET /items?categoryId=1191,128,16,16,23,27,32,5,32,0.000%,.18023,0.99,0.03
GET /items?categoryId=1192,127,20,19,28,29,37,9,39,0.000%,.17883,1.14,0.03
GET /items?categoryId=1193,152,25,18,29,55,263,6,265,0.000%,.21402,1.18,0.03
GET /items?categoryId=1194,130,41,26,59,189,194,11,196,0.000%,.18299,1.16,0.03
GET /items?categoryId=1195,158,23,19,36,42,109,6,122,0.000%,.22241,1.27,0.04
GET /items?categoryId=1196,134,19,18,32,40,42,6,42,0.000%,.18863,1.15,0.03
GET /items?categoryId=1197,181,18,18,31,33,37,6,39,0.000%,.25479,1.47,0.04
GET /items?categoryId=1198,125,26,26,41,41,48,9,51,0.000%,.17599,1.12,0.03
GET /items?categoryId=1199,149,20,18,29,32,37,9,37,0.000%,.20977,1.34,0.03
GET /items?categoryId=1200,111,16,16,22,27,32,8,32,0.000%,.15627,0.83,0.02
GET /items?categoryId=1201,160,26,16,28,176,185,6,185,0.000%,.22520,1.33,0.04
GET /items?categoryId=1202,168,34,17,44,185,216,6,217,0.000%,.23648,1.39,0.04
GET /items?categoryId=1203,119,16,17,23,28,32,6,32,0.000%,.16751,1.01,0.03
GET /items?categoryId=1204,120,17,15,29,33,38,5,40,0.000%,.16892,0.89,0.03
GET /items?categoryId=1205,127,17,19,25,26,28,6,29,0.000%,.17878,0.93,0.03
GET /items?categoryId=1206,131,16,16,28,29,32,7,32,0.000%,.18440,1.12,0.03
GET /items?categoryId=1207,165,20,18,32,34,34,9,36,0.000%,.23225,1.47,0.04
GET /items?categoryId=1208,127,16,16,26,29,37,5,41,0.000%,.17878,1.11,0.03
GET /items?categoryId=1209,163,24,23,43,47,49,9,50,0.000%,.22947,1.46,0.04
GET /items?categoryId=1210,124,21,18,39,41,41,6,224,0.000%,.17454,0.98,0.03
GET /items?categoryId=1211,138,48,24,162,170,174,8,176,0.000%,.19423,1.23,0.03
GET /items?categoryId=1212,144,28,18,60,90,155,6,161,0.000%,.20266,1.17,0.03
GET /items?categoryId=1213,130,25,26,39,42,44,8,45,0.000%,.18301,1.16,0.03
GET /items?categoryId=1214,177,18,18,28,30,42,5,51,0.000%,.24915,1.46,0.04
GET /items?categoryId=1215,117,18,18,29,37,51,5,51,0.000%,.16470,1.02,0.03
GET /items?categoryId=1216,114,21,20,30,33,37,8,38,0.000%,.16048,1.02,0.03
GET /items?categoryId=1217,134,21,22,32,34,36,12,37,0.000%,.18864,1.19,0.03
GET /items?categoryId=1218,125,32,27,57,57,181,10,227,0.000%,.17592,1.11,0.03
GET /items?categoryId=1219,154,22,23,33,34,38,11,57,0.000%,.21673,1.38,0.03
GET /items?categoryId=1220,126,20,16,31,49,102,6,103,0.000%,.17732,1.10,0.03
GET /items?categoryId=1221,153,24,24,39,41,43,8,48,0.000%,.21536,1.36,0.03
GET /items?categoryId=1222,158,19,21,28,29,34,6,37,0.000%,.22241,1.30,0.04
GET /items?categoryId=1223,121,22,21,37,44,52,10,53,0.000%,.17032,1.08,0.03
GET /items?categoryId=1224,166,23,21,36,42,50,9,51,0.000%,.23364,1.48,0.04
GET /items?categoryId=1225,108,24,23,38,40,50,8,53,0.000%,.15201,0.96,0.02
GET /items?categoryId=1226,173,31,22,39,111,188,7,189,0.000%,.24349,1.52,0.04
GET /items?categoryId=1227,116,31,28,50,66,71,11,73,0.000%,.16325,1.04,0.03
GET /items?categoryId=1228,155,30,17,40,175,177,6,177,0.000%,.21814,1.15,0.03
GET /items?categoryId=1229,108,27,23,47,54,57,8,61,0.000%,.15203,0.96,0.02
GET /items?categoryId=1230,153,28,25,48,49,52,10,54,0.000%,.21538,1.37,0.03
GET /items?categoryId=1231,165,17,16,31,36,42,6,43,0.000%,.23228,1.28,0.04
GET /items?categoryId=1232,136,20,20,30,34,51,10,57,0.000%,.19143,1.22,0.03
GET /items?categoryId=1233,125,22,18,42,44,45,9,46,0.000%,.17597,1.12,0.03
GET /items?categoryId=1234,177,31,14,100,153,157,6,160,0.000%,.24914,1.35,0.04
GET /items?categoryId=1235,137,25,21,43,72,105,8,144,0.000%,.19284,1.22,0.03
GET /items?categoryId=1236,146,28,17,65,80,90,10,153,0.000%,.20551,1.31,0.03
GET /items?categoryId=1237,107,25,18,52,67,87,8,87,0.000%,.15063,0.96,0.02
GET /items?categoryId=1238,172,14,12,26,28,30,5,38,0.000%,.24215,1.51,0.04
GET /items?categoryId=1239,132,15,13,26,31,44,5,44,0.000%,.18585,0.95,0.03
GET /items?categoryId=1240,150,20,16,36,37,40,8,41,0.000%,.21119,1.34,0.03
GET /items?categoryId=1241,138,14,11,27,28,36,5,37,0.000%,.19430,1.03,0.03
GET /items?categoryId=1242,164,33,16,72,90,101,9,186,0.000%,.23086,1.47,0.04
GET /items?categoryId=1243,143,35,17,76,98,172,8,174,0.000%,.20127,1.28,0.03
GET /items?categoryId=1244,159,21,20,35,48,62,5,65,0.000%,.22384,1.32,0.04
GET /items?categoryId=1245,134,15,12,33,33,34,6,48,0.000%,.18866,1.15,0.03
GET /items?categoryId=1246,166,16,13,35,42,54,5,59,0.000%,.23372,1.35,0.04
GET /items?categoryId=1247,106,22,14,59,60,69,6,75,0.000%,.14925,0.88,0.02
GET /items?categoryId=1248,154,15,12,27,32,40,5,55,0.000%,.21682,1.17,0.03
GET /items?categoryId=1249,116,28,17,60,65,79,9,79,0.000%,.16334,1.04,0.03
GET /items?categoryId=1250,143,32,16,48,86,238,7,243,0.000%,.20130,1.28,0.03
GET /items?categoryId=1251,190,28,18,55,80,89,9,92,0.000%,.26751,1.69,0.04
GET /items?categoryId=1252,141,24,21,40,50,54,8,54,0.000%,.19854,1.26,0.03
GET /items?categoryId=1253,103,20,16,38,42,54,8,55,0.000%,.14506,0.92,0.02
GET /items?categoryId=1254,134,13,11,23,25,28,5,29,0.000%,.18870,1.02,0.03
GET /items?categoryId=1255,130,19,17,35,36,52,5,52,0.000%,.18306,0.95,0.03
GET /items?categoryId=1256,137,21,18,40,45,48,8,49,0.000%,.19291,1.23,0.03
GET /items?categoryId=1257,140,14,13,24,26,41,5,143,0.000%,.19715,1.09,0.03
GET /items?categoryId=1258,121,43,26,84,91,208,10,227,0.000%,.17037,1.09,0.03
GET /items?categoryId=1259,125,29,24,56,63,81,10,87,0.000%,.17600,1.11,0.03
GET /items?categoryId=1260,175,24,19,42,44,64,8,66,0.000%,.24641,1.56,0.04
GET /items?categoryId=1261,107,24,19,44,47,64,8,67,0.000%,.15069,0.96,0.02
GET /items?categoryId=1262,126,19,18,30,30,33,10,33,0.000%,.17743,1.13,0.03
GET /items?categoryId=1263,123,21,18,40,41,44,10,44,0.000%,.17321,1.09,0.03
GET /items?categoryId=1264,183,14,12,25,29,37,5,43,0.000%,.25769,1.39,0.04
GET /items?categoryId=1265,106,23,19,31,41,108,9,174,0.000%,.14923,0.95,0.02
GET /items?categoryId=1266,153,26,17,37,106,178,5,187,0.000%,.21545,1.27,0.03
GET /items?categoryId=1267,179,15,13,24,26,35,6,36,0.000%,.25203,1.45,0.04
GET /items?categoryId=1268,144,17,16,27,31,32,5,33,0.000%,.20274,1.21,0.03
GET /items?categoryId=1269,153,19,18,29,34,39,9,42,0.000%,.21544,1.36,0.03
GET /items?categoryId=1270,133,17,14,35,35,51,8,52,0.000%,.18725,1.01,0.03
GET /items?categoryId=1271,121,18,13,33,49,50,5,50,0.000%,.17035,1.06,0.03
GET /items?categoryId=1272,145,19,13,34,49,107,6,215,0.000%,.20410,1.15,0.03
GET /items?categoryId=1273,139,17,14,33,36,58,6,59,0.000%,.19567,1.08,0.03
GET /items?categoryId=1274,160,16,14,24,34,52,5,82,0.000%,.22521,1.19,0.04
GET /items?categoryId=1275,98,22,22,34,35,39,8,43,0.000%,.13795,0.87,0.02
GET /items?categoryId=1276,137,15,13,29,30,35,5,37,0.000%,.19285,1.18,0.03
GET /items?categoryId=1277,157,21,20,34,35,39,10,40,0.000%,.22100,1.40,0.04
GET /items?categoryId=1278,123,20,19,28,37,39,8,40,0.000%,.17316,1.10,0.03
GET /items?categoryId=1279,157,12,12,20,22,24,5,32,0.000%,.22100,1.38,0.04
GET /items?categoryId=1280,116,41,18,183,215,222,10,224,0.000%,.16324,1.04,0.03
GET /items?categoryId=1281,125,27,18,37,95,179,10,194,0.000%,.17593,1.11,0.03
GET /items?categoryId=1282,143,13,13,20,25,33,5,33,0.000%,.20125,1.16,0.03
GET /items?categoryId=1283,147,17,15,24,31,108,6,121,0.000%,.20687,1.15,0.03
GET /items?categoryId=1284,107,15,13,25,27,29,7,38,0.000%,.15059,0.87,0.02
GET /items?categoryId=1285,139,21,19,33,40,42,7,45,0.000%,.19564,1.24,0.03
GET /items?categoryId=1286,117,14,13,19,25,28,6,29,0.000%,.16468,0.94,0.03
GET /items?categoryId=1287,135,18,18,25,26,29,8,29,0.000%,.19000,1.21,0.03
GET /items?categoryId=1288,108,26,16,27,70,197,8,198,0.000%,.15195,0.96,0.02
GET /items?categoryId=1289,168,19,13,32,64,65,6,65,0.000%,.23635,1.27,0.04
GET /items?categoryId=1290,161,19,16,26,28,58,9,58,0.000%,.22652,1.44,0.04
GET /items?categoryId=1291,145,19,12,48,52,59,6,59,0.000%,.20401,1.08,0.03
GET /items?categoryId=1292,118,34,20,89,128,133,8,135,0.000%,.16601,1.06,0.03
GET /items?categoryId=1293,177,19,14,34,40,78,6,95,0.000%,.24901,1.46,0.04
GET /items?categoryId=1294,151,21,19,33,35,38,9,39,0.000%,.21246,1.35,0.03
GET /items?categoryId=1295,105,37,21,51,203,204,8,228,0.000%,.14771,0.94,0.02
GET /items?categoryId=1296,173,17,14,45,47,47,5,48,0.000%,.24335,1.34,0.04
GET /items?categoryId=1297,141,22,21,37,40,49,8,49,0.000%,.19836,1.26,0.03
GET /items?categoryId=1298,131,16,15,31,34,57,7,58,0.000%,.18428,1.00,0.03
GET /items?categoryId=1299,145,17,12,33,42,56,5,66,0.000%,.20398,1.10,0.03
GET /items?categoryId=1300,155,32,19,53,154,190,7,193,0.000%,.21801,1.39,0.03
GET /items?categoryId=1301,141,19,14,39,42,45,6,46,0.000%,.19837,1.10,0.03
GET /items?categoryId=1302,173,16,13,24,28,52,6,218,0.000%,.24334,1.45,0.04
GET /items?categoryId=1303,141,19,11,35,52,91,5,91,0.000%,.19836,1.12,0.03
GET /items?categoryId=1304,142,29,21,58,74,94,5,95,0.000%,.19977,1.22,0.03
GET /items?categoryId=1305,145,18,12,42,51,67,5,67,0.000%,.20399,1.13,0.03
GET /items?categoryId=1306,162,21,16,36,40,56,9,65,0.000%,.22791,1.45,0.04
GET /items?categoryId=1307,137,30,19,61,67,145,8,152,0.000%,.19274,1.23,0.03
GET /items?categoryId=1308,171,19,11,42,59,82,5,92,0.000%,.24059,1.41,0.04
GET /items?categoryId=1309,122,22,14,45,56,83,5,83,0.000%,.17167,0.94,0.03
GET /items?categoryId=1310,141,39,19,62,240,241,7,254,0.000%,.19836,1.26,0.03
GET /items?categoryId=1311,134,17,14,37,39,40,5,41,0.000%,.18850,1.02,0.03
GET /items?categoryId=1312,145,19,13,40,47,62,5,64,0.000%,.20400,1.13,0.03
GET /items?categoryId=1313,172,33,20,43,159,171,8,172,0.000%,.24199,1.53,0.04
GET /items?categoryId=1314,125,45,24,147,153,164,9,165,0.000%,.17588,1.11,0.03
GET /items?categoryId=1315,120,24,18,33,58,135,8,155,0.000%,.16883,1.07,0.03
GET /items?categoryId=1316,178,16,13,30,41,56,6,57,0.000%,.25047,1.50,0.04
GET /items?categoryId=1317,171,22,16,34,53,190,6,192,0.000%,.24059,1.39,0.04
GET /items?categoryId=1318,109,27,19,59,59,61,8,61,0.000%,.15337,0.97,0.02
GET /items?categoryId=1319,138,16,15,26,33,54,5,54,0.000%,.19417,1.07,0.03
GET /items?categoryId=1320,174,19,14,35,40,57,6,58,0.000%,.24482,1.53,0.04
GET /items?categoryId=1321,161,20,12,33,56,129,6,147,0.000%,.22650,1.36,0.04
GET /items?categoryId=1322,139,18,15,35,38,57,5,66,0.000%,.19561,1.06,0.03
GET /items?categoryId=1323,109,17,17,33,38,49,5,51,0.000%,.15340,0.90,0.02
GET /items?categoryId=1324,166,16,13,26,39,40,6,40,0.000%,.23360,1.30,0.04
GET /items?categoryId=1325,168,18,16,33,42,51,5,52,0.000%,.23639,1.30,0.04
GET /items?categoryId=1326,142,23,21,41,46,48,11,48,0.000%,.19979,1.27,0.03
GET /items?categoryId=1327,135,20,17,35,38,43,8,47,0.000%,.18997,1.21,0.03
GET /items?categoryId=1328,135,40,14,162,250,253,6,256,0.000%,.18997,1.03,0.03
GET /items?categoryId=1329,164,29,18,66,70,101,9,116,0.000%,.23081,1.46,0.04
GET /items?categoryId=1330,120,18,15,29,39,63,5,64,0.000%,.16891,0.88,0.03
GET /items?categoryId=1331,109,18,13,37,67,68,5,68,0.000%,.15342,0.90,0.02
GET /items?categoryId=1332,148,27,25,52,63,74,11,186,0.000%,.20826,1.32,0.03
GET /items?categoryId=1333,160,28,25,55,55,90,9,187,0.000%,.22518,1.43,0.04
GET /items?categoryId=1334,169,17,15,31,49,55,5,57,0.000%,.23783,1.24,0.04
GET /items?categoryId=1335,117,33,19,62,144,184,7,187,0.000%,.16465,1.04,0.03
GET /items?categoryId=1336,130,20,11,54,64,65,6,72,0.000%,.18297,1.07,0.03
GET /items?categoryId=1337,180,16,14,31,34,64,6,65,0.000%,.25336,1.45,0.04
GET /items?categoryId=1338,125,17,14,28,42,43,7,43,0.000%,.17596,1.10,0.03
GET /items?categoryId=1339,117,18,12,44,47,62,5,63,0.000%,.16471,0.89,0.03
GET /items?categoryId=1340,156,25,15,70,88,103,7,181,0.000%,.21956,1.32,0.03
GET /items?categoryId=1341,122,37,18,79,195,210,5,210,0.000%,.17173,1.01,0.03
GET /items?categoryId=1342,128,31,24,50,65,206,6,207,0.000%,.18016,1.08,0.03
GET /items?categoryId=1343,136,19,20,29,36,55,6,56,0.000%,.19145,1.08,0.03
GET /items?categoryId=1344,100,17,14,33,40,56,5,56,0.000%,.14079,0.80,0.02
GET /items?categoryId=1345,149,15,15,21,25,26,6,31,0.000%,.20977,1.08,0.03
GET /items?categoryId=1346,160,21,18,35,37,47,8,54,0.000%,.22526,1.43,0.04
GET /items?categoryId=1347,99,21,17,37,40,42,8,42,0.000%,.13939,0.88,0.02
GET /items?categoryId=1348,105,24,21,41,44,51,8,52,0.000%,.14783,0.94,0.02
GET /items?categoryId=1349,163,22,12,37,46,179,5,205,0.000%,.22943,1.34,0.04
GET /items?categoryId=1350,151,20,13,37,40,125,5,159,0.000%,.21256,1.33,0.03
GET /items?categoryId=1351,90,18,16,38,39,41,6,42,0.000%,.12671,0.66,0.02
GET /items?categoryId=1352,171,18,16,31,41,44,5,47,0.000%,.24074,1.27,0.04
GET /items?categoryId=1353,141,14,13,25,29,38,5,39,0.000%,.19852,1.02,0.03
GET /items?categoryId=1354,155,14,13,23,27,32,6,40,0.000%,.21821,1.21,0.03
GET /items?categoryId=1355,166,15,14,27,28,30,6,36,0.000%,.23370,1.42,0.04
GET /items?categoryId=1356,116,18,18,26,32,40,10,43,0.000%,.16331,1.04,0.03
GET /items?categoryId=1357,156,19,17,30,35,61,10,62,0.000%,.21954,1.39,0.03
GET /items?categoryId=1358,170,19,14,39,45,59,5,110,0.000%,.23928,1.32,0.04
GET /items?categoryId=1359,113,21,21,39,42,49,7,51,0.000%,.15906,0.92,0.03
GET /items?categoryId=1360,131,16,13,27,30,40,6,41,0.000%,.18439,1.15,0.03
GET /items?categoryId=1361,146,17,16,27,28,60,5,68,0.000%,.20549,1.09,0.03
GET /items?categoryId=1362,159,20,19,30,32,40,8,40,0.000%,.22380,1.42,0.04
GET /items?categoryId=1363,165,23,19,30,40,60,10,241,0.000%,.23215,1.48,0.04
GET /items?categoryId=1364,134,18,16,28,53,54,6,84,0.000%,.18857,1.05,0.03
GET /items?categoryId=1365,159,19,17,30,35,38,9,39,0.000%,.22374,1.42,0.04
GET /items?categoryId=1366,143,24,18,33,39,132,10,133,0.000%,.20121,1.27,0.03
GET /items?categoryId=1367,151,22,20,34,35,37,9,104,0.000%,.21249,1.35,0.03
GET /items?categoryId=1368,154,13,12,21,26,29,5,32,0.000%,.21672,1.19,0.03
GET /items?categoryId=1369,159,16,13,26,30,38,6,77,0.000%,.22373,1.34,0.04
GET /items?categoryId=1370,118,30,22,72,76,80,12,239,0.000%,.16599,1.06,0.03
GET /items?categoryId=1371,132,36,16,122,194,226,6,228,0.000%,.18571,1.02,0.03
GET /items?categoryId=1372,152,17,12,24,24,161,5,202,0.000%,.21384,1.11,0.03
GET /items?categoryId=1373,122,16,13,27,37,42,5,42,0.000%,.17163,0.95,0.03
GET /items?categoryId=1374,155,14,13,21,24,26,6,42,0.000%,.21805,1.23,0.03
GET /items?categoryId=1375,157,22,15,33,37,144,6,145,0.000%,.22084,1.35,0.04
GET /items?categoryId=1376,122,22,18,40,42,47,11,51,0.000%,.17166,1.09,0.03
GET /items?categoryId=1377,173,26,18,39,54,154,8,161,0.000%,.24338,1.54,0.04
GET /items?categoryId=1378,122,33,32,49,91,100,7,137,0.000%,.17165,1.09,0.03
GET /items?categoryId=1379,135,27,28,44,52,57,8,58,0.000%,.18993,1.20,0.03
GET /items?categoryId=1380,153,23,22,31,40,42,9,93,0.000%,.21523,1.36,0.03
GET /items?categoryId=1381,155,13,13,19,20,35,5,35,0.000%,.21805,1.35,0.03
GET /items?categoryId=1382,145,29,14,128,136,155,7,156,0.000%,.20401,1.15,0.03
GET /items?categoryId=1383,140,27,25,37,43,159,9,163,0.000%,.19697,1.25,0.03
GET /items?categoryId=1384,157,14,13,25,26,27,6,32,0.000%,.22091,1.22,0.04
GET /items?categoryId=1385,128,21,19,33,44,64,9,65,0.000%,.18009,1.14,0.03
GET /items?categoryId=1386,128,16,15,29,34,38,6,39,0.000%,.18011,1.10,0.03
GET /items?categoryId=1387,167,15,14,24,29,33,6,34,0.000%,.23499,1.38,0.04
GET /items?categoryId=1388,130,16,13,29,35,37,6,37,0.000%,.18293,1.08,0.03
GET /items?categoryId=1389,130,16,17,24,26,35,6,65,0.000%,.18293,1.09,0.03
GET /items?categoryId=1390,173,29,23,45,47,162,11,169,0.000%,.24343,1.55,0.04
GET /items?categoryId=1391,148,23,20,35,48,102,5,132,0.000%,.20825,1.16,0.03
GET /items?categoryId=1392,121,19,14,35,63,65,5,66,0.000%,.17027,0.99,0.03
GET /items?categoryId=1393,161,24,22,38,49,71,8,72,0.000%,.22656,1.44,0.04
GET /items?categoryId=1394,120,22,21,31,36,39,9,43,0.000%,.16888,1.07,0.03
GET /items?categoryId=1395,160,25,21,39,53,56,8,59,0.000%,.22516,1.42,0.04
GET /items?categoryId=1396,143,14,12,21,24,40,6,40,0.000%,.20122,1.11,0.03
GET /items?categoryId=1397,135,13,12,21,32,33,6,33,0.000%,.18997,1.03,0.03
GET /items?categoryId=1398,145,14,13,20,25,32,7,35,0.000%,.20404,1.10,0.03
GET /items?categoryId=1399,127,23,16,37,66,141,6,144,0.000%,.17872,1.11,0.03
GET /items?categoryId=1400,116,23,19,41,44,53,10,54,0.000%,.16326,1.05,0.03
GET /items?categoryId=1401,153,26,20,60,81,110,9,112,0.000%,.21534,1.37,0.03
GET /items?categoryId=1402,132,17,13,32,43,55,5,56,0.000%,.18580,1.10,0.03
GET /items?categoryId=1403,153,20,20,28,38,39,8,40,0.000%,.21535,1.37,0.03
GET /items?categoryId=1404,141,14,13,21,29,38,5,40,0.000%,.19848,1.15,0.03
GET /items?categoryId=1405,117,20,18,29,35,44,11,45,0.000%,.16469,1.04,0.03
GET /items?categoryId=1406,147,25,20,32,39,161,9,163,0.000%,.20692,1.31,0.03
GET /items?categoryId=1407,119,33,17,101,121,153,8,161,0.000%,.16751,1.06,0.03
GET /items?categoryId=1408,176,27,17,51,79,107,8,107,0.000%,.24775,1.57,0.04
GET /items?categoryId=1409,121,18,16,28,31,34,9,35,0.000%,.17036,1.08,0.03
GET /items?categoryId=1410,147,16,16,24,25,28,8,28,0.000%,.20697,1.32,0.03
GET /items?categoryId=1411,118,18,16,34,35,36,8,36,0.000%,.16614,1.05,0.03
GET /items?categoryId=1412,121,13,12,19,19,28,5,28,0.000%,.17037,0.99,0.03
GET /items?categoryId=1413,152,17,15,25,26,29,8,99,0.000%,.21402,1.36,0.03
GET /items?categoryId=1414,145,16,10,32,48,102,5,128,0.000%,.20418,1.05,0.03
GET /items?categoryId=1415,136,19,12,46,47,74,5,99,0.000%,.19152,1.12,0.03
GET /items?categoryId=1416,138,21,18,37,49,64,9,65,0.000%,.19433,1.24,0.03
GET /items?categoryId=1417,180,22,17,32,41,99,8,100,0.000%,.25349,1.61,0.04
GET /items?categoryId=1418,118,12,10,20,24,43,5,56,0.000%,.16620,0.86,0.03
GET /items?categoryId=1419,138,22,18,37,51,72,10,73,0.000%,.19435,1.23,0.03
GET /items?categoryId=1420,140,19,16,37,39,41,8,41,0.000%,.19719,1.25,0.03
GET /items?categoryId=1421,163,19,17,29,33,45,9,46,0.000%,.22958,1.46,0.04
GET /items?categoryId=1422,144,22,15,33,35,159,8,159,0.000%,.20283,1.28,0.03
GET /items?categoryId=1423,119,17,11,34,35,61,5,121,0.000%,.16762,0.86,0.03
GET /items?categoryId=1424,121,17,11,36,51,53,6,55,0.000%,.17047,1.00,0.03
GET /items?categoryId=1425,168,12,11,18,29,31,5,35,0.000%,.23667,1.39,0.04
GET /items?categoryId=1426,106,11,11,15,22,22,5,29,0.000%,.14934,0.77,0.02
GET /items?categoryId=1427,111,16,12,24,49,65,5,76,0.000%,.15640,0.92,0.02
GET /items?categoryId=1428,169,14,13,21,26,49,5,51,0.000%,.23810,1.39,0.04
GET /items?categoryId=1429,120,13,11,20,20,45,6,46,0.000%,.16908,0.89,0.03
GET /items?categoryId=1430,135,12,10,18,22,24,5,24,0.000%,.19021,1.05,0.03
GET /items?categoryId=1431,127,21,11,49,59,163,5,199,0.000%,.17893,1.09,0.03
GET /items?categoryId=1432,121,27,18,62,63,83,9,86,0.000%,.17051,1.09,0.03
GET /items?categoryId=1433,141,28,17,66,74,99,8,99,0.000%,.19871,1.26,0.03
GET /items?categoryId=1434,144,21,16,37,51,65,9,72,0.000%,.20294,1.29,0.03
GET /items?categoryId=1435,114,14,11,29,33,62,5,62,0.000%,.16067,0.98,0.03
GET /items?categoryId=1436,151,23,17,52,63,70,8,71,0.000%,.21282,1.35,0.03
GET /items?categoryId=1437,139,21,17,36,58,58,5,59,0.000%,.19592,1.02,0.03
GET /items?categoryId=1438,153,32,19,39,199,202,10,208,0.000%,.21565,1.37,0.03
GET /items?categoryId=1439,139,28,19,52,55,73,9,153,0.000%,.19593,1.25,0.03
GET /items?categoryId=1440,161,22,17,44,48,59,7,60,0.000%,.22699,1.44,0.04
GET /items?categoryId=1441,142,22,18,40,45,64,9,70,0.000%,.20023,1.27,0.03
GET /items?categoryId=1442,170,27,17,68,83,89,9,93,0.000%,.23971,1.52,0.04
GET /items?categoryId=1443,110,16,10,40,50,61,5,62,0.000%,.15511,0.88,0.02
GET /items?categoryId=1444,142,43,16,186,199,209,9,212,0.000%,.20024,1.27,0.03
GET /items?categoryId=1445,131,26,17,51,80,178,8,187,0.000%,.18474,1.18,0.03
GET /items?categoryId=1446,152,28,23,50,68,87,10,105,0.000%,.21442,1.36,0.03
GET /items?categoryId=1447,102,16,10,31,48,67,6,67,0.000%,.14387,0.81,0.02
GET /items?categoryId=1448,104,16,11,31,45,55,5,67,0.000%,.14671,0.90,0.02
GET /items?categoryId=1449,133,19,15,39,52,55,5,55,0.000%,.18763,0.97,0.03
GET /items?categoryId=1450,132,22,17,34,61,64,8,66,0.000%,.18622,1.18,0.03
GET /items?categoryId=1451,152,21,16,44,45,50,9,227,0.000%,.21444,1.36,0.03
GET /items?categoryId=1452,158,34,17,53,205,223,8,237,0.000%,.22292,1.42,0.04
GET /items?categoryId=1453,112,21,16,41,44,57,8,58,0.000%,.15807,1.00,0.03
GET /items?categoryId=1454,159,14,12,20,28,47,5,49,0.000%,.22438,1.40,0.04
GET /items?categoryId=1455,147,28,11,86,90,92,5,92,0.000%,.20747,1.19,0.03
GET /items?categoryId=1456,120,16,12,33,40,40,5,41,0.000%,.16936,1.06,0.03
GET /items?categoryId=1457,149,18,16,29,36,47,9,48,0.000%,.21029,1.34,0.03
GET /items?categoryId=1458,185,12,11,19,22,38,5,57,0.000%,.26109,1.60,0.04
GET /items?categoryId=1459,158,21,18,38,55,57,8,57,0.000%,.22301,1.41,0.04
GET /items?categoryId=1460,103,18,11,48,58,60,5,60,0.000%,.14540,0.90,0.02
GET /items?categoryId=1461,139,21,17,39,46,67,10,68,0.000%,.19625,1.25,0.03
GET /items?categoryId=1462,124,32,18,121,122,123,8,124,0.000%,.17506,1.11,0.03
GET /items?categoryId=1463,178,23,17,37,51,83,9,84,0.000%,.25131,1.59,0.04
GET /items?categoryId=1464,119,26,17,67,92,98,9,99,0.000%,.16803,1.07,0.03
GET /items?categoryId=1465,161,20,11,44,46,91,5,97,0.000%,.22733,1.28,0.04
GET /items?categoryId=1466,174,14,11,24,32,43,6,166,0.000%,.24571,1.45,0.04
GET /items?categoryId=1467,117,25,13,69,77,86,8,90,0.000%,.16527,1.02,0.03
GET /items?categoryId=1468,110,21,13,52,57,60,5,64,0.000%,.15537,0.88,0.02
GET /items?categoryId=1469,159,14,13,21,27,32,5,39,0.000%,.22461,1.26,0.04
GET /items?categoryId=1470,144,19,17,34,39,50,10,52,0.000%,.20342,1.29,0.03
GET /items?categoryId=1471,158,15,15,25,30,41,6,44,0.000%,.22317,1.23,0.04
GET /items?categoryId=1472,99,18,16,30,32,32,10,32,0.000%,.13987,0.89,0.02
GET /items?categoryId=1473,166,22,17,45,48,62,8,188,0.000%,.23451,1.49,0.04
GET /items?categoryId=1474,157,17,13,32,35,46,5,90,0.000%,.22183,1.29,0.04
GET /items?categoryId=1475,107,14,13,23,25,35,5,47,0.000%,.15120,0.94,0.02
GET /items?categoryId=1476,121,21,18,37,40,57,9,58,0.000%,.17098,1.08,0.03
GET /items?categoryId=1477,98,13,11,20,21,43,6,51,0.000%,.13848,0.77,0.02
GET /items?categoryId=1478,141,24,20,39,41,79,10,79,0.000%,.19926,1.27,0.03
GET /items?categoryId=1479,137,22,20,33,40,54,9,57,0.000%,.19360,1.23,0.03
GET /items?categoryId=1480,156,21,18,36,45,47,9,47,0.000%,.22044,1.40,0.04
GET /items?categoryId=1481,124,15,11,33,39,59,7,61,0.000%,.17523,0.93,0.03
GET /items?categoryId=1482,148,23,17,42,62,64,9,65,0.000%,.20918,1.34,0.03
GET /items?categoryId=1483,129,32,18,93,95,99,7,101,0.000%,.18236,1.16,0.03
GET /items?categoryId=1484,165,24,21,38,48,81,10,94,0.000%,.23322,1.48,0.04
GET /items?categoryId=1485,115,15,12,25,38,39,6,40,0.000%,.16256,0.85,0.03
GET /items?categoryId=1486,126,14,13,25,30,31,6,31,0.000%,.17811,0.96,0.03
GET /items?categoryId=1487,186,15,15,23,24,32,6,34,0.000%,.26293,1.45,0.04
GET /items?categoryId=1488,123,24,20,34,44,154,11,154,0.000%,.17388,1.11,0.03
GET /items?categoryId=1489,135,32,19,54,93,156,9,159,0.000%,.19086,1.21,0.03
GET /items?categoryId=1490,127,20,17,35,38,53,8,55,0.000%,.17956,1.14,0.03
GET /items?categoryId=1491,152,19,18,25,29,36,9,40,0.000%,.21492,1.37,0.03
GET /items?categoryId=1492,107,19,18,24,36,37,10,37,0.000%,.15130,0.96,0.02
GET /items?categoryId=1493,144,15,14,20,36,41,5,41,0.000%,.20361,1.05,0.03
GET /items?categoryId=1494,187,15,15,24,30,35,5,36,0.000%,.26441,1.47,0.04
GET /items?categoryId=1495,166,15,15,21,36,37,6,37,0.000%,.23473,1.44,0.04
GET /items?categoryId=1496,143,21,18,26,28,185,10,202,0.000%,.20221,1.28,0.03
GET /items?categoryId=1497,128,23,18,35,38,177,8,198,0.000%,.18100,1.15,0.03
GET /items?categoryId=1498,147,29,19,60,83,89,8,90,0.000%,.20792,1.32,0.03
GET /items?categoryId=1499,160,20,18,36,41,51,8,58,0.000%,.22628,1.44,0.04
GET /items?categoryId=1500,131,12,12,16,18,23,6,23,0.000%,.18529,1.03,0.03
GET /items?categoryId=1501,113,11,11,18,21,21,5,24,0.000%,.15984,0.99,0.03
GET /items?categoryId=1502,133,15,12,31,32,46,5,51,0.000%,.18815,0.99,0.03
GET /items?categoryId=1503,139,14,14,24,30,32,5,32,0.000%,.19661,1.20,0.03
GET /items?categoryId=1504,150,36,18,51,193,205,8,206,0.000%,.21218,1.35,0.03
GET /items?categoryId=1505,150,15,12,31,37,46,5,46,0.000%,.21222,1.17,0.03
GET /items?categoryId=1506,163,14,12,21,24,35,5,64,0.000%,.23063,1.30,0.04
GET /items?categoryId=1507,160,21,21,30,38,47,9,48,0.000%,.22639,1.44,0.04
GET /items?categoryId=1508,112,13,12,20,21,21,6,25,0.000%,.15848,0.88,0.03
GET /items?categoryId=1509,104,19,18,30,35,45,9,46,0.000%,.14717,0.94,0.02
GET /items?categoryId=1510,124,20,19,28,36,39,8,39,0.000%,.17546,1.11,0.03
GET /items?categoryId=1511,152,27,20,48,90,96,10,108,0.000%,.21510,1.38,0.03
GET /items?categoryId=1512,123,21,16,35,41,168,8,172,0.000%,.17406,1.11,0.03
GET /items?categoryId=1513,130,19,16,31,36,56,8,56,0.000%,.18399,1.17,0.03
GET /items?categoryId=1514,175,13,11,22,25,37,6,38,0.000%,.24769,1.31,0.04
GET /items?categoryId=1515,151,13,11,22,23,34,6,37,0.000%,.21373,1.33,0.03
GET /items?categoryId=1516,143,13,11,23,28,39,5,39,0.000%,.20242,1.23,0.03
GET /items?categoryId=1517,135,22,23,31,45,47,8,48,0.000%,.19107,1.22,0.03
GET /items?categoryId=1518,183,13,11,20,28,31,5,32,0.000%,.25901,1.52,0.04
GET /items?categoryId=1519,133,13,13,22,24,34,6,36,0.000%,.18826,0.99,0.03
GET /items?categoryId=1520,97,47,20,180,204,205,8,206,0.000%,.13730,0.87,0.02
GET /items?categoryId=1521,130,17,13,31,34,93,6,93,0.000%,.18405,1.11,0.03
GET /items?categoryId=1522,138,23,21,34,44,49,9,50,0.000%,.19538,1.24,0.03
GET /items?categoryId=1523,153,19,17,28,28,33,9,38,0.000%,.21663,1.38,0.03
GET /items?categoryId=1524,123,15,11,32,38,47,5,48,0.000%,.17417,0.95,0.03
GET /items?categoryId=1525,149,19,16,29,34,38,8,41,0.000%,.21096,1.34,0.03
GET /items?categoryId=1526,145,23,19,30,65,78,9,83,0.000%,.20529,1.30,0.03
GET /items?categoryId=1527,147,27,19,31,38,194,9,201,0.000%,.20815,1.32,0.03
GET /items?categoryId=1528,162,33,18,46,188,201,9,203,0.000%,.22939,1.46,0.04
GET /items?categoryId=1529,97,16,13,36,42,47,6,48,0.000%,.13739,0.77,0.02
GET /items?categoryId=1530,175,21,18,33,34,72,8,108,0.000%,.24786,1.57,0.04
GET /items?categoryId=1531,124,13,13,18,18,23,4,23,0.000%,.17563,1.01,0.03
GET /items?categoryId=1532,135,19,18,26,29,37,9,38,0.000%,.19121,1.21,0.03
GET /items?categoryId=1533,98,18,18,24,25,26,11,26,0.000%,.13882,0.88,0.02
GET /items?categoryId=1534,182,18,17,24,25,28,9,28,0.000%,.25779,1.63,0.04
GET /items?categoryId=1535,166,21,19,26,37,52,11,201,0.000%,.23514,1.49,0.04
GET /items?categoryId=1536,152,19,15,35,41,43,6,43,0.000%,.21533,1.11,0.03
GET /items?categoryId=1537,142,20,18,32,37,40,8,40,0.000%,.20117,1.28,0.03
GET /items?categoryId=1538,158,21,13,33,98,109,5,109,0.000%,.22385,1.15,0.04
GET /items?categoryId=1539,114,16,14,28,30,35,7,37,0.000%,.16153,0.86,0.03
GET /items?categoryId=1540,135,13,13,19,22,26,6,27,0.000%,.19127,1.13,0.03
GET /items?categoryId=1541,124,19,20,24,26,33,9,33,0.000%,.17569,1.12,0.03
GET /items?categoryId=1542,157,25,19,28,31,167,8,177,0.000%,.22245,1.42,0.04
GET /items?categoryId=1543,170,43,18,171,175,176,10,180,0.000%,.24087,1.53,0.04
GET /items?categoryId=1544,141,14,12,22,23,31,7,31,0.000%,.19981,1.24,0.03
GET /items?categoryId=1545,97,16,13,25,38,54,5,56,0.000%,.13747,0.84,0.02
GET /items?categoryId=1546,181,14,14,21,24,27,6,27,0.000%,.25650,1.33,0.04
GET /items?categoryId=1547,164,14,13,24,25,26,6,27,0.000%,.23243,1.34,0.04
GET /items?categoryId=1548,117,20,18,26,31,100,8,113,0.000%,.16582,1.05,0.03
GET /items?categoryId=1549,151,12,12,19,20,21,5,29,0.000%,.21401,1.26,0.03
GET /items?categoryId=1550,122,19,19,28,30,42,9,42,0.000%,.17291,1.10,0.03
GET /items?categoryId=1551,136,28,23,35,57,205,9,207,0.000%,.19274,1.23,0.03
GET /items?categoryId=1552,158,21,20,31,35,56,8,57,0.000%,.22396,1.43,0.04
GET /items?categoryId=1553,152,19,17,28,33,44,9,44,0.000%,.21547,1.37,0.03
GET /items?categoryId=1554,143,25,18,62,85,90,10,90,0.000%,.20272,1.29,0.03
GET /items?categoryId=1555,190,13,12,19,23,24,6,25,0.000%,.26934,1.45,0.04
GET /items?categoryId=1556,145,12,11,18,19,37,6,95,0.000%,.20556,1.11,0.03
GET /items?categoryId=1557,120,13,12,19,23,29,6,67,0.000%,.17012,1.02,0.03
GET /items?categoryId=1558,161,19,18,28,34,37,8,38,0.000%,.22823,1.45,0.04
GET /items?categoryId=1559,153,15,13,25,30,45,6,57,0.000%,.21689,1.36,0.03
GET /items?categoryId=1560,109,13,12,18,21,24,6,24,0.000%,.15455,0.90,0.02
GET /items?categoryId=1561,107,13,13,19,22,29,5,29,0.000%,.15172,0.78,0.02
GET /items?categoryId=1562,155,18,18,22,23,24,10,29,0.000%,.21978,1.40,0.03
GET /items?categoryId=1563,156,11,11,18,19,21,5,23,0.000%,.22118,1.30,0.04
GET /items?categoryId=1564,101,18,17,25,25,26,10,55,0.000%,.14321,0.91,0.02
GET /items?categoryId=1565,131,13,13,20,22,24,6,28,0.000%,.18575,1.13,0.03
GET /items?categoryId=1566,135,14,12,26,28,37,6,37,0.000%,.19142,1.01,0.03
GET /items?categoryId=1567,124,40,13,210,223,229,6,232,0.000%,.17583,0.91,0.03
GET /items?categoryId=1568,165,35,13,130,222,230,7,242,0.000%,.23394,1.24,0.04
GET /items?categoryId=1569,105,14,13,20,23,28,6,28,0.000%,.14894,0.81,0.02
GET /items?categoryId=1570,169,21,18,35,38,43,10,44,0.000%,.23968,1.52,0.04
GET /items?categoryId=1571,162,16,14,30,36,37,5,37,0.000%,.22976,1.43,0.04
GET /items?categoryId=1572,123,21,17,53,54,55,6,56,0.000%,.17446,1.01,0.03
GET /items?categoryId=1573,134,27,22,48,57,74,9,104,0.000%,.19006,1.21,0.03
GET /items?categoryId=1574,186,38,26,104,112,113,10,218,0.000%,.26382,1.68,0.04
GET /items?categoryId=1575,117,19,15,31,52,54,6,54,0.000%,.16602,0.90,0.03
GET /items?categoryId=1576,136,22,21,37,46,65,6,65,0.000%,.19296,1.20,0.03
GET /items?categoryId=1577,150,25,23,41,55,66,9,66,0.000%,.21283,1.35,0.03
GET /items?categoryId=1578,153,14,12,23,24,57,6,68,0.000%,.21710,1.33,0.03
GET /items?categoryId=1579,132,18,12,33,43,79,7,79,0.000%,.18732,1.12,0.03
GET /items?categoryId=1580,143,28,19,61,83,86,10,87,0.000%,.20293,1.29,0.03
GET /items?categoryId=1581,130,42,12,103,279,311,6,313,0.000%,.18448,1.02,0.03
GET /items?categoryId=1582,200,28,15,74,101,103,6,120,0.000%,.28391,1.53,0.05
GET /items?categoryId=1583,107,27,22,73,75,77,6,78,0.000%,.15192,0.95,0.02
GET /items?categoryId=1584,140,30,22,73,99,103,9,105,0.000%,.19877,1.27,0.03
GET /items?categoryId=1585,164,25,21,61,63,64,8,67,0.000%,.23286,1.48,0.04
GET /items?categoryId=1586,176,34,22,46,48,291,10,292,0.000%,.24989,1.59,0.04
GET /items?categoryId=1587,113,28,18,52,54,290,9,294,0.000%,.16046,1.02,0.03
GET /items?categoryId=1588,122,37,18,92,118,122,9,124,0.000%,.17328,1.10,0.03
GET /items?categoryId=1589,143,27,19,61,68,165,10,167,0.000%,.20313,1.29,0.03
GET /items?categoryId=1590,121,37,12,134,147,159,6,173,0.000%,.17190,0.89,0.03
GET /items?categoryId=1591,165,33,13,85,96,115,6,115,0.000%,.23442,1.43,0.04
GET /items?categoryId=1592,151,40,25,93,105,209,9,236,0.000%,.21456,1.37,0.03
GET /items?categoryId=1593,152,24,13,48,95,138,6,138,0.000%,.21603,1.29,0.03
GET /items?categoryId=1594,163,27,12,81,90,145,7,145,0.000%,.23170,1.31,0.04
GET /items?categoryId=1595,128,36,11,157,173,174,6,174,0.000%,.18198,1.01,0.03
GET /items?categoryId=1596,124,76,20,409,432,464,9,465,0.000%,.17630,1.12,0.03
GET /items?categoryId=1597,138,59,18,148,196,444,10,452,0.000%,.19624,1.24,0.03
GET /items?categoryId=1598,126,63,18,182,267,286,10,287,0.000%,.17929,1.14,0.03
GET /items?categoryId=1599,142,55,18,162,421,456,9,458,0.000%,.20205,1.28,0.03
GET /items?categoryId=1600,97,52,14,99,351,415,6,417,0.000%,.13807,0.72,0.02
GET /items?categoryId=1601,184,44,23,104,130,136,12,142,0.000%,.26199,1.66,0.04
GET /items?categoryId=1602,170,46,17,169,217,236,5,244,0.000%,.24211,1.47,0.04
GET /items?categoryId=1603,115,39,12,111,126,165,5,331,0.000%,.16381,0.94,0.03
GET /items?categoryId=1604,160,43,18,141,176,253,12,408,0.000%,.22797,1.45,0.04
GET /items?categoryId=1605,173,49,14,166,172,245,7,249,0.000%,.24662,1.33,0.04
GET /items?categoryId=1606,130,105,18,476,480,515,10,518,0.000%,.18535,1.17,0.03
GET /items?categoryId=1607,127,60,18,232,302,304,10,305,0.000%,.18119,1.16,0.03
GET /items?categoryId=1608,116,28,12,82,112,176,7,218,0.000%,.16554,0.86,0.03
GET /items?categoryId=1609,144,109,22,405,475,477,6,481,0.000%,.20554,1.25,0.03
GET /items?categoryId=1610,163,55,13,200,238,242,6,244,0.000%,.23274,1.25,0.04
GET /items?categoryId=1611,152,60,13,113,392,475,6,476,0.000%,.21711,1.12,0.03
GET /items?categoryId=1612,154,62,21,211,367,382,10,450,0.000%,.22001,1.39,0.04
GET /items?categoryId=1613,147,31,20,70,108,111,11,112,0.000%,.21016,1.34,0.03
GET /items?categoryId=1614,150,18,13,33,49,93,5,94,0.000%,.21444,1.16,0.03
GET /items?categoryId=1615,140,16,13,25,37,72,5,95,0.000%,.20015,1.24,0.03
GET /items?categoryId=1616,121,23,21,41,48,79,9,80,0.000%,.17301,1.10,0.03
GET /items?categoryId=1617,140,86,23,304,307,314,10,315,0.000%,.20018,1.27,0.03
GET /items?categoryId=1618,126,38,23,90,103,114,11,123,0.000%,.18023,1.14,0.03
GET /items?categoryId=1619,132,19,14,37,63,78,5,81,0.000%,.18884,1.18,0.03
GET /items?categoryId=1620,143,27,24,49,69,88,10,89,0.000%,.20459,1.29,0.03
GET /items?categoryId=1621,170,23,16,55,74,94,6,98,0.000%,.24321,1.34,0.04
GET /items?categoryId=1622,149,30,21,44,87,214,10,216,0.000%,.21318,1.35,0.03
GET /items?categoryId=1623,115,33,19,87,90,129,9,206,0.000%,.16456,1.05,0.03
GET /items?categoryId=1624,145,21,13,72,73,89,5,90,0.000%,.20753,1.27,0.03
GET /items?categoryId=1625,194,30,22,69,75,82,12,118,0.000%,.27767,1.76,0.04
GET /items?categoryId=1626,123,25,15,65,70,84,6,85,0.000%,.17606,0.99,0.03
GET /items?categoryId=1627,91,29,20,54,72,76,9,77,0.000%,.13028,0.83,0.02
GET /items?categoryId=1628,122,67,20,271,280,304,10,307,0.000%,.17466,1.11,0.03
GET /items?categoryId=1629,183,41,16,105,159,235,5,267,0.000%,.26198,1.57,0.04
GET /items?categoryId=1630,150,29,21,55,79,86,8,87,0.000%,.21483,1.36,0.03
GET /items?categoryId=1631,123,24,14,63,64,102,5,112,0.000%,.17616,0.99,0.03
GET /items?categoryId=1632,166,30,19,73,118,121,9,122,0.000%,.23775,1.51,0.04
GET /items?categoryId=1633,147,19,13,41,57,83,6,83,0.000%,.21056,1.16,0.03
GET /items?categoryId=1634,166,51,22,144,288,292,8,294,0.000%,.23775,1.51,0.04
GET /items?categoryId=1635,145,30,26,53,61,67,12,67,0.000%,.20775,1.32,0.03
GET /items?categoryId=1636,123,25,19,32,81,124,9,125,0.000%,.17626,1.12,0.03
GET /items?categoryId=1637,146,29,19,91,94,95,9,95,0.000%,.20923,1.33,0.03
GET /items?categoryId=1638,135,39,19,104,107,111,8,111,0.000%,.19346,1.09,0.03
GET /items?categoryId=1639,152,29,19,74,74,91,9,93,0.000%,.21783,1.38,0.03
GET /items?categoryId=1640,107,15,13,23,25,67,6,68,0.000%,.15336,0.89,0.02
GET /items?categoryId=1641,160,29,20,61,68,87,12,89,0.000%,.22936,1.45,0.04
GET /items?categoryId=1642,147,18,14,43,50,55,7,56,0.000%,.21071,1.14,0.03
GET /items?categoryId=1643,111,25,15,43,63,126,9,127,0.000%,.15911,0.93,0.03
GET /items?categoryId=1644,153,23,17,50,84,85,6,85,0.000%,.21932,1.24,0.03
GET /items?categoryId=1645,127,33,22,80,104,117,14,125,0.000%,.18204,1.15,0.03
GET /items?categoryId=1646,161,24,20,46,48,66,11,79,0.000%,.23080,1.46,0.04
GET /items?categoryId=1647,139,19,14,53,54,65,7,74,0.000%,.19931,1.22,0.03
GET /items?categoryId=1648,144,15,14,26,30,37,6,39,0.000%,.20645,1.10,0.03
GET /items?categoryId=1649,151,16,15,22,28,36,7,38,0.000%,.21651,1.22,0.03
GET /items?categoryId=1650,165,23,20,32,43,56,10,58,0.000%,.23659,1.50,0.04
GET /items?categoryId=1651,152,26,21,40,71,118,13,118,0.000%,.21794,1.38,0.03
GET /items?categoryId=1652,96,37,27,74,89,97,10,136,0.000%,.13766,0.87,0.02
GET /items?categoryId=1653,148,23,15,55,77,83,6,83,0.000%,.21219,1.32,0.03
GET /items?categoryId=1654,154,19,17,29,30,55,8,75,0.000%,.22084,1.33,0.04
GET /items?categoryId=1655,136,16,14,27,31,41,7,44,0.000%,.19504,1.12,0.03
GET /items?categoryId=1656,151,37,22,114,118,123,10,129,0.000%,.21654,1.37,0.03
GET /items?categoryId=1657,109,28,21,56,77,121,11,126,0.000%,.15631,0.99,0.02
GET /items?categoryId=1658,169,22,20,32,40,60,10,72,0.000%,.24235,1.54,0.04
GET /items?categoryId=1659,103,29,22,59,77,91,9,94,0.000%,.14773,0.94,0.02
GET /items?categoryId=1660,135,21,20,34,36,60,9,66,0.000%,.19362,1.23,0.03
GET /items?categoryId=1661,177,19,15,42,55,68,8,74,0.000%,.25387,1.53,0.04
GET /items?categoryId=1662,146,22,20,35,39,62,9,64,0.000%,.20940,1.33,0.03
GET /items?categoryId=1663,153,31,23,57,64,83,10,87,0.000%,.21946,1.39,0.03
GET /items?categoryId=1664,104,19,12,56,57,76,5,77,0.000%,.14918,0.91,0.02
GET /items?categoryId=1665,145,18,13,41,73,76,6,76,0.000%,.20799,1.10,0.03
GET /items?categoryId=1666,133,22,14,39,76,105,7,105,0.000%,.19080,1.10,0.03
GET /items?categoryId=1667,132,18,15,32,36,51,7,51,0.000%,.18937,1.18,0.03
GET /items?categoryId=1668,99,22,20,37,38,45,10,46,0.000%,.14203,0.90,0.02
GET /items?categoryId=1669,139,20,18,26,44,46,11,111,0.000%,.19941,1.28,0.03
GET /items?categoryId=1670,171,22,15,39,48,50,5,127,0.000%,.24531,1.50,0.04
GET /items?categoryId=1671,133,17,15,29,31,38,7,39,0.000%,.19083,1.08,0.03
GET /items?categoryId=1672,108,22,21,35,39,40,10,42,0.000%,.15496,0.98,0.02
GET /items?categoryId=1673,124,25,19,41,70,78,9,79,0.000%,.17789,1.13,0.03
GET /items?categoryId=1674,126,24,22,43,48,58,10,62,0.000%,.18077,1.15,0.03
GET /items?categoryId=1675,173,26,21,49,60,77,11,79,0.000%,.24822,1.58,0.04
GET /items?categoryId=1676,125,28,16,64,65,142,6,142,0.000%,.17935,1.10,0.03
GET /items?categoryId=1677,160,26,14,68,109,111,5,141,0.000%,.22958,1.22,0.04
GET /items?categoryId=1678,177,38,23,100,113,128,10,150,0.000%,.25397,1.62,0.04
GET /items?categoryId=1679,121,32,29,60,62,85,9,150,0.000%,.17364,1.10,0.03
GET /items?categoryId=1680,113,30,24,51,87,93,9,93,0.000%,.16218,1.03,0.03
GET /items?categoryId=1681,110,27,19,67,80,95,10,118,0.000%,.15791,1.00,0.03
GET /items?categoryId=1682,155,31,13,125,162,188,5,193,0.000%,.22247,1.15,0.04
GET /items?categoryId=1683,153,36,18,118,124,159,6,168,0.000%,.21963,1.32,0.03
GET /items?categoryId=1684,139,31,22,57,92,94,10,95,0.000%,.19956,1.26,0.03
GET /items?categoryId=1685,136,47,18,116,123,255,5,281,0.000%,.19527,1.06,0.03
GET /items?categoryId=1686,133,24,20,48,50,81,10,91,0.000%,.19101,1.21,0.03
GET /items?categoryId=1687,173,26,16,60,83,84,8,86,0.000%,.24852,1.52,0.04
GET /items?categoryId=1688,106,28,26,52,54,67,11,74,0.000%,.15227,0.96,0.02
GET /items?categoryId=1689,173,23,19,42,56,65,11,76,0.000%,.24851,1.59,0.04
GET /items?categoryId=1690,148,22,22,31,35,49,10,50,0.000%,.21262,1.35,0.03
GET /items?categoryId=1691,168,27,20,56,86,100,9,109,0.000%,.24136,1.53,0.04
GET /items?categoryId=1692,163,33,24,59,70,94,13,99,0.000%,.23417,1.49,0.04
GET /items?categoryId=1693,110,16,14,26,29,45,6,48,0.000%,.15805,0.89,0.03
GET /items?categoryId=1694,120,32,25,40,115,119,10,131,0.000%,.17243,1.10,0.03
GET /items?categoryId=1695,137,25,22,43,56,59,11,59,0.000%,.19686,1.25,0.03
GET /items?categoryId=1696,120,47,36,96,128,131,12,131,0.000%,.17243,1.09,0.03
GET /items?categoryId=1697,171,36,22,76,114,119,9,121,0.000%,.24571,1.56,0.04
GET /items?categoryId=1698,174,21,13,69,72,81,6,137,0.000%,.25004,1.50,0.04
GET /items?categoryId=1699,128,25,14,72,89,98,5,215,0.000%,.18396,1.08,0.03
GET /items?categoryId=1700,155,31,21,69,76,104,9,105,0.000%,.22283,1.41,0.04
GET /items?categoryId=1701,130,23,13,70,90,100,7,101,0.000%,.18691,0.99,0.03
GET /items?categoryId=1702,172,22,18,48,52,71,5,135,0.000%,.24729,1.33,0.04
GET /items?categoryId=1703,157,25,23,34,36,54,12,143,0.000%,.22575,1.43,0.04
GET /items?categoryId=1704,160,40,26,116,128,151,10,210,0.000%,.23006,1.46,0.04
GET /items?categoryId=1705,164,28,22,52,90,92,9,94,0.000%,.23586,1.50,0.04
GET /items?categoryId=1706,142,20,15,45,52,53,7,54,0.000%,.20424,1.18,0.03
GET /items?categoryId=1707,116,31,21,85,86,102,9,103,0.000%,.16683,1.06,0.03
GET /items?categoryId=1708,153,19,13,45,51,79,6,79,0.000%,.22005,1.27,0.04
GET /items?categoryId=1709,142,20,15,37,78,79,6,79,0.000%,.20425,1.21,0.03
GET /items?categoryId=1710,141,26,14,88,91,110,7,117,0.000%,.20283,1.22,0.03
GET /items?categoryId=1711,114,40,17,119,121,144,7,214,0.000%,.16399,0.89,0.03
GET /items?categoryId=1712,126,30,17,56,111,122,7,124,0.000%,.18128,1.13,0.03
GET /items?categoryId=1713,139,27,15,76,76,133,7,142,0.000%,.19998,1.20,0.03
GET /items?categoryId=1714,130,26,17,48,84,85,8,85,0.000%,.18706,1.08,0.03
GET /items?categoryId=1715,106,27,25,38,40,52,11,73,0.000%,.15253,0.97,0.02
GET /items?categoryId=1716,136,30,17,89,90,93,6,94,0.000%,.19571,1.12,0.03
GET /items?categoryId=1717,157,24,21,32,61,76,10,77,0.000%,.22593,1.43,0.04
GET /items?categoryId=1718,118,23,13,53,78,150,7,151,0.000%,.16981,0.92,0.03
GET /items?categoryId=1719,151,23,15,54,76,138,6,141,0.000%,.21735,1.30,0.03
GET /items?categoryId=1720,115,28,20,53,79,81,10,81,0.000%,.16554,1.04,0.03
GET /items?categoryId=1721,158,22,20,34,34,50,7,136,0.000%,.22743,1.42,0.04
GET /items?categoryId=1722,131,30,28,42,43,111,13,125,0.000%,.18856,1.19,0.03
GET /items?categoryId=1723,129,30,29,44,54,55,14,56,0.000%,.18571,1.18,0.03
GET /items?categoryId=1724,130,25,15,82,83,84,6,84,0.000%,.18716,1.06,0.03
GET /items?categoryId=1725,126,34,16,28,229,251,6,265,0.000%,.18139,0.96,0.03
GET /items?categoryId=1726,171,25,15,57,68,83,6,265,0.000%,.24617,1.50,0.04
GET /items?categoryId=1727,125,20,20,30,32,51,10,57,0.000%,.18002,1.14,0.03
GET /items?categoryId=1728,134,25,24,41,44,54,9,55,0.000%,.19296,1.22,0.03
GET /items?categoryId=1729,100,13,12,27,27,27,6,27,0.000%,.14403,0.90,0.02
GET /items?categoryId=1730,148,29,28,37,50,148,10,148,0.000%,.21315,1.35,0.03
GET /items?categoryId=1731,148,39,25,109,135,158,10,158,0.000%,.21316,1.35,0.03
GET /items?categoryId=1732,138,28,22,51,94,124,6,135,0.000%,.19875,1.16,0.03
GET /items?categoryId=1733,120,22,16,41,56,70,8,86,0.000%,.17286,1.00,0.03
GET /items?categoryId=1734,116,26,25,36,55,55,11,55,0.000%,.16713,1.07,0.03
GET /items?categoryId=1735,183,18,14,38,38,49,6,49,0.000%,.26365,1.55,0.04
GET /items?categoryId=1736,140,23,20,32,47,51,10,55,0.000%,.20170,1.29,0.03
GET /items?categoryId=1737,128,24,21,42,44,45,10,46,0.000%,.18441,1.17,0.03
GET /items?categoryId=1738,151,24,19,47,59,61,11,74,0.000%,.21754,1.38,0.03
GET /items?categoryId=1739,171,24,17,56,68,83,5,140,0.000%,.24638,1.50,0.04
GET /items?categoryId=1740,150,45,32,127,131,137,11,137,0.000%,.21615,1.37,0.03
GET /items?categoryId=1741,133,41,27,100,113,135,11,136,0.000%,.19168,1.21,0.03
GET /items?categoryId=1742,156,33,22,79,96,99,10,103,0.000%,.22483,1.42,0.04
GET /items?categoryId=1743,133,29,17,102,102,102,8,102,0.000%,.19172,1.17,0.03
GET /items?categoryId=1744,119,26,23,47,62,66,10,67,0.000%,.17155,1.09,0.03
GET /items?categoryId=1745,132,47,21,181,231,254,11,255,0.000%,.19030,1.20,0.03
GET /items?categoryId=1746,171,28,23,55,58,87,10,89,0.000%,.24657,1.56,0.04
GET /items?categoryId=1747,171,28,18,64,98,119,6,119,0.000%,.24659,1.34,0.04
GET /items?categoryId=1748,132,30,26,45,74,162,10,163,0.000%,.19039,1.21,0.03
GET /items?categoryId=1749,129,21,20,38,51,61,7,69,0.000%,.18606,1.06,0.03
GET /items?categoryId=1750,133,42,17,86,240,295,8,297,0.000%,.19184,1.06,0.03
GET /items?categoryId=1751,178,46,24,90,233,280,12,298,0.000%,.25674,1.63,0.04
GET /items?categoryId=1752,114,27,15,67,85,131,7,131,0.000%,.16449,0.87,0.03
GET /items?categoryId=1753,164,29,16,71,103,105,6,105,0.000%,.23665,1.40,0.04
GET /items?categoryId=1754,130,39,22,112,141,160,11,162,0.000%,.18759,1.19,0.03
GET /items?categoryId=1755,130,30,16,67,107,152,6,170,0.000%,.18763,0.97,0.03
GET /items?categoryId=1756,139,36,25,70,85,126,10,130,0.000%,.20070,1.28,0.03
GET /items?categoryId=1757,146,37,34,66,87,89,9,99,0.000%,.21078,1.34,0.03
GET /items?categoryId=1758,142,35,21,91,93,110,11,111,0.000%,.20503,1.29,0.03
GET /items?categoryId=1759,167,24,16,58,84,91,8,91,0.000%,.24113,1.44,0.04
GET /items?categoryId=1761,124,53,17,281,360,394,7,395,0.000%,.17908,0.97,0.03
GET /items?categoryId=1760,97,32,23,74,75,99,11,100,0.000%,.14009,0.89,0.02
GET /items?categoryId=1762,149,69,16,328,359,361,6,362,0.000%,.21519,1.12,0.03
GET /items?categoryId=1763,129,26,15,75,95,125,8,125,0.000%,.18637,1.07,0.03
GET /items?categoryId=1764,162,29,23,56,82,82,10,91,0.000%,.23406,1.49,0.04
GET /items?categoryId=1765,163,26,18,51,68,86,7,99,0.000%,.23554,1.35,0.04
GET /items?categoryId=1766,145,47,21,203,259,276,7,278,0.000%,.20954,1.10,0.03
GET /items?categoryId=1767,152,46,16,252,258,260,6,261,0.000%,.21967,1.19,0.03
GET /items?categoryId=1768,147,26,25,38,44,61,14,63,0.000%,.21250,1.35,0.03
GET /items?categoryId=1769,125,43,35,81,109,113,11,114,0.000%,.18070,1.14,0.03
GET /items?categoryId=1770,179,27,25,40,48,65,11,81,0.000%,.25878,1.65,0.04
GET /items?categoryId=1771,133,18,16,38,42,52,6,54,0.000%,.19229,1.00,0.03
GET /items?categoryId=1772,114,24,15,53,80,107,6,114,0.000%,.16483,0.87,0.03
GET /items?categoryId=1773,170,35,26,72,76,149,12,266,0.000%,.24577,1.57,0.04
GET /items?categoryId=1774,135,22,21,32,46,56,6,60,0.000%,.19523,1.22,0.03
GET /items?categoryId=1775,164,18,16,33,34,56,7,57,0.000%,.23721,1.25,0.04
GET /items?categoryId=1776,137,24,22,42,43,75,10,75,0.000%,.19816,1.26,0.03
GET /items?categoryId=1777,151,25,19,63,67,95,6,98,0.000%,.21839,1.34,0.03
GET /items?categoryId=1778,140,27,18,61,85,87,6,87,0.000%,.20248,1.07,0.03
GET /items?categoryId=1779,136,25,16,54,64,91,6,239,0.000%,.19671,1.02,0.03
GET /items?categoryId=1780,105,27,20,62,68,98,10,99,0.000%,.15192,0.97,0.02
GET /items?categoryId=1781,103,23,16,46,48,59,6,60,0.000%,.14903,0.82,0.02
GET /items?categoryId=1782,188,28,19,64,95,120,5,147,0.000%,.27200,1.69,0.04
GET /items?categoryId=1783,149,25,21,53,70,74,7,95,0.000%,.21561,1.27,0.03
GET /items?categoryId=1784,118,27,25,38,61,63,8,64,0.000%,.17077,1.08,0.03
GET /items?categoryId=1785,126,28,26,38,38,60,9,61,0.000%,.18233,1.16,0.03
GET /items?categoryId=1786,124,51,30,110,167,201,10,202,0.000%,.17941,1.14,0.03
GET /items?categoryId=1787,132,44,28,102,106,110,15,112,0.000%,.19106,1.21,0.03
GET /items?categoryId=1788,143,30,24,50,73,76,11,79,0.000%,.20700,1.32,0.03
GET /items?categoryId=1789,119,23,20,28,57,74,10,83,0.000%,.17226,1.09,0.03
GET /items?categoryId=1790,111,18,15,34,41,56,7,56,0.000%,.16068,0.96,0.03
GET /items?categoryId=1791,181,32,28,53,61,125,11,155,0.000%,.26201,1.67,0.04
GET /items?categoryId=1792,125,25,22,40,49,145,7,162,0.000%,.18098,1.10,0.03
GET /items?categoryId=1793,144,29,24,48,70,92,9,218,0.000%,.20846,1.32,0.03
GET /items?categoryId=1794,111,44,22,117,119,125,11,125,0.000%,.16073,1.02,0.03
GET /items?categoryId=1795,170,18,14,38,48,58,6,66,0.000%,.24617,1.39,0.04
GET /items?categoryId=1796,149,33,27,63,78,87,12,115,0.000%,.21577,1.37,0.03
GET /items?categoryId=1797,140,29,17,63,97,110,6,110,0.000%,.20275,1.24,0.03
GET /items?categoryId=1798,175,41,15,212,231,239,5,256,0.000%,.25343,1.57,0.04
GET /items?categoryId=1799,146,34,26,61,69,154,11,154,0.000%,.21149,1.34,0.03
GET /items?categoryId=1800,155,42,34,67,119,133,12,133,0.000%,.22455,1.42,0.04
GET /items?categoryId=1801,138,21,16,39,54,94,7,106,0.000%,.19996,1.03,0.03
GET /items?categoryId=1802,128,29,16,70,103,105,7,105,0.000%,.18548,1.12,0.03
GET /items?categoryId=1803,182,40,20,60,214,238,7,238,0.000%,.26375,1.49,0.04
GET /items?categoryId=1804,168,33,23,53,85,248,12,248,0.000%,.24347,1.55,0.04
GET /items?categoryId=1805,105,25,21,35,59,116,9,116,0.000%,.15222,0.95,0.02
GET /items?categoryId=1806,172,30,19,85,86,117,7,118,0.000%,.24937,1.50,0.04
GET /items?categoryId=1807,151,34,18,92,117,122,7,158,0.000%,.21892,1.13,0.03
GET /items?categoryId=1808,110,46,24,76,250,268,8,270,0.000%,.15952,0.86,0.03
GET /items?categoryId=1809,114,55,20,248,249,250,8,251,0.000%,.16532,0.94,0.03
GET /items?categoryId=1810,122,33,26,50,65,86,12,257,0.000%,.17690,1.12,0.03
GET /items?categoryId=1811,164,23,15,67,69,70,7,78,0.000%,.23788,1.43,0.04
GET /items?categoryId=1812,108,24,16,36,75,80,7,81,0.000%,.15669,0.83,0.02
GET /items?categoryId=1813,159,27,21,41,68,87,10,88,0.000%,.23064,1.46,0.04
GET /items?categoryId=1814,145,17,14,24,32,69,6,70,0.000%,.21038,1.21,0.03
GET /items?categoryId=1815,169,26,20,50,69,81,7,218,0.000%,.24521,1.47,0.04
GET /items?categoryId=1816,167,40,31,76,86,153,10,172,0.000%,.24234,1.54,0.04
GET /items?categoryId=1817,141,30,24,44,55,76,14,91,0.000%,.20461,1.30,0.03
GET /items?categoryId=1818,155,37,25,84,91,117,12,125,0.000%,.22495,1.43,0.04
GET /items?categoryId=1819,161,22,17,43,51,56,7,59,0.000%,.23368,1.32,0.04
GET /items?categoryId=1820,165,23,16,31,101,111,5,125,0.000%,.23950,1.35,0.04
GET /items?categoryId=1821,114,26,15,87,104,110,6,111,0.000%,.16549,0.92,0.03
GET /items?categoryId=1822,132,23,21,36,42,56,10,57,0.000%,.19162,1.22,0.03
GET /items?categoryId=1823,148,28,17,64,80,98,6,99,0.000%,.21485,1.31,0.03
GET /items?categoryId=1824,169,37,23,108,142,161,9,167,0.000%,.24537,1.26,0.04
GET /items?categoryId=1825,121,46,32,84,133,173,12,174,0.000%,.17568,1.12,0.03
GET /items?categoryId=1826,104,31,22,51,87,92,11,116,0.000%,.15102,0.96,0.02
GET /items?categoryId=1827,157,23,17,46,55,81,6,82,0.000%,.22798,1.28,0.04
GET /items?categoryId=1828,175,25,18,43,78,101,6,102,0.000%,.25414,1.52,0.04
GET /items?categoryId=1829,109,31,23,63,78,111,10,111,0.000%,.15832,1.01,0.03
GET /items?categoryId=1830,163,32,22,88,94,113,11,115,0.000%,.23675,1.50,0.04
GET /items?categoryId=1831,163,30,17,83,97,111,6,112,0.000%,.23675,1.42,0.04
GET /items?categoryId=1832,145,48,32,108,117,159,10,163,0.000%,.21061,1.34,0.03
GET /items?categoryId=1833,118,33,27,63,80,115,9,115,0.000%,.17143,0.91,0.03
GET /items?categoryId=1834,114,31,25,75,77,79,9,79,0.000%,.16564,1.05,0.03
GET /items?categoryId=1835,158,21,19,38,47,51,8,51,0.000%,.22954,1.32,0.04
GET /items?categoryId=1836,162,21,18,36,44,61,6,64,0.000%,.23537,1.40,0.04
GET /items?categoryId=1837,141,27,24,43,62,68,10,69,0.000%,.20485,1.30,0.03
GET /items?categoryId=1838,125,23,21,28,39,44,11,67,0.000%,.18163,1.15,0.03
GET /items?categoryId=1839,179,25,20,28,36,194,10,202,0.000%,.26010,1.65,0.04
GET /items?categoryId=1840,152,48,27,188,193,202,11,204,0.000%,.22088,1.41,0.04
GET /items?categoryId=1841,144,52,40,123,130,139,10,171,0.000%,.20922,1.33,0.03
GET /items?categoryId=1842,142,32,26,65,86,126,10,128,0.000%,.20631,1.31,0.03
GET /items?categoryId=1843,153,25,19,57,77,79,6,79,0.000%,.22230,1.14,0.04
GET /items?categoryId=1844,101,20,18,46,47,47,6,53,0.000%,.14679,0.76,0.02
GET /items?categoryId=1845,177,27,25,40,48,69,13,71,0.000%,.25720,1.64,0.04
GET /items?categoryId=1846,94,32,23,68,81,94,11,96,0.000%,.13660,0.87,0.02
GET /items?categoryId=1847,142,29,21,46,78,176,11,182,0.000%,.20636,1.31,0.03
GET /items?categoryId=1848,111,44,17,167,170,174,6,176,0.000%,.16133,0.89,0.03
GET /items?categoryId=1849,134,38,24,106,123,126,12,127,0.000%,.19476,1.24,0.03
GET /items?categoryId=1850,140,38,30,74,82,152,11,152,0.000%,.20344,1.29,0.03
GET /items?categoryId=1851,133,28,27,40,41,52,12,68,0.000%,.19330,1.23,0.03
GET /items?categoryId=1852,126,17,15,32,37,37,6,38,0.000%,.18313,1.14,0.03
GET /items?categoryId=1853,134,18,16,34,34,58,7,84,0.000%,.19476,1.01,0.03
GET /items?categoryId=1854,123,38,26,105,108,110,12,110,0.000%,.17878,1.14,0.03
GET /items?categoryId=1855,148,39,29,87,127,130,11,130,0.000%,.21510,1.36,0.03
GET /items?categoryId=1856,150,43,22,135,152,160,10,161,0.000%,.21803,1.39,0.03
GET /items?categoryId=1858,146,31,15,90,101,165,7,169,0.000%,.21224,1.30,0.03
GET /items?categoryId=1857,99,33,24,62,89,91,11,112,0.000%,.14393,0.92,0.02
GET /items?categoryId=1859,128,33,24,69,90,92,13,92,0.000%,.18605,1.18,0.03
GET /items?categoryId=1860,125,28,21,60,62,119,8,142,0.000%,.18174,1.11,0.03
GET /items?categoryId=1861,163,21,18,37,57,58,8,58,0.000%,.23697,1.45,0.04
GET /items?categoryId=1862,111,24,22,35,48,53,14,53,0.000%,.16138,1.02,0.03
GET /items?categoryId=1863,121,35,16,89,115,140,7,140,0.000%,.17593,0.95,0.03
GET /items?categoryId=1864,180,26,22,49,59,64,10,65,0.000%,.26171,1.66,0.04
GET /items?categoryId=1865,151,36,16,154,159,163,7,164,0.000%,.21958,1.24,0.03
GET /items?categoryId=1866,160,20,15,43,48,57,7,72,0.000%,.23268,1.45,0.04
GET /items?categoryId=1867,132,33,24,55,56,149,13,193,0.000%,.19197,1.22,0.03
GET /items?categoryId=1868,115,37,29,58,101,122,12,125,0.000%,.16722,1.06,0.03
GET /items?categoryId=1869,117,32,20,70,111,117,9,117,0.000%,.17015,0.94,0.03
GET /items?categoryId=1870,136,25,23,35,58,71,11,72,0.000%,.19776,1.26,0.03
GET /items?categoryId=1871,116,17,15,26,37,57,8,58,0.000%,.16868,0.89,0.03
GET /items?categoryId=1872,161,18,17,29,31,44,7,47,0.000%,.23413,1.24,0.04
GET /items?categoryId=1873,145,19,16,30,45,58,7,68,0.000%,.21084,1.29,0.03
GET /items?categoryId=1874,137,37,29,57,59,177,13,182,0.000%,.19925,1.27,0.03
GET /items?categoryId=1875,138,28,24,49,53,66,12,74,0.000%,.20070,1.28,0.03
GET /items?categoryId=1876,157,31,25,47,48,147,13,147,0.000%,.22833,1.45,0.04
GET /items?categoryId=1877,117,30,24,60,83,100,7,107,0.000%,.17014,0.98,0.03
GET /items?categoryId=1878,139,35,30,69,70,101,15,101,0.000%,.20213,1.28,0.03
GET /items?categoryId=1879,126,37,24,101,125,127,14,128,0.000%,.18325,1.17,0.03
GET /items?categoryId=1880,142,30,21,65,94,121,11,122,0.000%,.20652,1.31,0.03
GET /items?categoryId=1881,114,30,14,94,95,100,7,111,0.000%,.16582,0.90,0.03
GET /items?categoryId=1882,156,30,22,62,96,99,10,160,0.000%,.22689,1.44,0.04
GET /items?categoryId=1883,110,26,23,40,42,72,13,72,0.000%,.16002,1.02,0.03
GET /items?categoryId=1884,137,19,15,37,44,64,6,65,0.000%,.19931,1.15,0.03
GET /items?categoryId=1885,137,36,29,66,81,146,12,175,0.000%,.19931,1.27,0.03
GET /items?categoryId=1886,137,30,24,54,69,79,13,92,0.000%,.19931,1.26,0.03
GET /items?categoryId=1887,106,30,21,71,87,100,9,102,0.000%,.15422,0.82,0.02
GET /items?categoryId=1888,154,23,19,55,73,77,7,78,0.000%,.22404,1.34,0.04
GET /items?categoryId=1889,162,18,17,26,39,44,8,75,0.000%,.23569,1.27,0.04
GET /items?categoryId=1890,93,28,23,51,58,77,11,78,0.000%,.13533,0.86,0.02
GET /items?categoryId=1891,145,36,17,76,160,168,7,168,0.000%,.21099,1.26,0.03
GET /items?categoryId=1892,172,40,26,103,109,157,11,173,0.000%,.25027,1.59,0.04
GET /items?categoryId=1893,151,27,22,40,73,75,11,99,0.000%,.21974,1.39,0.03
GET /items?categoryId=1894,118,34,24,76,86,108,7,119,0.000%,.17173,1.03,0.03
GET /items?categoryId=1895,140,32,23,85,107,109,7,110,0.000%,.20374,1.13,0.03
GET /items?categoryId=1896,157,47,28,120,124,126,11,133,0.000%,.22847,1.45,0.04
GET /items?categoryId=1897,154,26,22,40,53,86,13,97,0.000%,.22414,1.43,0.04
GET /items?categoryId=1898,150,43,23,79,175,189,13,190,0.000%,.21832,1.38,0.03
GET /items?categoryId=1899,144,60,23,176,185,191,14,200,0.000%,.20960,1.33,0.03
GET /items?categoryId=1900,135,29,22,52,69,91,13,92,0.000%,.19649,1.24,0.03
GET /items?categoryId=1901,132,18,14,37,41,54,6,82,0.000%,.19217,1.15,0.03
GET /items?categoryId=1902,118,22,18,43,50,59,6,61,0.000%,.17179,0.97,0.03
GET /items?categoryId=1903,150,28,23,52,61,70,12,71,0.000%,.21837,1.38,0.03
GET /items?categoryId=1904,157,22,18,38,83,84,7,85,0.000%,.22853,1.42,0.04
GET /items?categoryId=1905,142,24,19,43,83,125,7,125,0.000%,.20672,1.07,0.03
GET /items?categoryId=1906,103,28,23,57,57,58,10,58,0.000%,.14996,0.95,0.02
GET /items?categoryId=1907,163,28,24,43,48,78,12,203,0.000%,.23730,1.51,0.04
GET /items?categoryId=1908,130,31,28,46,56,61,14,61,0.000%,.18926,1.20,0.03
GET /items?categoryId=1909,125,21,17,38,45,50,7,50,0.000%,.18200,1.05,0.03
GET /items?categoryId=1910,158,26,25,39,46,59,13,59,0.000%,.23004,1.47,0.04
GET /items?categoryId=1911,106,20,14,35,47,53,7,166,0.000%,.15435,0.82,0.02
GET /items?categoryId=1912,164,28,24,47,62,87,12,88,0.000%,.23879,1.51,0.04
GET /items?categoryId=1913,171,23,15,43,73,87,6,107,0.000%,.24895,1.43,0.04
GET /items?categoryId=1914,115,31,28,43,48,76,12,82,0.000%,.16744,1.06,0.03
GET /items?categoryId=1915,165,22,20,40,40,67,9,79,0.000%,.24026,1.24,0.04
GET /items?categoryId=1916,131,23,19,49,59,69,8,69,0.000%,.19077,1.01,0.03
GET /items?categoryId=1917,171,22,15,53,60,71,6,72,0.000%,.24899,1.52,0.04
GET /items?categoryId=1918,145,19,18,30,39,76,7,79,0.000%,.21114,1.12,0.03
GET /items?categoryId=1919,147,33,24,58,91,138,13,141,0.000%,.21407,1.35,0.03
GET /items?categoryId=1920,125,30,25,55,77,85,15,86,0.000%,.18206,1.16,0.03
GET /items?categoryId=1921,154,27,24,43,63,67,13,68,0.000%,.22430,1.43,0.04
GET /items?categoryId=1922,117,43,27,119,124,126,7,126,0.000%,.17039,0.90,0.03
GET /items?categoryId=1923,165,31,26,61,72,108,13,110,0.000%,.24030,1.53,0.04
GET /items?categoryId=1924,164,28,20,63,99,100,7,104,0.000%,.23885,1.34,0.04
GET /items?categoryId=1925,152,23,17,56,81,84,8,86,0.000%,.22137,1.17,0.04
GET /items?categoryId=1926,136,28,23,49,52,62,13,62,0.000%,.19808,1.26,0.03
GET /items?categoryId=1927,148,32,27,44,78,131,14,131,0.000%,.21559,1.37,0.03
GET /items?categoryId=1928,106,22,17,51,51,70,8,70,0.000%,.15441,0.87,0.02
GET /items?categoryId=1929,114,20,15,46,55,63,6,64,0.000%,.16606,1.01,0.03
GET /items?categoryId=1930,111,25,23,42,43,51,14,113,0.000%,.16170,1.03,0.03
GET /items?categoryId=1931,156,42,28,98,110,113,10,114,0.000%,.22723,1.44,0.04
GET /items?categoryId=1932,160,32,26,68,71,89,13,91,0.000%,.23305,1.48,0.04
GET /items?categoryId=1933,172,23,21,37,44,49,7,54,0.000%,.25053,1.38,0.04
GET /items?categoryId=1934,122,22,17,47,64,65,7,65,0.000%,.17771,0.96,0.03
GET /items?categoryId=1935,118,18,17,28,31,53,7,53,0.000%,.17190,0.89,0.03
GET /items?categoryId=1936,158,22,20,38,48,49,8,49,0.000%,.23020,1.19,0.04
GET /items?categoryId=1937,164,20,18,33,34,43,6,53,0.000%,.23891,1.38,0.04
GET /items?categoryId=1938,132,29,27,56,65,71,12,73,0.000%,.19229,1.22,0.03
GET /items?categoryId=1939,148,24,18,41,61,85,7,172,0.000%,.21559,1.14,0.03
GET /items?categoryId=1940,122,22,20,27,61,72,7,96,0.000%,.17773,1.11,0.03
GET /items?categoryId=1941,136,22,18,46,48,55,7,56,0.000%,.19813,1.12,0.03
GET /items?categoryId=1942,155,26,18,38,109,122,7,122,0.000%,.22582,1.17,0.04
GET /items?categoryId=1943,146,27,19,62,86,86,7,88,0.000%,.21272,1.20,0.03
GET /items?categoryId=1944,127,31,25,49,59,81,12,85,0.000%,.18506,1.18,0.03
GET /items?categoryId=1945,142,36,33,48,76,126,14,126,0.000%,.20690,1.31,0.03
GET /items?categoryId=1946,131,20,17,36,43,56,6,57,0.000%,.19088,1.12,0.03
GET /items?categoryId=1947,110,33,25,50,65,195,15,207,0.000%,.16030,1.02,0.03
GET /items?categoryId=1948,142,52,32,131,140,143,10,144,0.000%,.20689,1.32,0.03
GET /items?categoryId=1949,161,31,21,77,81,106,9,151,0.000%,.23459,1.46,0.04
GET /items?categoryId=1950,120,24,21,49,62,64,8,65,0.000%,.17488,1.01,0.03
GET /items?categoryId=1951,137,23,18,48,52,55,7,60,0.000%,.19964,1.08,0.03
GET /items?categoryId=1952,127,16,16,23,24,32,8,32,0.000%,.18507,1.06,0.03
GET /items?categoryId=1953,192,21,17,42,54,64,8,83,0.000%,.27980,1.52,0.04
GET /items?categoryId=1954,143,26,19,46,81,83,6,83,0.000%,.20840,1.30,0.03
GET /items?categoryId=1955,123,47,28,73,186,217,11,217,0.000%,.17925,1.14,0.03
GET /items?categoryId=1956,139,21,20,39,41,60,9,64,0.000%,.20261,1.16,0.03
GET /items?categoryId=1957,147,45,29,126,133,139,13,139,0.000%,.21423,1.36,0.03
GET /items?categoryId=1958,121,20,15,31,37,133,6,134,0.000%,.17635,1.04,0.03
GET /items?categoryId=1959,94,20,20,26,27,36,11,36,0.000%,.13701,0.87,0.02
GET /items?categoryId=1960,132,15,15,22,27,30,6,31,0.000%,.19239,1.01,0.03
GET /items?categoryId=1961,180,15,14,24,27,33,6,37,0.000%,.26233,1.37,0.04
GET /items?categoryId=1962,122,17,14,28,29,35,6,134,0.000%,.17780,1.08,0.03
GET /items?categoryId=1963,123,30,20,42,45,184,13,199,0.000%,.17927,1.14,0.03
GET /items?categoryId=1964,116,27,20,34,37,229,12,235,0.000%,.16906,1.07,0.03
GET /items?categoryId=1965,147,14,14,22,24,30,6,31,0.000%,.21424,1.19,0.03
GET /items?categoryId=1966,146,30,24,41,107,129,9,135,0.000%,.21274,1.34,0.03
GET /items?categoryId=1967,145,17,13,23,26,133,6,147,0.000%,.21127,1.30,0.03
GET /items?categoryId=1968,129,13,11,21,22,26,6,26,0.000%,.18796,1.17,0.03
GET /items?categoryId=1969,179,20,20,27,28,30,9,31,0.000%,.26080,1.65,0.04
GET /items?categoryId=1970,148,51,17,153,164,180,7,185,0.000%,.21565,1.20,0.03
GET /items?categoryId=1971,126,44,23,148,180,198,11,199,0.000%,.18359,1.17,0.03
GET /items?categoryId=1972,156,22,20,32,39,51,10,56,0.000%,.22730,1.44,0.04
GET /items?categoryId=1973,144,21,20,29,30,31,10,34,0.000%,.20981,1.33,0.03
GET /items?categoryId=1974,156,29,21,38,125,126,11,149,0.000%,.22725,1.45,0.04
GET /items?categoryId=1975,155,22,21,29,34,36,12,48,0.000%,.22580,1.44,0.04
GET /items?categoryId=1976,113,23,23,36,38,46,14,46,0.000%,.16464,1.05,0.03
GET /items?categoryId=1977,163,20,20,28,31,36,12,46,0.000%,.23747,1.51,0.04
GET /items?categoryId=1978,108,25,19,36,55,168,12,172,0.000%,.15733,1.00,0.03
GET /items?categoryId=1979,184,18,17,28,32,47,6,108,0.000%,.26804,1.63,0.04
GET /items?categoryId=1980,146,14,13,25,31,37,5,37,0.000%,.21268,1.13,0.03
GET /items?categoryId=1981,111,17,16,31,35,35,6,36,0.000%,.16171,0.91,0.03
GET /items?categoryId=1982,120,22,21,31,36,42,12,43,0.000%,.17482,1.11,0.03
GET /items?categoryId=1983,113,16,14,24,27,35,6,36,0.000%,.16458,0.99,0.03
GET /items?categoryId=1984,134,23,22,35,36,38,12,38,0.000%,.19519,1.23,0.03
GET /items?categoryId=1985,150,20,20,24,26,28,10,30,0.000%,.21848,1.39,0.03
GET /items?categoryId=1986,162,48,21,154,238,249,11,254,0.000%,.23596,1.50,0.04
GET /items?categoryId=1987,138,18,15,32,35,45,6,45,0.000%,.20099,1.20,0.03
GET /items?categoryId=1988,169,15,13,23,28,40,7,46,0.000%,.24615,1.50,0.04
GET /items?categoryId=1989,124,15,14,23,26,36,6,39,0.000%,.18060,1.02,0.03
GET /items?categoryId=1990,138,14,13,20,23,33,6,39,0.000%,.20099,1.09,0.03
GET /items?categoryId=1991,161,18,14,31,43,74,7,140,0.000%,.23444,1.38,0.04
GET /items?categoryId=1992,139,23,17,33,57,139,5,140,0.000%,.20244,1.05,0.03
GET /items?categoryId=1993,150,20,14,25,30,143,6,157,0.000%,.21844,1.34,0.03
GET /items?categoryId=1994,90,14,13,20,25,28,5,79,0.000%,.13106,0.68,0.02
GET /items?categoryId=1995,152,37,25,48,160,172,11,172,0.000%,.22133,1.41,0.04
GET /items?categoryId=1996,182,27,22,47,53,56,11,98,0.000%,.26501,1.69,0.04
GET /items?categoryId=1997,124,14,13,23,28,32,6,32,0.000%,.18058,0.93,0.03
GET /items?categoryId=1998,121,20,19,30,31,32,9,33,0.000%,.17620,1.12,0.03
GET /items?categoryId=1999,128,16,14,32,36,44,7,47,0.000%,.18638,1.16,0.03
GET /items?categoryId=2000,170,49,16,248,302,322,7,322,5.294%,.24749,1.47,0.04
TOTAL,424616,20,15,36,54,146,0,518,0.002%,416.33959,1784.08,62.86
